race_id,race_date,venue,grade,distance,c,winners,udist,minp,maxp,status,reason
RICH_2025-08-31_11,2025-08-31,RICH,5,320,7,1,6,1,7,FAIL,duplicate_positions
HEA_2025-08-29_3,2025-08-29,HEA,"Grade 5 T3",300,7,0,5,3,8,FAIL,no_winner
CASO_2025-08-28_3,2025-08-28,CASO,M1/M2/M3,450,3,0,3,2,4,FAIL,no_winner
CAPALABA_2025-08-24_5,2025-08-24,CAPALABA,M5,366,6,0,3,4,8,FAIL,no_winner
GRAFTON_2025-08-24_7,2025-08-24,GRAFTON,5,350,5,1,4,1,6,FAIL,duplicate_positions
HEA_2025-08-24_10,2025-08-24,HEA,"Grade 7",400,6,1,5,1,7,FAIL,duplicate_positions
MOUNT_2025-08-24_9,2025-08-24,MOUNT,5,512,4,0,2,2,3,FAIL,no_winner
MURR_2025-08-24_3,2025-08-24,MURR,6,395,5,1,5,1,6,FAIL,max_out_of_range
BAL_2025-08-23_10,2025-08-23,BAL,"Grade 5 T3",450,5,1,5,1,8,FAIL,max_out_of_range
BAL_2025-08-23_11,2025-08-23,BAL,"Grade 5 T3",390,5,1,4,1,7,FAIL,duplicate_positions
CANN_2025-08-23_1,2025-08-23,CANN,M,520,7,0,5,2,7,FAIL,no_winner
CANN_2025-08-23_11,2025-08-23,CANN,4/5,601,4,0,4,2,8,FAIL,no_winner
CANN_2025-08-23_2,2025-08-23,CANN,NOV,520,7,1,6,1,7,FAIL,duplicate_positions
CANN_2025-08-23_5,2025-08-23,CANN,4/5,520,5,0,5,2,8,FAIL,no_winner
CANN_2025-08-23_9,2025-08-23,CANN,5,520,5,0,4,3,8,FAIL,no_winner
DUBBO_2025-08-23_1,2025-08-23,DUBBO,5,400,4,1,4,1,7,FAIL,max_out_of_range
DUBBO_2025-08-23_4,2025-08-23,DUBBO,NG1-4,400,6,0,5,3,8,FAIL,no_winner
DUBBO_2025-08-23_5,2025-08-23,DUBBO,5,400,7,1,3,1,8,FAIL,duplicate_positions
DUBBO_2025-08-23_8,2025-08-23,DUBBO,NG1-4,340,6,1,5,1,5,FAIL,duplicate_positions
DUBBO_2025-08-23_9,2025-08-23,DUBBO,5,318,6,0,3,2,6,FAIL,no_winner
MEADOWS_2025-08-23_1,2025-08-23,MEADOWS,"Grade 7",450,4,0,3,2,6,FAIL,no_winner
MEADOWS_2025-08-23_12,2025-08-23,MEADOWS,"Mixed 3/4",425,5,1,3,1,3,FAIL,duplicate_positions
MEADOWS_2025-08-23_6,2025-08-23,MEADOWS,"Grade 5",515,5,1,4,1,8,FAIL,duplicate_positions
MEADOWS_2025-08-23_7,2025-08-23,MEADOWS,"Grade 5",525,5,1,3,1,8,FAIL,duplicate_positions
MUSWELLBROOK_2025-08-23_11,2025-08-23,MUSWELLBROOK,M3,340,7,1,5,1,7,FAIL,duplicate_positions
MUSWELLBROOK_2025-08-23_3,2025-08-23,MUSWELLBROOK,NG1-4,318,4,0,3,4,6,FAIL,no_winner
MUSWELLBROOK_2025-08-23_6,2025-08-23,MUSWELLBROOK,5,520,3,0,3,5,8,FAIL,no_winner
MUSWELLBROOK_2025-08-23_8,2025-08-23,MUSWELLBROOK,NG1-4,400,4,0,4,2,7,FAIL,no_winner
TAREE_2025-08-23_11,2025-08-23,TAREE,5,300,7,1,6,1,7,FAIL,duplicate_positions
TAREE_2025-08-23_2,2025-08-23,TAREE,M,300,6,1,3,1,3,FAIL,duplicate_positions
TAREE_2025-08-23_3,2025-08-23,TAREE,5,515,7,1,6,1,8,FAIL,duplicate_positions
TAREE_2025-08-23_6,2025-08-23,TAREE,5,300,5,1,5,1,8,FAIL,max_out_of_range
TAREE_2025-08-23_7,2025-08-23,TAREE,5,400,6,1,3,1,8,FAIL,duplicate_positions
WPK_2025-08-23_1,2025-08-23,WPK,MX,516,5,1,4,1,5,FAIL,duplicate_positions
WPK_2025-08-23_2,2025-08-23,WPK,3/4,340,5,0,3,3,7,FAIL,no_winner
WPK_2025-08-23_5,2025-08-23,WPK,NG,720,5,1,5,1,6,FAIL,max_out_of_range
WPK_2025-08-23_6,2025-08-23,WPK,4/5,520,5,0,4,3,7,FAIL,no_winner
WPK_2025-08-23_7,2025-08-23,WPK,4/5,520,4,0,3,2,4,FAIL,no_winner
AP_K_2025-08-22_1,2025-08-22,AP_K,6,400,4,0,3,2,4,FAIL,no_winner
AP_K_2025-08-22_2,2025-08-22,AP_K,4/5,300,5,0,3,4,6,FAIL,no_winner
AP_K_2025-08-22_6,2025-08-22,AP_K,TG1-4W,342,5,0,4,2,5,FAIL,no_winner
AP_K_2025-08-22_9,2025-08-22,AP_K,6,400,3,0,3,4,6,FAIL,no_winner
BEN_2025-08-22_1,2025-08-22,BEN,"Tier 3 - Maiden",450,6,0,4,3,8,FAIL,no_winner
BEN_2025-08-22_5,2025-08-22,BEN,"Mixed 4/5",390,5,0,4,2,6,FAIL,no_winner
BEN_2025-08-22_6,2025-08-22,BEN,"Mixed 6/7",450,6,1,4,1,7,FAIL,duplicate_positions
BEN_2025-08-22_7,2025-08-22,BEN,"Grade 5",450,7,1,5,1,7,FAIL,duplicate_positions
BEN_2025-08-22_8,2025-08-22,BEN,"Grade 5",425,5,0,2,2,5,FAIL,no_winner
GEE_2025-08-22_2,2025-08-22,GEE,"Maiden Heat",400,4,0,3,3,7,FAIL,no_winner
GEE_2025-08-22_3,2025-08-22,GEE,"Maiden Heat",400,7,1,3,1,3,FAIL,duplicate_positions
GEE_2025-08-22_4,2025-08-22,GEE,"Grade 5",400,5,0,3,3,5,FAIL,no_winner
GEE_2025-08-22_5,2025-08-22,GEE,"Mixed 4/5",450,5,1,4,1,8,FAIL,duplicate_positions
GEE_2025-08-22_7,2025-08-22,GEE,"Mixed 6/7",460,5,1,5,1,8,FAIL,max_out_of_range
GEE_2025-08-22_8,2025-08-22,GEE,"Grade 5 Final",515,5,1,5,1,7,FAIL,max_out_of_range
GEE_2025-08-22_9,2025-08-22,GEE,"Mixed 6/7",450,5,1,5,1,8,FAIL,max_out_of_range
GOULBURN_2025-08-22_10,2025-08-22,GOULBURN,4/5,440,4,0,4,3,7,FAIL,no_winner
GOULBURN_2025-08-22_11,2025-08-22,GOULBURN,M3,320,5,0,5,2,7,FAIL,no_winner
GOULBURN_2025-08-22_2,2025-08-22,GOULBURN,M,365,4,0,4,3,8,FAIL,no_winner
GOULBURN_2025-08-22_3,2025-08-22,GOULBURN,M,440,6,0,4,2,7,FAIL,no_winner
GOULBURN_2025-08-22_7,2025-08-22,GOULBURN,5,350,7,1,5,1,5,FAIL,duplicate_positions
GOULBURN_2025-08-22_8,2025-08-22,GOULBURN,M,350,5,1,5,1,8,FAIL,max_out_of_range
GOULBURN_2025-08-22_9,2025-08-22,GOULBURN,NG1-4,318,6,1,5,1,8,FAIL,duplicate_positions
GRDN_2025-08-22_1,2025-08-22,GRDN,M,388,5,0,5,2,6,FAIL,no_winner
GRDN_2025-08-22_11,2025-08-22,GRDN,4,400,6,1,4,1,4,FAIL,duplicate_positions
GRDN_2025-08-22_12,2025-08-22,GRDN,5,400,7,1,5,1,8,FAIL,duplicate_positions
GRDN_2025-08-22_2,2025-08-22,GRDN,4/5,520,6,0,6,2,8,FAIL,no_winner
GRDN_2025-08-22_5,2025-08-22,GRDN,5,515,7,0,4,2,6,FAIL,no_winner
HEA_2025-08-22_10,2025-08-22,HEA,"Mixed 6/7",390,7,1,4,1,4,FAIL,duplicate_positions
HEA_2025-08-22_11,2025-08-22,HEA,"Grade 7",515,6,0,6,2,7,FAIL,no_winner
HEA_2025-08-22_12,2025-08-22,HEA,"Grade 5 T3",400,6,1,6,1,8,FAIL,max_out_of_range
MAND_2025-08-22_1,2025-08-22,MAND,5,509,4,0,2,5,7,FAIL,no_winner
MAND_2025-08-22_11,2025-08-22,MAND,6,300,6,0,3,4,7,FAIL,no_winner
MAND_2025-08-22_12,2025-08-22,MAND,NOV,488,4,0,4,2,8,FAIL,no_winner
MAND_2025-08-22_5,2025-08-22,MAND,5,381,5,1,4,1,7,FAIL,duplicate_positions
MAND_2025-08-22_6,2025-08-22,MAND,5,400,5,0,5,3,8,FAIL,no_winner
MAND_2025-08-22_9,2025-08-22,MAND,4/5,400,6,1,5,1,8,FAIL,duplicate_positions
RICH_2025-08-22_1,2025-08-22,RICH,M2/M3,320,4,1,4,1,8,FAIL,max_out_of_range
RICH_2025-08-22_11,2025-08-22,RICH,5,401,4,0,2,5,6,FAIL,no_winner
RICH_2025-08-22_12,2025-08-22,RICH,5,388,6,0,4,3,8,FAIL,no_winner
RICH_2025-08-22_5,2025-08-22,RICH,3/4,401,5,1,4,1,6,FAIL,duplicate_positions
RICH_2025-08-22_6,2025-08-22,RICH,4/5,520,6,0,4,2,5,FAIL,no_winner
RICH_2025-08-22_9,2025-08-22,RICH,M3,520,5,1,4,1,5,FAIL,duplicate_positions
SAL_2025-08-22_10,2025-08-22,SAL,"Grade 5",435,4,1,4,1,8,FAIL,max_out_of_range
SAL_2025-08-22_11,2025-08-22,SAL,"Grade 5",435,7,1,5,1,7,FAIL,duplicate_positions
SAL_2025-08-22_12,2025-08-22,SAL,"Grade 5",400,7,1,5,1,6,FAIL,duplicate_positions
TOWNSVILLE_2025-08-22_11,2025-08-22,TOWNSVILLE,5,380,7,0,3,5,8,FAIL,no_winner
TOWNSVILLE_2025-08-22_2,2025-08-22,TOWNSVILLE,6,380,7,0,5,2,8,FAIL,no_winner
TOWNSVILLE_2025-08-22_3,2025-08-22,TOWNSVILLE,6,380,6,0,5,2,7,FAIL,no_winner
TOWNSVILLE_2025-08-22_5,2025-08-22,TOWNSVILLE,5,380,4,0,3,4,7,FAIL,no_winner
WAGGA_2025-08-22_10,2025-08-22,WAGGA,5,400,5,0,4,3,8,FAIL,no_winner
WAGGA_2025-08-22_11,2025-08-22,WAGGA,5,400,6,1,5,1,5,FAIL,duplicate_positions
WAGGA_2025-08-22_3,2025-08-22,WAGGA,5,320,5,1,3,1,7,FAIL,duplicate_positions
WAGGA_2025-08-22_7,2025-08-22,WAGGA,4/5,440,6,1,4,1,4,FAIL,duplicate_positions
AP_K_2025-08-21_1,2025-08-21,AP_K,SE,400,6,0,4,2,5,FAIL,no_winner
AP_K_2025-08-21_11,2025-08-21,AP_K,OPEN,530,5,0,4,2,7,FAIL,no_winner
AP_K_2025-08-21_12,2025-08-21,AP_K,5,400,5,0,3,2,5,FAIL,no_winner
AP_K_2025-08-21_2,2025-08-21,AP_K,M,530,4,0,4,2,7,FAIL,no_winner
AP_K_2025-08-21_6,2025-08-21,AP_K,4/5,530,3,0,2,2,4,FAIL,no_winner
AP_K_2025-08-21_9,2025-08-21,AP_K,5/6,595,5,0,3,2,4,FAIL,no_winner
CASO_2025-08-21_1,2025-08-21,CASO,M,350,4,0,3,5,8,FAIL,no_winner
CASO_2025-08-21_11,2025-08-21,CASO,5,350,6,0,5,2,8,FAIL,no_winner
CASO_2025-08-21_12,2025-08-21,CASO,5,352,6,0,5,3,8,FAIL,no_winner
CASO_2025-08-21_5,2025-08-21,CASO,5,484,6,1,6,1,7,FAIL,max_out_of_range
CASO_2025-08-21_6,2025-08-21,CASO,5,411,7,1,5,1,5,FAIL,duplicate_positions
CASO_2025-08-21_9,2025-08-21,CASO,6,366,6,0,5,4,8,FAIL,no_winner
DAPT_2025-08-21_11,2025-08-21,DAPT,5,297,7,1,6,1,8,FAIL,duplicate_positions
DAPT_2025-08-21_12,2025-08-21,DAPT,5,297,5,0,5,3,8,FAIL,no_winner
DAPT_2025-08-21_2,2025-08-21,DAPT,5,520,6,1,5,1,6,FAIL,duplicate_positions
DAPT_2025-08-21_5,2025-08-21,DAPT,5,520,7,1,5,1,7,FAIL,duplicate_positions
DAPT_2025-08-21_6,2025-08-21,DAPT,4/5,520,6,1,5,1,7,FAIL,duplicate_positions
DAPT_2025-08-21_9,2025-08-21,DAPT,M,297,6,1,4,1,7,FAIL,duplicate_positions
HOBT_2025-08-21_10,2025-08-21,HOBT,4,340,7,1,6,1,7,FAIL,duplicate_positions
HOBT_2025-08-21_3,2025-08-21,HOBT,6,340,5,0,4,2,7,FAIL,no_winner
HOBT_2025-08-21_4,2025-08-21,HOBT,BT8,515,6,0,5,2,7,FAIL,no_winner
HOBT_2025-08-21_7,2025-08-21,HOBT,5,461,5,0,4,2,6,FAIL,no_winner
HOBT_2025-08-21_8,2025-08-21,HOBT,R/W,278,8,0,4,2,5,FAIL,no_winner
MAND_2025-08-21_1,2025-08-21,MAND,M,300,4,0,3,2,5,FAIL,no_winner
MAND_2025-08-21_11,2025-08-21,MAND,6,300,5,0,4,2,7,FAIL,no_winner
MAND_2025-08-21_12,2025-08-21,MAND,6,300,7,1,4,1,5,FAIL,duplicate_positions
MAND_2025-08-21_2,2025-08-21,MAND,NOV,300,7,0,6,3,8,FAIL,no_winner
MAND_2025-08-21_5,2025-08-21,MAND,4/5,601,7,1,4,1,7,FAIL,duplicate_positions
MAND_2025-08-21_6,2025-08-21,MAND,6,381,7,0,5,3,7,FAIL,no_winner
MAND_2025-08-21_9,2025-08-21,MAND,4,300,5,0,4,2,8,FAIL,no_winner
MOUNT_2025-08-21_1,2025-08-21,MOUNT,M,305,5,0,3,2,6,FAIL,no_winner
MOUNT_2025-08-21_4,2025-08-21,MOUNT,TG1-4W,400,4,0,4,3,8,FAIL,no_winner
MOUNT_2025-08-21_5,2025-08-21,MOUNT,6,300,4,0,3,3,7,FAIL,no_winner
MOUNT_2025-08-21_8,2025-08-21,MOUNT,TG5+W,400,6,1,6,1,7,FAIL,max_out_of_range
MOUNT_2025-08-21_9,2025-08-21,MOUNT,5,400,3,0,3,3,6,FAIL,no_winner
SAN_2025-08-21_2,2025-08-21,SAN,"Mixed 6/7",515,5,1,4,1,5,FAIL,duplicate_positions
SAN_2025-08-21_3,2025-08-21,SAN,"Mixed 4/5",485,6,0,5,2,8,FAIL,no_winner
SAN_2025-08-21_4,2025-08-21,SAN,"Grade 5",600,6,1,5,1,6,FAIL,duplicate_positions
SAN_2025-08-21_5,2025-08-21,SAN,"Restricted Win Heat",595,6,1,3,1,4,FAIL,duplicate_positions
SAN_2025-08-21_6,2025-08-21,SAN,"S/E Heat",730,5,0,4,3,8,FAIL,no_winner
SAN_2025-08-21_7,2025-08-21,SAN,"Grade 5",595,6,1,6,1,7,FAIL,max_out_of_range
SAN_2025-08-21_8,2025-08-21,SAN,"Free For All",515,6,0,4,3,8,FAIL,no_winner
SAN_2025-08-21_9,2025-08-21,SAN,"Mixed 4/5",460,5,1,4,1,6,FAIL,duplicate_positions
SHEPPARTON_2025-08-21_1,2025-08-21,SHEPPARTON,Maiden,390,3,0,3,5,8,FAIL,no_winner
SHEPPARTON_2025-08-21_12,2025-08-21,SHEPPARTON,"Grade 5",390,5,0,5,2,8,FAIL,no_winner
SHEPPARTON_2025-08-21_13,2025-08-21,SHEPPARTON,"Grade 5",390,6,0,4,2,8,FAIL,no_winner
SHEPPARTON_2025-08-21_6,2025-08-21,SHEPPARTON,"Mixed 3/4",390,5,1,4,1,5,FAIL,duplicate_positions
SHEPPARTON_2025-08-21_7,2025-08-21,SHEPPARTON,"Grade 5",390,5,0,4,4,8,FAIL,no_winner
SHEPPARTON_2025-08-21_8,2025-08-21,SHEPPARTON,"Grade 5",425,4,1,3,1,7,FAIL,duplicate_positions
SHEPPARTON_2025-08-21_9,2025-08-21,SHEPPARTON,"Mixed 6/7",450,4,0,4,2,7,FAIL,no_winner
WARRAGUL_2025-08-21_1,2025-08-21,WARRAGUL,"Tier 3 - Maiden",450,5,0,4,2,7,FAIL,no_winner
WARRAGUL_2025-08-21_12,2025-08-21,WARRAGUL,"Grade 5 T3",400,5,0,2,4,7,FAIL,no_winner
WARRAGUL_2025-08-21_4,2025-08-21,WARRAGUL,"Mixed 6/7",400,5,0,4,4,8,FAIL,no_winner
WARRAGUL_2025-08-21_5,2025-08-21,WARRAGUL,"Grade 7",400,6,1,4,1,8,FAIL,duplicate_positions
WAR_2025-08-21_1,2025-08-21,WAR,Maiden,450,4,0,3,2,4,FAIL,no_winner
WAR_2025-08-21_2,2025-08-21,WAR,Maiden,390,6,1,5,1,5,FAIL,duplicate_positions
WAR_2025-08-21_3,2025-08-21,WAR,"Mixed 6/7",400,5,1,5,1,8,FAIL,max_out_of_range
WAR_2025-08-21_4,2025-08-21,WAR,"Mixed 6/7 Heat",450,7,1,5,1,5,FAIL,duplicate_positions
WAR_2025-08-21_5,2025-08-21,WAR,"Restricted Win Heat",450,6,0,4,2,8,FAIL,no_winner
WAR_2025-08-21_6,2025-08-21,WAR,"Grade 5",410,5,1,4,1,6,FAIL,duplicate_positions
WAR_2025-08-21_8,2025-08-21,WAR,"Grade 5",410,5,0,4,2,7,FAIL,no_winner
WAR_2025-08-21_9,2025-08-21,WAR,"Mixed 3/4",400,6,0,4,2,5,FAIL,no_winner
WPK_2025-08-21_1,2025-08-21,WPK,M,520,5,0,4,2,7,FAIL,no_winner
WPK_2025-08-21_2,2025-08-21,WPK,5,520,6,0,4,2,6,FAIL,no_winner
WPK_2025-08-21_3,2025-08-21,WPK,5,440,5,0,3,2,5,FAIL,no_winner
WPK_2025-08-21_5,2025-08-21,WPK,4/5,401,6,0,3,3,7,FAIL,no_winner
WPK_2025-08-21_6,2025-08-21,WPK,M,440,6,1,6,1,8,FAIL,max_out_of_range
WPK_2025-08-21_7,2025-08-21,WPK,3/4,520,6,1,5,1,7,FAIL,duplicate_positions
WPK_2025-08-21_8,2025-08-21,WPK,5,520,5,0,3,2,8,FAIL,no_winner
WPK_2025-08-21_9,2025-08-21,WPK,5,520,4,0,3,3,6,FAIL,no_winner
BAL_2025-08-20_10,2025-08-20,BAL,"Mixed 6/7 Final",485,5,1,4,1,7,FAIL,duplicate_positions
BAL_2025-08-20_11,2025-08-20,BAL,"Mixed 4/5",485,4,0,4,4,8,FAIL,no_winner
BAL_2025-08-20_12,2025-08-20,BAL,"Mixed 4/5",450,5,0,3,2,4,FAIL,no_winner
BAL_2025-08-20_13,2025-08-20,BAL,"Grade 5",500,4,1,4,1,8,FAIL,max_out_of_range
BAL_2025-08-20_14,2025-08-20,BAL,"Grade 5 Heat",425,5,1,4,1,5,FAIL,duplicate_positions
BEN_2025-08-20_1,2025-08-20,BEN,"Tier 3 - Maiden",425,7,0,5,3,7,FAIL,no_winner
BEN_2025-08-20_2,2025-08-20,BEN,Maiden,390,5,0,4,2,8,FAIL,no_winner
BEN_2025-08-20_4,2025-08-20,BEN,"Tier 3 - Grade 6",425,7,0,4,3,8,FAIL,no_winner
BEN_2025-08-20_5,2025-08-20,BEN,"Grade 5 T3",390,5,0,4,2,7,FAIL,no_winner
BEN_2025-08-20_6,2025-08-20,BEN,"Grade 5",390,5,0,4,4,8,FAIL,no_winner
BEN_2025-08-20_7,2025-08-20,BEN,"Mixed 6/7",500,6,0,4,2,7,FAIL,no_winner
BEN_2025-08-20_8,2025-08-20,BEN,"Grade 5 T3",500,5,0,4,2,6,FAIL,no_winner
CANN_2025-08-20_1,2025-08-20,CANN,5,300,7,0,5,3,8,FAIL,no_winner
CANN_2025-08-20_11,2025-08-20,CANN,6,275,5,1,3,1,3,FAIL,duplicate_positions
CANN_2025-08-20_12,2025-08-20,CANN,FFA,381,5,1,4,1,8,FAIL,duplicate_positions
CANN_2025-08-20_2,2025-08-20,CANN,M,381,5,0,4,4,7,FAIL,no_winner
CANN_2025-08-20_5,2025-08-20,CANN,NOV,381,6,0,4,2,6,FAIL,no_winner
DARW_2025-08-20_3,2025-08-20,DARW,4/5,312,4,0,3,2,4,FAIL,no_winner
GUNNEDAH_2025-08-20_10,2025-08-20,GUNNEDAH,5,340,6,0,5,3,8,FAIL,no_winner
GUNNEDAH_2025-08-20_3,2025-08-20,GUNNEDAH,4/5,318,6,0,4,4,7,FAIL,no_winner
GUNNEDAH_2025-08-20_6,2025-08-20,GUNNEDAH,5,431,7,1,5,1,8,FAIL,duplicate_positions
GUNNEDAH_2025-08-20_7,2025-08-20,GUNNEDAH,5,318,8,1,5,1,7,FAIL,duplicate_positions
GUNNEDAH_2025-08-20_8,2025-08-20,GUNNEDAH,M2/M3,340,6,0,5,2,7,FAIL,no_winner
MEADOWS_2025-08-20_1,2025-08-20,MEADOWS,"Tier 3 - Maiden",545,4,0,4,2,8,FAIL,no_winner
MEADOWS_2025-08-20_6,2025-08-20,MEADOWS,"Grade 5",500,4,0,4,4,8,FAIL,no_winner
RICH_2025-08-20_1,2025-08-20,RICH,M,320,5,0,5,2,8,FAIL,no_winner
RICH_2025-08-20_11,2025-08-20,RICH,M,320,8,1,6,1,8,FAIL,duplicate_positions
RICH_2025-08-20_12,2025-08-20,RICH,FFA,320,6,1,3,1,5,FAIL,duplicate_positions
RICH_2025-08-20_6,2025-08-20,RICH,5,401,5,0,4,2,8,FAIL,no_winner
RICH_2025-08-20_9,2025-08-20,RICH,5,520,4,0,3,4,6,FAIL,no_winner
ROCKHAMPTON_2025-08-20_10,2025-08-20,ROCKHAMPTON,M5,407,6,0,3,3,5,FAIL,no_winner
ROCKHAMPTON_2025-08-20_11,2025-08-20,ROCKHAMPTON,5,407,6,0,4,3,7,FAIL,no_winner
ROCKHAMPTON_2025-08-20_2,2025-08-20,ROCKHAMPTON,6,407,7,0,4,2,6,FAIL,no_winner
ROCKHAMPTON_2025-08-20_3,2025-08-20,ROCKHAMPTON,FFA,407,6,1,5,1,5,FAIL,duplicate_positions
ROCKHAMPTON_2025-08-20_4,2025-08-20,ROCKHAMPTON,4/5,407,6,1,5,1,8,FAIL,duplicate_positions
ROCKHAMPTON_2025-08-20_5,2025-08-20,ROCKHAMPTON,4,407,4,1,4,1,6,FAIL,max_out_of_range
ROCKHAMPTON_2025-08-20_8,2025-08-20,ROCKHAMPTON,5,407,5,0,4,2,7,FAIL,no_winner
ROCKHAMPTON_2025-08-20_9,2025-08-20,ROCKHAMPTON,5,407,7,0,4,2,7,FAIL,no_winner
SAL_2025-08-20_10,2025-08-20,SAL,"Tier 3 - Restricted Win",460,6,1,4,1,7,FAIL,duplicate_positions
SAL_2025-08-20_11,2025-08-20,SAL,"Grade 5 T3",400,5,1,5,1,6,FAIL,max_out_of_range
SAL_2025-08-20_12,2025-08-20,SAL,"Grade 5",400,6,0,5,2,8,FAIL,no_winner
TAREE_2025-08-20_11,2025-08-20,TAREE,NG1-4,300,7,1,5,1,7,FAIL,duplicate_positions
TAREE_2025-08-20_2,2025-08-20,TAREE,M,350,5,0,4,2,8,FAIL,no_winner
TAREE_2025-08-20_6,2025-08-20,TAREE,5,400,5,1,4,1,6,FAIL,duplicate_positions
TAREE_2025-08-20_7,2025-08-20,TAREE,5,300,7,0,6,2,8,FAIL,no_winner
TEMORA_2025-08-20_1,2025-08-20,TEMORA,M,330,5,0,3,2,7,FAIL,no_winner
TEMORA_2025-08-20_3,2025-08-20,TEMORA,5,330,5,0,4,4,7,FAIL,no_winner
TEMORA_2025-08-20_4,2025-08-20,TEMORA,5,330,5,0,2,3,6,FAIL,no_winner
TEMORA_2025-08-20_6,2025-08-20,TEMORA,4/5,330,7,0,6,2,8,FAIL,no_winner
TEMORA_2025-08-20_9,2025-08-20,TEMORA,4/5,457,5,1,5,1,6,FAIL,max_out_of_range
BAL_2025-08-11_7,2025-08-11,BAL,"Tier 3 - Restricted Win",545,4,0,4,2,8,FAIL,no_winner
GARD_2025-08-11_4,2025-08-11,GARD,"S/E Heat",730,7,1,3,1,3,FAIL,duplicate_positions
GUNNEDAH_2025-08-11_1,2025-08-11,GUNNEDAH,M,340,5,0,4,2,6,FAIL,no_winner
HOBT_2025-08-11_5,2025-08-11,HOBT,5,278,6,0,6,2,8,FAIL,no_winner
CAPALABA_2025-08-10_9,2025-08-10,CAPALABA,R/W,550,4,0,3,3,5,FAIL,no_winner
GRAFTON_2025-08-10_5,2025-08-10,GRAFTON,5,350,6,1,6,1,7,FAIL,max_out_of_range
GRAFTON_2025-08-10_9,2025-08-10,GRAFTON,4/5,350,5,1,4,1,5,FAIL,duplicate_positions
MOUNT_2025-08-10_3,2025-08-10,MOUNT,"Grade 5",460,7,1,5,1,6,FAIL,duplicate_positions
MOUNT_2025-08-10_7,2025-08-10,MOUNT,TG1-4W,342,6,1,5,1,8,FAIL,duplicate_positions
MURR_2025-08-10_1,2025-08-10,MURR,M,300,6,1,4,1,6,FAIL,duplicate_positions
SAL_2025-08-10_6,2025-08-10,SAL,"Free For All",435,6,0,4,2,7,FAIL,no_winner
CANN_2025-08-09_5,2025-08-09,CANN,5,520,3,1,3,1,4,FAIL,max_out_of_range
GEE_2025-08-09_7,2025-08-09,GEE,"Mixed 6/7 Heat",485,6,0,4,2,8,FAIL,no_winner
GRDN_2025-08-09_11,2025-08-09,GRDN,NG1-4,388,4,0,3,3,7,FAIL,no_winner
TAREE_2025-08-09_11,2025-08-09,TAREE,MX,431,6,0,5,2,8,FAIL,no_winner
WPK_2025-08-09_5,2025-08-09,WPK,5,520,7,1,3,1,3,FAIL,duplicate_positions
BAL_2025-08-04_7,2025-08-04,BAL,"Mixed 6/7",390,4,1,4,1,7,FAIL,max_out_of_range
HOBT_2025-08-04_5,2025-08-04,HOBT,5,461,6,0,4,2,8,FAIL,no_winner
TAREE_2025-08-02_11,2025-08-02,TAREE,5,300,3,0,2,2,3,FAIL,no_winner
TAR_2025-08-02_2,2025-08-02,TAR,M,300,3,0,3,2,4,FAIL,no_winner
TAR_2025-08-02_3,2025-08-02,TAR,M,388,3,0,2,5,6,FAIL,no_winner
CASINO_2025-07-31_5,2025-07-31,CASINO,4/5,411,5,1,5,1,7,FAIL,max_out_of_range
HOBT_2025-07-31_9,2025-07-31,HOBT,5,278,3,1,2,1,5,FAIL,duplicate_positions
BAL_2025-07-30_1,2025-07-30,BAL,"Maiden Heat",525,4,0,3,3,5,FAIL,no_winner
BAL_2025-07-30_13,2025-07-30,BAL,"Grade 5 Heat",435,8,1,6,1,6,FAIL,duplicate_positions
BAL_2025-07-30_4,2025-07-30,BAL,"Mixed 6/7 Heat",450,6,0,4,2,7,FAIL,no_winner
BAL_2025-07-30_5,2025-07-30,BAL,"Restricted Win Heat",660,6,1,4,1,5,FAIL,duplicate_positions
BAL_2025-07-30_8,2025-07-30,BAL,"Grade 5",525,5,0,3,2,5,FAIL,no_winner
BEN_2025-07-30_1,2025-07-30,BEN,Maiden,425,5,0,4,2,8,FAIL,no_winner
BEN_2025-07-30_11,2025-07-30,BEN,"Grade 5",390,7,0,4,2,7,FAIL,no_winner
BEN_2025-07-30_12,2025-07-30,BEN,"Grade 5 T3",390,6,0,5,4,8,FAIL,no_winner
BEN_2025-07-30_2,2025-07-30,BEN,"Restricted Win",600,7,0,5,2,8,FAIL,no_winner
BEN_2025-07-30_4,2025-07-30,BEN,"Grade 5 T3",350,6,0,4,2,7,FAIL,no_winner
BEN_2025-07-30_5,2025-07-30,BEN,"Mixed 4/5",390,4,1,4,1,7,FAIL,max_out_of_range
BEN_2025-07-30_6,2025-07-30,BEN,"Grade 5 T3",500,8,0,6,2,8,FAIL,no_winner
BEN_2025-07-30_7,2025-07-30,BEN,"Restricted Win Heat",390,6,1,3,1,6,FAIL,duplicate_positions
BEN_2025-07-30_8,2025-07-30,BEN,"Grade 5 T3",500,6,0,5,3,7,FAIL,no_winner
BEN_2025-07-30_9,2025-07-30,BEN,"Mixed 6/7 Final",425,5,0,5,2,8,FAIL,no_winner
CANN_2025-07-30_7,2025-07-30,CANN,6,381,6,1,4,1,5,FAIL,duplicate_positions
CANN_2025-07-30_8,2025-07-30,CANN,5/6,520,4,0,4,2,7,FAIL,no_winner
CAP_2025-07-30_1,2025-07-30,CAP,M,366,5,0,4,3,8,FAIL,no_winner
CAP_2025-07-30_10,2025-07-30,CAP,5,366,4,0,3,3,8,FAIL,no_winner
CAP_2025-07-30_11,2025-07-30,CAP,P5,300,6,0,3,5,7,FAIL,no_winner
CAP_2025-07-30_2,2025-07-30,CAP,PN,395,7,0,5,3,8,FAIL,no_winner
CAP_2025-07-30_3,2025-07-30,CAP,6,366,6,0,5,2,7,FAIL,no_winner
CAP_2025-07-30_4,2025-07-30,CAP,M2/M3,350,5,1,4,1,8,FAIL,duplicate_positions
CAP_2025-07-30_5,2025-07-30,CAP,5,457,5,0,4,3,7,FAIL,no_winner
CAP_2025-07-30_6,2025-07-30,CAP,5,620,5,1,3,1,8,FAIL,duplicate_positions
CAP_2025-07-30_8,2025-07-30,CAP,5,366,7,1,5,1,8,FAIL,duplicate_positions
CAP_2025-07-30_9,2025-07-30,CAP,5,366,6,0,4,4,8,FAIL,no_winner
Q1L_2025-07-30_1,2025-07-30,Q1L,M,390,5,0,4,3,7,FAIL,no_winner
Q1L_2025-07-30_10,2025-07-30,Q1L,5,300,7,0,4,3,7,FAIL,no_winner
Q1L_2025-07-30_11,2025-07-30,Q1L,5,352,7,1,5,1,8,FAIL,duplicate_positions
Q1L_2025-07-30_2,2025-07-30,Q1L,M,390,4,0,4,2,7,FAIL,no_winner
Q1L_2025-07-30_3,2025-07-30,Q1L,M,352,4,0,3,2,5,FAIL,no_winner
Q1L_2025-07-30_4,2025-07-30,Q1L,M,352,4,0,2,3,4,FAIL,no_winner
Q1L_2025-07-30_6,2025-07-30,Q1L,4/5,390,7,1,5,1,7,FAIL,duplicate_positions
Q1L_2025-07-30_7,2025-07-30,Q1L,4/5,366,6,1,4,1,7,FAIL,duplicate_positions
Q1L_2025-07-30_8,2025-07-30,Q1L,FFA,352,5,0,5,2,7,FAIL,no_winner
Q1L_2025-07-30_9,2025-07-30,Q1L,5,300,7,0,5,2,8,FAIL,no_winner
RICH_2025-07-30_1,2025-07-30,RICH,M,401,6,0,4,3,6,FAIL,no_winner
RICH_2025-07-30_10,2025-07-30,RICH,5,320,5,0,3,4,7,FAIL,no_winner
RICH_2025-07-30_11,2025-07-30,RICH,5,320,6,1,6,1,7,FAIL,max_out_of_range
RICH_2025-07-30_12,2025-07-30,RICH,5,320,5,0,3,2,8,FAIL,no_winner
RICH_2025-07-30_2,2025-07-30,RICH,M,320,7,1,4,1,4,FAIL,duplicate_positions
RICH_2025-07-30_3,2025-07-30,RICH,M2/M3,320,5,1,4,1,7,FAIL,duplicate_positions
RICH_2025-07-30_4,2025-07-30,RICH,M,515,6,0,3,3,5,FAIL,no_winner
RICH_2025-07-30_5,2025-07-30,RICH,M,440,5,0,4,2,8,FAIL,no_winner
RICH_2025-07-30_6,2025-07-30,RICH,5,520,5,1,3,1,5,FAIL,duplicate_positions
RICH_2025-07-30_7,2025-07-30,RICH,5,401,6,0,4,2,7,FAIL,no_winner
RICH_2025-07-30_8,2025-07-30,RICH,NG,401,6,0,4,3,6,FAIL,no_winner
RICH_2025-07-30_9,2025-07-30,RICH,5,401,7,1,5,1,7,FAIL,duplicate_positions
ROCK_2025-07-30_11,2025-07-30,ROCK,5,407,6,1,4,1,8,FAIL,duplicate_positions
ROCK_2025-07-30_2,2025-07-30,ROCK,M,407,5,0,4,2,6,FAIL,no_winner
ROCK_2025-07-30_5,2025-07-30,ROCK,5,407,4,0,3,3,6,FAIL,no_winner
SAL_2025-07-30_1,2025-07-30,SAL,"Tier 3 - Maiden",435,5,0,3,5,7,FAIL,no_winner
SAL_2025-07-30_10,2025-07-30,SAL,"Tier 3 - Grade 7",435,4,0,4,3,7,FAIL,no_winner
SAL_2025-07-30_11,2025-07-30,SAL,"Tier 3 - Grade 6",435,6,0,3,4,6,FAIL,no_winner
SAL_2025-07-30_2,2025-07-30,SAL,Maiden,400,5,0,4,3,6,FAIL,no_winner
SAL_2025-07-30_3,2025-07-30,SAL,"Tier 3 - Maiden",435,6,0,4,5,8,FAIL,no_winner
SAL_2025-07-30_4,2025-07-30,SAL,"Grade 5 T3",435,5,0,3,4,8,FAIL,no_winner
SAL_2025-07-30_5,2025-07-30,SAL,"Grade 5",515,5,1,4,1,8,FAIL,duplicate_positions
SAL_2025-07-30_6,2025-07-30,SAL,"Grade 5 T3",435,6,0,4,3,8,FAIL,no_winner
SAL_2025-07-30_7,2025-07-30,SAL,"Grade 5",435,5,0,4,2,7,FAIL,no_winner
SAL_2025-07-30_8,2025-07-30,SAL,"Mixed 4/5",460,4,0,2,5,8,FAIL,no_winner
SAL_2025-07-30_9,2025-07-30,SAL,Maiden,510,5,1,4,1,8,FAIL,duplicate_positions
TAREE_2025-07-30_3,2025-07-30,TAREE,M,300,6,0,4,2,7,FAIL,no_winner
TAR_2025-07-30_1,2025-07-30,TAR,M,300,6,0,4,2,7,FAIL,no_winner
TAR_2025-07-30_10,2025-07-30,TAR,5,340,5,0,2,2,3,FAIL,no_winner
TAR_2025-07-30_12,2025-07-30,TAR,5,300,6,1,4,1,4,FAIL,duplicate_positions
TAR_2025-07-30_2,2025-07-30,TAR,M,300,6,1,5,1,8,FAIL,duplicate_positions
TAR_2025-07-30_3,2025-07-30,TAR,M,300,6,0,4,2,7,FAIL,no_winner
TAR_2025-07-30_4,2025-07-30,TAR,M,300,6,1,4,1,6,FAIL,duplicate_positions
TAR_2025-07-30_5,2025-07-30,TAR,5,400,6,0,5,3,8,FAIL,no_winner
TAR_2025-07-30_6,2025-07-30,TAR,M3,365,6,0,3,4,8,FAIL,no_winner
TAR_2025-07-30_7,2025-07-30,TAR,NG,525,4,0,3,2,4,FAIL,no_winner
TAR_2025-07-30_8,2025-07-30,TAR,NG,525,5,0,5,3,7,FAIL,no_winner
TAR_2025-07-30_9,2025-07-30,TAR,NG,525,6,0,3,2,6,FAIL,no_winner
TEM_2025-07-30_1,2025-07-30,TEM,M,330,6,0,5,2,7,FAIL,no_winner
TEM_2025-07-30_10,2025-07-30,TEM,5,400,5,0,3,4,6,FAIL,no_winner
TEM_2025-07-30_2,2025-07-30,TEM,M,440,5,0,4,3,7,FAIL,no_winner
TEM_2025-07-30_3,2025-07-30,TEM,5,320,4,0,3,2,5,FAIL,no_winner
TEM_2025-07-30_4,2025-07-30,TEM,5,440,7,1,6,1,7,FAIL,duplicate_positions
TEM_2025-07-30_5,2025-07-30,TEM,5,457,7,1,5,1,7,FAIL,duplicate_positions
TEM_2025-07-30_6,2025-07-30,TEM,4/5,400,5,1,5,1,6,FAIL,max_out_of_range
TEM_2025-07-30_7,2025-07-30,TEM,5,440,7,1,6,1,7,FAIL,duplicate_positions
TEM_2025-07-30_8,2025-07-30,TEM,M3,330,4,0,3,6,8,FAIL,no_winner
TEM_2025-07-30_9,2025-07-30,TEM,5,400,6,0,5,2,7,FAIL,no_winner
AP_K_2025-07-29_1,2025-07-29,AP_K,TG5+W,342,4,0,4,2,6,FAIL,no_winner
AP_K_2025-07-29_10,2025-07-29,AP_K,TG5+W,342,4,1,3,1,6,FAIL,duplicate_positions
AP_K_2025-07-29_11,2025-07-29,AP_K,TG5+W,342,5,1,3,1,6,FAIL,duplicate_positions
AP_K_2025-07-29_12,2025-07-29,AP_K,TG1-4W,342,4,1,4,1,5,FAIL,max_out_of_range
AP_K_2025-07-29_2,2025-07-29,AP_K,M,342,4,0,3,2,5,FAIL,no_winner
AP_K_2025-07-29_3,2025-07-29,AP_K,TG1-4W,342,5,1,5,1,6,FAIL,max_out_of_range
AP_K_2025-07-29_4,2025-07-29,AP_K,TG1-4W,342,4,0,4,2,6,FAIL,no_winner
AP_K_2025-07-29_5,2025-07-29,AP_K,TG1-4W,342,5,0,4,2,6,FAIL,no_winner
AP_K_2025-07-29_6,2025-07-29,AP_K,TG5+W,342,4,0,3,4,6,FAIL,no_winner
AP_K_2025-07-29_7,2025-07-29,AP_K,5,375,5,0,3,2,4,FAIL,no_winner
BUL_2025-07-29_1,2025-07-29,BUL,M,400,5,0,4,3,7,FAIL,no_winner
BUL_2025-07-29_10,2025-07-29,BUL,5,400,7,0,3,4,7,FAIL,no_winner
BUL_2025-07-29_11,2025-07-29,BUL,4/5,340,6,0,4,2,5,FAIL,no_winner
BUL_2025-07-29_12,2025-07-29,BUL,5,340,7,0,4,2,8,FAIL,no_winner
BUL_2025-07-29_2,2025-07-29,BUL,M,340,6,0,5,2,6,FAIL,no_winner
BUL_2025-07-29_3,2025-07-29,BUL,4,324,7,0,5,4,8,FAIL,no_winner
BUL_2025-07-29_5,2025-07-29,BUL,5,340,5,0,4,2,8,FAIL,no_winner
BUL_2025-07-29_6,2025-07-29,BUL,5,400,5,0,4,2,8,FAIL,no_winner
BUL_2025-07-29_8,2025-07-29,BUL,4/5,400,6,0,5,2,8,FAIL,no_winner
BUL_2025-07-29_9,2025-07-29,BUL,5,400,6,1,3,1,3,FAIL,duplicate_positions
GEE_2025-07-29_10,2025-07-29,GEE,"Mixed 6/7",460,5,0,4,2,5,FAIL,no_winner
GEE_2025-07-29_11,2025-07-29,GEE,"Mixed 4/5",390,5,0,3,2,5,FAIL,no_winner
GEE_2025-07-29_12,2025-07-29,GEE,"Grade 5",390,4,0,3,2,5,FAIL,no_winner
GEE_2025-07-29_13,2025-07-29,GEE,"Grade 5 T3",400,4,0,3,3,7,FAIL,no_winner
GEE_2025-07-29_2,2025-07-29,GEE,Maiden,390,5,0,4,4,7,FAIL,no_winner
GEE_2025-07-29_3,2025-07-29,GEE,"Grade 5 T3",300,5,1,4,1,5,FAIL,duplicate_positions
GEE_2025-07-29_4,2025-07-29,GEE,"Grade 5",400,3,1,3,1,7,FAIL,max_out_of_range
GEE_2025-07-29_5,2025-07-29,GEE,"Grade 5",425,4,0,3,3,7,FAIL,no_winner
GEE_2025-07-29_6,2025-07-29,GEE,"Grade 5 T3",545,7,1,5,1,8,FAIL,duplicate_positions
GEE_2025-07-29_7,2025-07-29,GEE,"Grade 7",460,6,1,4,1,5,FAIL,duplicate_positions
GEE_2025-07-29_9,2025-07-29,GEE,"Grade 6",400,7,0,4,4,8,FAIL,no_winner
GRAF_2025-07-29_1,2025-07-29,GRAF,MX,450,7,0,5,4,8,FAIL,no_winner
GRAF_2025-07-29_10,2025-07-29,GRAF,5,350,7,1,3,1,6,FAIL,duplicate_positions
GRAF_2025-07-29_11,2025-07-29,GRAF,5,350,8,1,6,1,8,FAIL,duplicate_positions
GRAF_2025-07-29_2,2025-07-29,GRAF,M,390,6,0,5,2,8,FAIL,no_winner
GRAF_2025-07-29_3,2025-07-29,GRAF,M,450,4,0,3,4,7,FAIL,no_winner
GRAF_2025-07-29_4,2025-07-29,GRAF,MX,484,4,0,2,6,7,FAIL,no_winner
GRAF_2025-07-29_5,2025-07-29,GRAF,M3,300,6,1,5,1,6,FAIL,duplicate_positions
GRAF_2025-07-29_6,2025-07-29,GRAF,5,300,6,0,5,2,7,FAIL,no_winner
GRAF_2025-07-29_7,2025-07-29,GRAF,5,300,6,1,5,1,8,FAIL,duplicate_positions
GRAF_2025-07-29_8,2025-07-29,GRAF,5,300,5,1,4,1,8,FAIL,duplicate_positions
GRAF_2025-07-29_9,2025-07-29,GRAF,NG,525,7,0,5,2,6,FAIL,no_winner
HOR_2025-07-29_1,2025-07-29,HOR,Maiden,410,5,0,4,2,6,FAIL,no_winner
HOR_2025-07-29_10,2025-07-29,HOR,"Grade 5 Heat",460,4,1,3,1,7,FAIL,duplicate_positions
HOR_2025-07-29_11,2025-07-29,HOR,"Grade 5",390,5,0,4,3,7,FAIL,no_winner
HOR_2025-07-29_12,2025-07-29,HOR,"Restricted Win Heat",450,6,0,4,4,7,FAIL,no_winner
HOR_2025-07-29_2,2025-07-29,HOR,"Mixed 6/7",425,4,0,4,2,7,FAIL,no_winner
HOR_2025-07-29_3,2025-07-29,HOR,"Grade 6",425,5,0,4,2,7,FAIL,no_winner
HOR_2025-07-29_4,2025-07-29,HOR,"Mixed 4/5",400,5,1,4,1,8,FAIL,duplicate_positions
HOR_2025-07-29_5,2025-07-29,HOR,"Grade 5",450,7,1,5,1,6,FAIL,duplicate_positions
HOR_2025-07-29_7,2025-07-29,HOR,"Free For All",410,5,1,4,1,8,FAIL,duplicate_positions
HOR_2025-07-29_8,2025-07-29,HOR,"Mixed 4/5",500,5,0,3,3,7,FAIL,no_winner
HOR_2025-07-29_9,2025-07-29,HOR,"Grade 5",400,3,0,3,2,8,FAIL,no_winner
LAU_2025-07-29_1,2025-07-29,LAU,6,278,7,1,5,1,8,FAIL,duplicate_positions
LAU_2025-07-29_10,2025-07-29,LAU,5,278,8,1,5,1,8,FAIL,duplicate_positions
LAU_2025-07-29_11,2025-07-29,LAU,BT8,515,7,0,4,4,7,FAIL,no_winner
LAU_2025-07-29_2,2025-07-29,LAU,5,340,6,0,4,3,8,FAIL,no_winner
LAU_2025-07-29_3,2025-07-29,LAU,5,461,6,1,4,1,4,FAIL,duplicate_positions
LAU_2025-07-29_4,2025-07-29,LAU,R/W,278,6,0,5,2,8,FAIL,no_winner
LAU_2025-07-29_5,2025-07-29,LAU,5,278,8,0,5,2,8,FAIL,no_winner
LAU_2025-07-29_7,2025-07-29,LAU,BT8,515,6,1,6,1,7,FAIL,max_out_of_range
LAU_2025-07-29_8,2025-07-29,LAU,3/4/5,461,5,0,3,2,7,FAIL,no_winner
LAU_2025-07-29_9,2025-07-29,LAU,4,278,6,1,5,1,8,FAIL,duplicate_positions
MAND_2025-07-29_1,2025-07-29,MAND,M,300,5,0,4,3,6,FAIL,no_winner
MAND_2025-07-29_10,2025-07-29,MAND,NOV,300,4,1,3,1,7,FAIL,duplicate_positions
MAND_2025-07-29_11,2025-07-29,MAND,4/5,488,4,1,4,1,7,FAIL,max_out_of_range
MAND_2025-07-29_2,2025-07-29,MAND,M,520,4,0,4,2,8,FAIL,no_winner
MAND_2025-07-29_3,2025-07-29,MAND,M,400,5,0,5,2,6,FAIL,no_winner
MAND_2025-07-29_4,2025-07-29,MAND,6,400,3,0,3,4,6,FAIL,no_winner
MAND_2025-07-29_5,2025-07-29,MAND,NOV,400,5,1,5,1,6,FAIL,max_out_of_range
MAND_2025-07-29_6,2025-07-29,MAND,4/5,300,6,1,5,1,6,FAIL,duplicate_positions
MAND_2025-07-29_8,2025-07-29,MAND,5/6,400,6,1,4,1,7,FAIL,duplicate_positions
MAND_2025-07-29_9,2025-07-29,MAND,NOV,300,6,0,5,2,7,FAIL,no_winner
MURR_2025-07-29_2,2025-07-29,MURR,6,300,4,0,3,2,5,FAIL,no_winner
MURR_2025-07-29_3,2025-07-29,MURR,6,300,3,0,2,2,3,FAIL,no_winner
MURR_2025-07-29_4,2025-07-29,MURR,6,350,3,1,3,1,4,FAIL,max_out_of_range
MURR_2025-07-29_5,2025-07-29,MURR,4/5,455,5,1,4,1,8,FAIL,duplicate_positions
MURR_2025-07-29_6,2025-07-29,MURR,5,300,4,0,3,2,5,FAIL,no_winner
MURR_2025-07-29_7,2025-07-29,MURR,6,400,4,0,4,2,7,FAIL,no_winner
MURR_2025-07-29_8,2025-07-29,MURR,OPEN,300,7,1,5,1,6,FAIL,duplicate_positions
Q1L_2025-07-29_1,2025-07-29,Q1L,PM,390,5,0,3,2,4,FAIL,no_winner
Q1L_2025-07-29_10,2025-07-29,Q1L,5,390,6,0,5,2,7,FAIL,no_winner
Q1L_2025-07-29_11,2025-07-29,Q1L,5,350,5,1,4,1,7,FAIL,duplicate_positions
Q1L_2025-07-29_12,2025-07-29,Q1L,5,350,6,1,4,1,7,FAIL,duplicate_positions
Q1L_2025-07-29_2,2025-07-29,Q1L,6,352,7,1,5,1,8,FAIL,duplicate_positions
Q1L_2025-07-29_4,2025-07-29,Q1L,M,352,6,1,4,1,5,FAIL,duplicate_positions
Q1L_2025-07-29_5,2025-07-29,Q1L,6,390,5,0,5,2,8,FAIL,no_winner
Q1L_2025-07-29_6,2025-07-29,Q1L,6,457,6,0,4,3,8,FAIL,no_winner
Q1L_2025-07-29_7,2025-07-29,Q1L,OPEN,366,5,0,5,2,7,FAIL,no_winner
Q1L_2025-07-29_8,2025-07-29,Q1L,5,390,6,0,2,2,3,FAIL,no_winner
TWN_2025-07-29_1,2025-07-29,TWN,OPEN,498,6,0,4,2,7,FAIL,no_winner
TWN_2025-07-29_10,2025-07-29,TWN,5,380,8,0,6,2,8,FAIL,no_winner
TWN_2025-07-29_11,2025-07-29,TWN,4,380,5,1,5,1,7,FAIL,max_out_of_range
TWN_2025-07-29_12,2025-07-29,TWN,4/5,380,6,0,5,2,8,FAIL,no_winner
TWN_2025-07-29_2,2025-07-29,TWN,P5,380,7,1,6,1,8,FAIL,duplicate_positions
TWN_2025-07-29_3,2025-07-29,TWN,5/6,498,6,0,5,2,7,FAIL,no_winner
TWN_2025-07-29_4,2025-07-29,TWN,P5,380,7,0,5,2,8,FAIL,no_winner
TWN_2025-07-29_6,2025-07-29,TWN,5/6,498,6,1,4,1,4,FAIL,duplicate_positions
TWN_2025-07-29_7,2025-07-29,TWN,1/2,380,6,1,5,1,6,FAIL,duplicate_positions
TWN_2025-07-29_8,2025-07-29,TWN,OPEN,510,5,0,4,2,6,FAIL,no_winner
TWN_2025-07-29_9,2025-07-29,TWN,4,380,7,0,6,2,8,FAIL,no_winner
WOL_2025-07-29_4,2025-07-29,WOL,5,400,6,0,4,4,7,FAIL,no_winner
WRGL_2025-07-29_1,2025-07-29,WRGL,Maiden,400,6,0,3,2,7,FAIL,no_winner
WRGL_2025-07-29_10,2025-07-29,WRGL,"Free For All",400,4,0,3,4,6,FAIL,no_winner
WRGL_2025-07-29_11,2025-07-29,WRGL,"Grade 5",400,6,0,4,2,7,FAIL,no_winner
WRGL_2025-07-29_12,2025-07-29,WRGL,"Mixed 4/5",400,6,0,4,5,8,FAIL,no_winner
WRGL_2025-07-29_2,2025-07-29,WRGL,"Tier 3 - Grade 7",435,7,1,5,1,6,FAIL,duplicate_positions
WRGL_2025-07-29_3,2025-07-29,WRGL,"Grade 5",400,7,1,5,1,6,FAIL,duplicate_positions
WRGL_2025-07-29_4,2025-07-29,WRGL,"Grade 5",390,7,0,6,3,8,FAIL,no_winner
WRGL_2025-07-29_5,2025-07-29,WRGL,"Mixed 6/7",460,6,1,3,1,5,FAIL,duplicate_positions
WRGL_2025-07-29_6,2025-07-29,WRGL,"Grade 5 Heat",460,6,1,3,1,3,FAIL,duplicate_positions
WRGL_2025-07-29_7,2025-07-29,WRGL,"Grade 5",460,6,0,4,2,5,FAIL,no_winner
WRGL_2025-07-29_8,2025-07-29,WRGL,"Grade 5",450,4,1,4,1,6,FAIL,max_out_of_range
WRGL_2025-07-29_9,2025-07-29,WRGL,"Mixed 6/7",400,8,1,4,1,4,FAIL,duplicate_positions
AP_K_2025-07-28_1,2025-07-28,AP_K,6,300,4,1,4,1,5,FAIL,max_out_of_range
AP_K_2025-07-28_11,2025-07-28,AP_K,5/6,350,6,0,5,3,7,FAIL,no_winner
AP_K_2025-07-28_12,2025-07-28,AP_K,FFA,530,5,1,5,1,7,FAIL,max_out_of_range
AP_K_2025-07-28_2,2025-07-28,AP_K,M,342,3,0,3,2,6,FAIL,no_winner
AP_K_2025-07-28_3,2025-07-28,AP_K,5/6,595,4,0,4,2,6,FAIL,no_winner
AP_K_2025-07-28_5,2025-07-28,AP_K,4/5,530,3,0,3,4,6,FAIL,no_winner
AP_K_2025-07-28_6,2025-07-28,AP_K,TG5+W,342,5,1,5,1,7,FAIL,max_out_of_range
AP_K_2025-07-28_7,2025-07-28,AP_K,TG5+W,342,5,1,3,1,6,FAIL,duplicate_positions
AP_K_2025-07-28_8,2025-07-28,AP_K,FFA,342,4,0,4,3,8,FAIL,no_winner
AP_K_2025-07-28_9,2025-07-28,AP_K,4/5/6,730,4,1,3,1,6,FAIL,duplicate_positions
BAL_2025-07-28_1,2025-07-28,BAL,Maiden,500,5,0,4,3,7,FAIL,no_winner
BAL_2025-07-28_10,2025-07-28,BAL,"Grade 7",425,6,1,4,1,5,FAIL,duplicate_positions
BAL_2025-07-28_11,2025-07-28,BAL,"Tier 3 - Grade 7",390,6,1,5,1,6,FAIL,duplicate_positions
BAL_2025-07-28_12,2025-07-28,BAL,"Tier 3 - Grade 6",390,6,0,4,2,8,FAIL,no_winner
BAL_2025-07-28_13,2025-07-28,BAL,"Grade 5 T3",450,6,0,5,2,8,FAIL,no_winner
BAL_2025-07-28_14,2025-07-28,BAL,"Grade 5",390,5,0,4,4,8,FAIL,no_winner
BAL_2025-07-28_2,2025-07-28,BAL,"Tier 3 - Maiden",300,6,0,3,2,7,FAIL,no_winner
BAL_2025-07-28_3,2025-07-28,BAL,"Grade 5",300,8,0,4,4,8,FAIL,no_winner
BAL_2025-07-28_4,2025-07-28,BAL,"Grade 5 T3",300,5,1,4,1,7,FAIL,duplicate_positions
BAL_2025-07-28_5,2025-07-28,BAL,"Grade 5 T3",450,7,0,4,2,7,FAIL,no_winner
BAL_2025-07-28_6,2025-07-28,BAL,"Grade 5",400,7,0,6,2,8,FAIL,no_winner
BAL_2025-07-28_7,2025-07-28,BAL,"Grade 5 T3",450,6,1,5,1,7,FAIL,duplicate_positions
BAL_2025-07-28_9,2025-07-28,BAL,"Tier 3 - Grade 7",450,5,0,3,5,7,FAIL,no_winner
DUBBO_-_2025-07-28_1,2025-07-28,DUBBO_-,M,340,6,0,4,2,8,FAIL,no_winner
DUBBO_-_2025-07-28_11,2025-07-28,DUBBO_-,5,431,4,1,3,1,7,FAIL,duplicate_positions
DUBBO_-_2025-07-28_8,2025-07-28,DUBBO_-,5,318,5,0,3,2,4,FAIL,no_winner
DUB_2025-07-28_1,2025-07-28,DUB,M,340,6,0,4,2,8,FAIL,no_winner
DUB_2025-07-28_10,2025-07-28,DUB,4/5,400,7,1,4,1,4,FAIL,duplicate_positions
DUB_2025-07-28_2,2025-07-28,DUB,M,350,6,0,4,2,8,FAIL,no_winner
DUB_2025-07-28_3,2025-07-28,DUB,M,318,6,0,3,3,7,FAIL,no_winner
DUB_2025-07-28_5,2025-07-28,DUB,FFA,400,5,0,4,2,6,FAIL,no_winner
DUB_2025-07-28_6,2025-07-28,DUB,5,320,5,0,5,3,8,FAIL,no_winner
DUB_2025-07-28_7,2025-07-28,DUB,5,330,6,1,6,1,7,FAIL,max_out_of_range
DUB_2025-07-28_8,2025-07-28,DUB,5,318,5,0,3,2,4,FAIL,no_winner
DUB_2025-07-28_9,2025-07-28,DUB,5,318,6,0,5,2,7,FAIL,no_winner
LAUNCESTON_-_2025-07-28_10,2025-07-28,LAUNCESTON_-,5,278,8,0,4,2,8,FAIL,no_winner
LAU_2025-07-28_1,2025-07-28,LAU,6,340,7,0,5,4,8,FAIL,no_winner
LAU_2025-07-28_10,2025-07-28,LAU,5,278,8,0,4,2,8,FAIL,no_winner
LAU_2025-07-28_2,2025-07-28,LAU,M,278,7,0,5,2,8,FAIL,no_winner
LAU_2025-07-28_3,2025-07-28,LAU,5,278,6,1,4,1,6,FAIL,duplicate_positions
LAU_2025-07-28_4,2025-07-28,LAU,R/W,278,6,0,3,6,8,FAIL,no_winner
LAU_2025-07-28_5,2025-07-28,LAU,4,278,6,0,4,2,8,FAIL,no_winner
LAU_2025-07-28_6,2025-07-28,LAU,SE,720,8,1,5,1,5,FAIL,duplicate_positions
LAU_2025-07-28_7,2025-07-28,LAU,BT8,515,8,1,4,1,7,FAIL,duplicate_positions
LAU_2025-07-28_8,2025-07-28,LAU,5,340,7,1,5,1,6,FAIL,duplicate_positions
NOR_2025-07-28_1,2025-07-28,NOR,M,297,6,0,4,2,6,FAIL,no_winner
NOR_2025-07-28_10,2025-07-28,NOR,5,297,5,1,4,1,6,FAIL,duplicate_positions
NOR_2025-07-28_2,2025-07-28,NOR,6,297,3,0,2,3,7,FAIL,no_winner
NOR_2025-07-28_3,2025-07-28,NOR,6,297,3,0,3,3,5,FAIL,no_winner
NOR_2025-07-28_4,2025-07-28,NOR,NOV,297,7,1,6,1,8,FAIL,duplicate_positions
NOR_2025-07-28_5,2025-07-28,NOR,6,297,6,0,5,2,7,FAIL,no_winner
NOR_2025-07-28_6,2025-07-28,NOR,5/6,509,5,0,4,4,8,FAIL,no_winner
NOR_2025-07-28_7,2025-07-28,NOR,5,297,5,1,4,1,6,FAIL,duplicate_positions
NOR_2025-07-28_8,2025-07-28,NOR,4/5/6,509,5,0,4,2,5,FAIL,no_winner
NOR_2025-07-28_9,2025-07-28,NOR,NOV,381,5,1,4,1,7,FAIL,duplicate_positions
NOWRA_-_2025-07-28_10,2025-07-28,NOWRA_-,5,297,5,0,3,2,6,FAIL,no_winner
NOW_2025-07-28_1,2025-07-28,NOW,M,324,6,0,5,2,8,FAIL,no_winner
NOW_2025-07-28_10,2025-07-28,NOW,5,297,5,0,3,2,6,FAIL,no_winner
NOW_2025-07-28_11,2025-07-28,NOW,5,365,6,0,5,2,7,FAIL,no_winner
NOW_2025-07-28_2,2025-07-28,NOW,4/5,297,5,1,4,1,7,FAIL,duplicate_positions
NOW_2025-07-28_3,2025-07-28,NOW,5,365,7,1,6,1,8,FAIL,duplicate_positions
NOW_2025-07-28_4,2025-07-28,NOW,4/5,520,3,0,3,3,7,FAIL,no_winner
NOW_2025-07-28_5,2025-07-28,NOW,5,520,5,0,3,2,5,FAIL,no_winner
NOW_2025-07-28_6,2025-07-28,NOW,4/5,440,4,0,4,2,6,FAIL,no_winner
NOW_2025-07-28_8,2025-07-28,NOW,5,720,6,0,3,2,6,FAIL,no_winner
NOW_2025-07-28_9,2025-07-28,NOW,FFA,365,4,0,2,3,6,FAIL,no_winner
QST_2025-07-28_1,2025-07-28,QST,M,407,6,0,5,2,8,FAIL,no_winner
QST_2025-07-28_10,2025-07-28,QST,M5,352,5,1,5,1,8,FAIL,max_out_of_range
QST_2025-07-28_11,2025-07-28,QST,P5,350,6,0,3,2,6,FAIL,no_winner
QST_2025-07-28_2,2025-07-28,QST,M,350,6,0,5,3,8,FAIL,no_winner
QST_2025-07-28_3,2025-07-28,QST,6,350,6,1,5,1,6,FAIL,duplicate_positions
QST_2025-07-28_4,2025-07-28,QST,M2/M3,350,6,0,5,3,8,FAIL,no_winner
QST_2025-07-28_5,2025-07-28,QST,5,550,8,0,5,2,7,FAIL,no_winner
QST_2025-07-28_6,2025-07-28,QST,5,350,5,1,3,1,6,FAIL,duplicate_positions
QST_2025-07-28_7,2025-07-28,QST,5,350,7,1,6,1,8,FAIL,duplicate_positions
QST_2025-07-28_8,2025-07-28,QST,5,457,8,1,4,1,7,FAIL,duplicate_positions
QST_2025-07-28_9,2025-07-28,QST,P5,350,5,0,4,3,8,FAIL,no_winner
SAN_2025-07-28_1,2025-07-28,SAN,"Restricted Win",595,6,1,5,1,7,FAIL,duplicate_positions
SAN_2025-07-28_10,2025-07-28,SAN,"Mixed 4/5",515,5,1,3,1,5,FAIL,duplicate_positions
SAN_2025-07-28_11,2025-07-28,SAN,"Grade 5",515,5,0,5,2,6,FAIL,no_winner
SAN_2025-07-28_12,2025-07-28,SAN,"Mixed 6/7",460,4,1,3,1,4,FAIL,duplicate_positions
SAN_2025-07-28_2,2025-07-28,SAN,"Restricted Win",595,4,0,4,2,7,FAIL,no_winner
SAN_2025-07-28_3,2025-07-28,SAN,"Mixed 6/7",525,7,0,4,2,6,FAIL,no_winner
SAN_2025-07-28_4,2025-07-28,SAN,"Mixed 6/7 Heat",525,6,1,4,1,5,FAIL,duplicate_positions
SAN_2025-07-28_5,2025-07-28,SAN,"Grade 5 No Penalty",515,4,0,3,2,6,FAIL,no_winner
SAN_2025-07-28_6,2025-07-28,SAN,"Grade 5",525,5,0,4,2,7,FAIL,no_winner
SAN_2025-07-28_8,2025-07-28,SAN,"Free For All",595,5,0,3,3,7,FAIL,no_winner
SAN_2025-07-28_9,2025-07-28,SAN,"Grade 5",525,6,0,5,2,8,FAIL,no_winner
SHEP_2025-07-28_1,2025-07-28,SHEP,"Tier 3 - Maiden",450,5,0,4,3,8,FAIL,no_winner
SHEP_2025-07-28_10,2025-07-28,SHEP,"Mixed 4/5",450,5,1,3,1,4,FAIL,duplicate_positions
SHEP_2025-07-28_11,2025-07-28,SHEP,"Grade 5",435,5,1,4,1,5,FAIL,duplicate_positions
SHEP_2025-07-28_13,2025-07-28,SHEP,"Grade 5",390,4,1,4,1,6,FAIL,max_out_of_range
SHEP_2025-07-28_2,2025-07-28,SHEP,"Maiden Heat",515,4,0,3,2,4,FAIL,no_winner
SHEP_2025-07-28_3,2025-07-28,SHEP,"Grade 5 T3",400,7,0,5,2,7,FAIL,no_winner
SHEP_2025-07-28_4,2025-07-28,SHEP,"Free For All",400,7,1,6,1,7,FAIL,duplicate_positions
SHEP_2025-07-28_6,2025-07-28,SHEP,"Mixed 4/5",450,5,1,3,1,5,FAIL,duplicate_positions
SHEP_2025-07-28_7,2025-07-28,SHEP,"Grade 5",485,4,0,3,3,6,FAIL,no_winner
SHEP_2025-07-28_8,2025-07-28,SHEP,"Mixed 4/5 Heat",660,6,0,4,2,6,FAIL,no_winner
SHEP_2025-07-28_9,2025-07-28,SHEP,Maiden,390,5,1,5,1,8,FAIL,max_out_of_range
WAR_2025-07-28_1,2025-07-28,WAR,Maiden,390,3,0,3,2,6,FAIL,no_winner
WAR_2025-07-28_11,2025-07-28,WAR,"Grade 6",425,5,0,2,3,5,FAIL,no_winner
WAR_2025-07-28_12,2025-07-28,WAR,"Mixed 4/5",390,5,0,4,2,7,FAIL,no_winner
WAR_2025-07-28_13,2025-07-28,WAR,"Grade 5",400,5,0,3,5,7,FAIL,no_winner
WAR_2025-07-28_2,2025-07-28,WAR,Maiden,390,6,0,4,3,8,FAIL,no_winner
WAR_2025-07-28_4,2025-07-28,WAR,"Mixed 6/7",400,5,0,5,3,8,FAIL,no_winner
WAR_2025-07-28_5,2025-07-28,WAR,TG1-4W,305,6,0,5,2,8,FAIL,no_winner
WAR_2025-07-28_6,2025-07-28,WAR,"Mixed 4/5",390,5,0,4,3,6,FAIL,no_winner
WAR_2025-07-28_7,2025-07-28,WAR,"Mixed 6/7",450,5,0,4,2,6,FAIL,no_winner
WAR_2025-07-28_8,2025-07-28,WAR,TG5+W,400,5,0,4,4,8,FAIL,no_winner
WAR_2025-07-28_9,2025-07-28,WAR,"Mixed 6/7",390,6,0,4,2,8,FAIL,no_winner
BH_2025-07-27_1,2025-07-27,BH,MX,375,5,0,3,2,7,FAIL,no_winner
BH_2025-07-27_2,2025-07-27,BH,5,525,4,1,4,1,6,FAIL,max_out_of_range
BH_2025-07-27_3,2025-07-27,BH,NG1-4,375,5,0,5,2,7,FAIL,no_winner
BH_2025-07-27_4,2025-07-27,BH,NG1-4,375,5,1,5,1,6,FAIL,max_out_of_range
BH_2025-07-27_6,2025-07-27,BH,5,375,7,1,5,1,5,FAIL,duplicate_positions
BH_2025-07-27_7,2025-07-27,BH,5,375,5,1,4,1,4,FAIL,duplicate_positions
BH_2025-07-27_8,2025-07-27,BH,5,375,8,0,5,4,8,FAIL,no_winner
CAPALABA_-_2025-07-27_10,2025-07-27,CAPALABA_-,5,366,6,1,5,1,7,FAIL,duplicate_positions
CAPALABA_-_2025-07-27_4,2025-07-27,CAPALABA_-,5,366,5,0,5,3,8,FAIL,no_winner
CAPALABA_-_2025-07-27_6,2025-07-27,CAPALABA_-,OPEN,366,6,0,3,4,7,FAIL,no_winner
CAPALABA_-_2025-07-27_7,2025-07-27,CAPALABA_-,OPEN,366,7,0,6,2,8,FAIL,no_winner
CAPALABA_-_2025-07-27_8,2025-07-27,CAPALABA_-,OPEN,520,4,0,4,2,8,FAIL,no_winner
CAP_2025-07-27_1,2025-07-27,CAP,M,300,6,0,5,2,7,FAIL,no_winner
CAP_2025-07-27_10,2025-07-27,CAP,5,366,6,1,5,1,7,FAIL,duplicate_positions
CAP_2025-07-27_12,2025-07-27,CAP,5,366,6,1,4,1,7,FAIL,duplicate_positions
CAP_2025-07-27_2,2025-07-27,CAP,M,366,7,0,5,3,7,FAIL,no_winner
CAP_2025-07-27_3,2025-07-27,CAP,M,366,6,1,6,1,7,FAIL,max_out_of_range
CAP_2025-07-27_4,2025-07-27,CAP,5,366,5,0,5,3,8,FAIL,no_winner
CAP_2025-07-27_5,2025-07-27,CAP,5,457,5,0,2,2,6,FAIL,no_winner
CAP_2025-07-27_6,2025-07-27,CAP,OPEN,366,6,0,3,4,7,FAIL,no_winner
CAP_2025-07-27_7,2025-07-27,CAP,OPEN,366,7,0,6,2,8,FAIL,no_winner
CAP_2025-07-27_8,2025-07-27,CAP,OPEN,520,4,0,4,2,8,FAIL,no_winner
CAP_2025-07-27_9,2025-07-27,CAP,OPEN,366,5,0,3,2,5,FAIL,no_winner
DARW_-_2025-07-27_1,2025-07-27,DARW_-,4/5,312,5,0,5,2,6,FAIL,no_winner
DAR_2025-07-27_1,2025-07-27,DAR,4/5,312,5,0,5,2,6,FAIL,no_winner
DAR_2025-07-27_10,2025-07-27,DAR,3/4,312,5,1,4,1,5,FAIL,duplicate_positions
DAR_2025-07-27_2,2025-07-27,DAR,5/M,312,4,0,3,2,6,FAIL,no_winner
DAR_2025-07-27_3,2025-07-27,DAR,4/5,383,5,1,4,1,6,FAIL,duplicate_positions
DAR_2025-07-27_4,2025-07-27,DAR,FFA,537,5,1,4,1,6,FAIL,duplicate_positions
DAR_2025-07-27_5,2025-07-27,DAR,3/4,383,4,0,4,2,7,FAIL,no_winner
DAR_2025-07-27_6,2025-07-27,DAR,3/4/5,537,5,0,4,3,8,FAIL,no_winner
DAR_2025-07-27_7,2025-07-27,DAR,FFA,537,5,0,3,4,7,FAIL,no_winner
DAR_2025-07-27_9,2025-07-27,DAR,5,383,5,0,4,2,7,FAIL,no_winner
GRAFTON_-_2025-07-27_1,2025-07-27,GRAFTON_-,M,350,5,0,2,3,6,FAIL,no_winner
GRAFTON_-_2025-07-27_4,2025-07-27,GRAFTON_-,P5,390,3,1,3,1,5,FAIL,max_out_of_range
GRAF_2025-07-27_1,2025-07-27,GRAF,M,350,5,0,2,3,6,FAIL,no_winner
GRAF_2025-07-27_10,2025-07-27,GRAF,5,331,6,0,4,3,6,FAIL,no_winner
GRAF_2025-07-27_2,2025-07-27,GRAF,5,450,5,0,4,2,8,FAIL,no_winner
GRAF_2025-07-27_3,2025-07-27,GRAF,NG,525,5,0,5,2,7,FAIL,no_winner
GRAF_2025-07-27_4,2025-07-27,GRAF,P5,390,3,1,3,1,5,FAIL,max_out_of_range
GRAF_2025-07-27_5,2025-07-27,GRAF,M5,457,5,0,5,3,8,FAIL,no_winner
GRAF_2025-07-27_6,2025-07-27,GRAF,5,450,6,1,5,1,6,FAIL,duplicate_positions
GRAF_2025-07-27_7,2025-07-27,GRAF,5,300,5,1,4,1,4,FAIL,duplicate_positions
GRAF_2025-07-27_9,2025-07-27,GRAF,NG1-4,350,3,1,3,1,4,FAIL,max_out_of_range
HEA_-_2025-07-27_1,2025-07-27,HEA_-,"Restricted Win Heat",300,7,1,4,1,8,FAIL,duplicate_positions
HEA_-_2025-07-27_11,2025-07-27,HEA_-,"Mixed 4/5",350,6,1,5,1,8,FAIL,duplicate_positions
HEA_-_2025-07-27_2,2025-07-27,HEA_-,"Grade 5",425,7,0,5,3,7,FAIL,no_winner
HEA_-_2025-07-27_8,2025-07-27,HEA_-,"Mixed 4/5",390,4,1,3,1,4,FAIL,duplicate_positions
HEA_2025-07-27_1,2025-07-27,HEA,"Restricted Win Heat",300,7,1,4,1,8,FAIL,duplicate_positions
HEA_2025-07-27_11,2025-07-27,HEA,"Mixed 4/5",350,6,1,5,1,8,FAIL,duplicate_positions
HEA_2025-07-27_12,2025-07-27,HEA,"Grade 5",400,7,0,5,2,7,FAIL,no_winner
HEA_2025-07-27_2,2025-07-27,HEA,"Grade 5",425,7,0,5,3,7,FAIL,no_winner
HEA_2025-07-27_3,2025-07-27,HEA,"Mixed 4/5",425,7,1,6,1,8,FAIL,duplicate_positions
HEA_2025-07-27_4,2025-07-27,HEA,"Mixed 6/7",350,6,0,4,2,8,FAIL,no_winner
HEA_2025-07-27_5,2025-07-27,HEA,"Grade 5",515,7,0,4,2,8,FAIL,no_winner
HEA_2025-07-27_6,2025-07-27,HEA,"Mixed 4/5",435,6,1,4,1,4,FAIL,duplicate_positions
HEA_2025-07-27_7,2025-07-27,HEA,"Grade 5",350,6,0,4,2,8,FAIL,no_winner
HEA_2025-07-27_8,2025-07-27,HEA,"Mixed 4/5",390,4,1,3,1,4,FAIL,duplicate_positions
HEA_2025-07-27_9,2025-07-27,HEA,"Grade 5 T3",425,5,0,3,3,7,FAIL,no_winner
MOUNT_-_2025-07-27_10,2025-07-27,MOUNT_-,OPEN,600,3,1,3,1,8,FAIL,max_out_of_range
MOUNT_-_2025-07-27_2,2025-07-27,MOUNT_-,5,300,3,0,2,2,3,FAIL,no_winner
MOUNT_-_2025-07-27_5,2025-07-27,MOUNT_-,"Grade 7",410,5,0,4,2,8,FAIL,no_winner
MOUNT_-_2025-07-27_9,2025-07-27,MOUNT_-,"Mixed 4/5",410,3,0,3,2,4,FAIL,no_winner
MOUNT_2025-07-27_1,2025-07-27,MOUNT,OPEN,400,5,1,4,1,7,FAIL,duplicate_positions
MOUNT_2025-07-27_10,2025-07-27,MOUNT,OPEN,600,3,1,3,1,8,FAIL,max_out_of_range
MOUNT_2025-07-27_2,2025-07-27,MOUNT,5,300,3,0,2,2,3,FAIL,no_winner
MOUNT_2025-07-27_3,2025-07-27,MOUNT,5,305,4,0,4,2,7,FAIL,no_winner
MOUNT_2025-07-27_4,2025-07-27,MOUNT,4/5/6,732,4,1,4,1,5,FAIL,max_out_of_range
MOUNT_2025-07-27_6,2025-07-27,MOUNT,4/5,400,5,0,4,3,6,FAIL,no_winner
MOUNT_2025-07-27_7,2025-07-27,MOUNT,"Mixed 6/7",450,7,0,5,3,7,FAIL,no_winner
MOUNT_2025-07-27_8,2025-07-27,MOUNT,"Grade 5",450,5,0,3,4,7,FAIL,no_winner
MOUNT_2025-07-27_9,2025-07-27,MOUNT,"Mixed 4/5",410,3,0,3,2,4,FAIL,no_winner
MURR_-_2025-07-27_1,2025-07-27,MURR_-,5,300,4,0,2,2,3,FAIL,no_winner
MURR_2025-07-27_1,2025-07-27,MURR,5,300,4,0,2,2,3,FAIL,no_winner
MURR_2025-07-27_2,2025-07-27,MURR,"Grade 5",390,4,0,3,2,5,FAIL,no_winner
MURR_2025-07-27_3,2025-07-27,MURR,M,395,4,0,4,2,5,FAIL,no_winner
MURR_2025-07-27_4,2025-07-27,MURR,M,395,5,1,5,1,6,FAIL,max_out_of_range
MURR_2025-07-27_5,2025-07-27,MURR,5,342,4,0,4,2,7,FAIL,no_winner
MURR_2025-07-27_6,2025-07-27,MURR,6,395,4,0,4,2,7,FAIL,no_winner
MURR_2025-07-27_7,2025-07-27,MURR,6,455,4,0,2,2,7,FAIL,no_winner
MURR_2025-07-27_8,2025-07-27,MURR,5,395,6,1,3,1,3,FAIL,duplicate_positions
MURR_2025-07-27_9,2025-07-27,MURR,OPEN,512,3,0,2,4,5,FAIL,no_winner
QST_2025-07-27_1,2025-07-27,QST,M,300,6,0,4,3,8,FAIL,no_winner
QST_2025-07-27_10,2025-07-27,QST,5,300,5,1,5,1,8,FAIL,max_out_of_range
QST_2025-07-27_11,2025-07-27,QST,5,350,5,0,4,4,7,FAIL,no_winner
QST_2025-07-27_12,2025-07-27,QST,M5,300,7,0,5,2,7,FAIL,no_winner
QST_2025-07-27_2,2025-07-27,QST,PM,390,6,0,3,3,8,FAIL,no_winner
QST_2025-07-27_3,2025-07-27,QST,6,300,7,1,6,1,6,FAIL,duplicate_positions
QST_2025-07-27_4,2025-07-27,QST,6,352,6,1,3,1,7,FAIL,duplicate_positions
QST_2025-07-27_5,2025-07-27,QST,5,300,8,0,4,4,8,FAIL,no_winner
QST_2025-07-27_7,2025-07-27,QST,5,300,7,1,5,1,8,FAIL,duplicate_positions
QST_2025-07-27_8,2025-07-27,QST,5,300,6,1,4,1,8,FAIL,duplicate_positions
QST_2025-07-27_9,2025-07-27,QST,5,300,5,1,4,1,6,FAIL,duplicate_positions
RICH_-_2025-07-27_1,2025-07-27,RICH_-,M,340,5,0,4,2,7,FAIL,no_winner
RICH_-_2025-07-27_8,2025-07-27,RICH_-,4/5,401,4,1,3,1,8,FAIL,duplicate_positions
RICH_2025-07-27_1,2025-07-27,RICH,M,340,5,0,4,2,7,FAIL,no_winner
RICH_2025-07-27_10,2025-07-27,RICH,5,401,7,1,5,1,8,FAIL,duplicate_positions
RICH_2025-07-27_11,2025-07-27,RICH,M3,401,6,0,2,2,3,FAIL,no_winner
RICH_2025-07-27_12,2025-07-27,RICH,5,320,6,1,3,1,3,FAIL,duplicate_positions
RICH_2025-07-27_2,2025-07-27,RICH,M,401,5,0,4,3,7,FAIL,no_winner
RICH_2025-07-27_3,2025-07-27,RICH,FFA,297,6,0,3,3,8,FAIL,no_winner
RICH_2025-07-27_4,2025-07-27,RICH,5,340,7,1,5,1,8,FAIL,duplicate_positions
RICH_2025-07-27_5,2025-07-27,RICH,5,320,7,0,4,2,8,FAIL,no_winner
RICH_2025-07-27_7,2025-07-27,RICH,5,401,7,0,4,2,8,FAIL,no_winner
RICH_2025-07-27_8,2025-07-27,RICH,4/5,401,4,1,3,1,8,FAIL,duplicate_positions
RICH_2025-07-27_9,2025-07-27,RICH,5,401,6,0,6,2,8,FAIL,no_winner
ROCKHAMPTON_-_2025-07-27_12,2025-07-27,ROCKHAMPTON_-,4/5,407,6,0,3,5,8,FAIL,no_winner
ROCKHAMPTON_-_2025-07-27_2,2025-07-27,ROCKHAMPTON_-,M,407,5,0,3,4,8,FAIL,no_winner
ROCKHAMPTON_-_2025-07-27_6,2025-07-27,ROCKHAMPTON_-,5,407,5,0,3,5,7,FAIL,no_winner
ROCK_2025-07-27_10,2025-07-27,ROCK,5,407,4,0,3,2,8,FAIL,no_winner
ROCK_2025-07-27_11,2025-07-27,ROCK,R/W,510,3,0,2,3,4,FAIL,no_winner
ROCK_2025-07-27_12,2025-07-27,ROCK,4/5,407,6,0,3,5,8,FAIL,no_winner
ROCK_2025-07-27_2,2025-07-27,ROCK,M,407,5,0,3,4,8,FAIL,no_winner
ROCK_2025-07-27_3,2025-07-27,ROCK,M,407,5,1,4,1,7,FAIL,duplicate_positions
ROCK_2025-07-27_4,2025-07-27,ROCK,M,407,5,1,4,1,6,FAIL,duplicate_positions
ROCK_2025-07-27_5,2025-07-27,ROCK,6,407,6,1,4,1,8,FAIL,duplicate_positions
ROCK_2025-07-27_6,2025-07-27,ROCK,5,407,5,0,3,5,7,FAIL,no_winner
ROCK_2025-07-27_7,2025-07-27,ROCK,5,457,5,0,5,2,8,FAIL,no_winner
ROCK_2025-07-27_9,2025-07-27,ROCK,M5,407,6,0,4,4,7,FAIL,no_winner
SAL_-_2025-07-27_1,2025-07-27,SAL_-,Maiden,435,5,0,4,3,8,FAIL,no_winner
SAL_-_2025-07-27_2,2025-07-27,SAL_-,Maiden,435,8,0,5,2,7,FAIL,no_winner
SAL_-_2025-07-27_3,2025-07-27,SAL_-,"Grade 7",460,6,0,4,2,8,FAIL,no_winner
SAL_-_2025-07-27_4,2025-07-27,SAL_-,"Mixed 6/7",350,7,1,5,1,8,FAIL,duplicate_positions
SAL_-_2025-07-27_5,2025-07-27,SAL_-,"Mixed 4/5",460,7,1,4,1,4,FAIL,duplicate_positions
SAL_2025-07-27_1,2025-07-27,SAL,Maiden,435,5,0,4,3,8,FAIL,no_winner
SAL_2025-07-27_11,2025-07-27,SAL,"Grade 5",435,8,0,5,2,8,FAIL,no_winner
SAL_2025-07-27_12,2025-07-27,SAL,"Grade 5 T3",435,7,0,5,2,8,FAIL,no_winner
SAL_2025-07-27_2,2025-07-27,SAL,Maiden,435,8,0,5,2,7,FAIL,no_winner
SAL_2025-07-27_4,2025-07-27,SAL,"Mixed 6/7",350,7,1,5,1,8,FAIL,duplicate_positions
SAL_2025-07-27_5,2025-07-27,SAL,"Mixed 4/5",460,7,1,4,1,4,FAIL,duplicate_positions
SAL_2025-07-27_6,2025-07-27,SAL,"S/E Heat",525,5,0,4,2,7,FAIL,no_winner
SAL_2025-07-27_7,2025-07-27,SAL,"Mixed 4/5",510,5,1,5,1,8,FAIL,max_out_of_range
SAL_2025-07-27_8,2025-07-27,SAL,"Mixed 4/5",600,5,0,3,2,4,FAIL,no_winner
SAL_2025-07-27_9,2025-07-27,SAL,"Grade 5",400,6,1,4,1,8,FAIL,duplicate_positions
BAL_-_2025-07-26_1,2025-07-26,BAL_-,"Restricted Win",390,4,1,4,1,7,FAIL,max_out_of_range
BAL_-_2025-07-26_2,2025-07-26,BAL_-,"Mixed 6/7",390,5,0,4,2,7,FAIL,no_winner
BAL_-_2025-07-26_3,2025-07-26,BAL_-,"Mixed 6/7",390,7,1,5,1,6,FAIL,duplicate_positions
BAL_-_2025-07-26_5,2025-07-26,BAL_-,"Grade 5 T3",390,4,0,3,2,6,FAIL,no_winner
BAL_-_2025-07-26_6,2025-07-26,BAL_-,"Grade 5 T3",390,4,1,4,1,6,FAIL,max_out_of_range
BAL_-_2025-07-26_8,2025-07-26,BAL_-,"Mixed 4/5",450,3,0,3,3,6,FAIL,no_winner
BAL_2025-07-26_1,2025-07-26,BAL,"Restricted Win",390,4,1,4,1,7,FAIL,max_out_of_range
BAL_2025-07-26_10,2025-07-26,BAL,"Grade 6",425,5,0,4,2,6,FAIL,no_winner
BAL_2025-07-26_11,2025-07-26,BAL,"Grade 5",460,6,0,4,2,7,FAIL,no_winner
BAL_2025-07-26_12,2025-07-26,BAL,"Grade 5",400,7,0,5,2,7,FAIL,no_winner
BAL_2025-07-26_2,2025-07-26,BAL,"Mixed 6/7",390,5,0,4,2,7,FAIL,no_winner
BAL_2025-07-26_3,2025-07-26,BAL,"Mixed 6/7",390,7,1,5,1,6,FAIL,duplicate_positions
BAL_2025-07-26_4,2025-07-26,BAL,"Mixed 4/5",390,5,0,5,2,7,FAIL,no_winner
BAL_2025-07-26_5,2025-07-26,BAL,"Grade 5 T3",390,4,0,3,2,6,FAIL,no_winner
BAL_2025-07-26_6,2025-07-26,BAL,"Grade 5 T3",390,4,1,4,1,6,FAIL,max_out_of_range
BAL_2025-07-26_7,2025-07-26,BAL,"Restricted Win",350,6,1,5,1,6,FAIL,duplicate_positions
BAL_2025-07-26_8,2025-07-26,BAL,"Mixed 4/5",450,3,0,3,3,6,FAIL,no_winner
BAL_2025-07-26_9,2025-07-26,BAL,"Grade 7",425,6,1,4,1,7,FAIL,duplicate_positions
CANN_2025-07-26_1,2025-07-26,CANN,M,520,4,0,4,4,8,FAIL,no_winner
CANN_2025-07-26_10,2025-07-26,CANN,4/5,652,4,1,3,1,6,FAIL,duplicate_positions
CANN_2025-07-26_11,2025-07-26,CANN,M,381,5,0,4,4,7,FAIL,no_winner
CANN_2025-07-26_12,2025-07-26,CANN,NOV,381,5,1,4,1,6,FAIL,duplicate_positions
CANN_2025-07-26_2,2025-07-26,CANN,NOV,520,4,1,4,1,8,FAIL,max_out_of_range
CANN_2025-07-26_3,2025-07-26,CANN,4/5,601,6,1,4,1,4,FAIL,duplicate_positions
CANN_2025-07-26_4,2025-07-26,CANN,NOV,520,5,1,5,1,8,FAIL,max_out_of_range
CANN_2025-07-26_5,2025-07-26,CANN,FFA,520,7,0,6,2,7,FAIL,no_winner
CANN_2025-07-26_6,2025-07-26,CANN,5,715,4,1,3,1,3,FAIL,duplicate_positions
CANN_2025-07-26_7,2025-07-26,CANN,NOV,520,5,0,5,2,8,FAIL,no_winner
CANN_2025-07-26_8,2025-07-26,CANN,5,400,7,0,5,2,8,FAIL,no_winner
CANN_2025-07-26_9,2025-07-26,CANN,FFA,520,5,0,4,2,5,FAIL,no_winner
DUBBO_-_2025-07-26_3,2025-07-26,DUBBO_-,MX,516,7,1,7,1,8,FAIL,max_out_of_range
DUBBO_-_2025-07-26_5,2025-07-26,DUBBO_-,5,318,5,0,4,4,8,FAIL,no_winner
DUBBO_-_2025-07-26_6,2025-07-26,DUBBO_-,5,400,7,1,4,1,6,FAIL,duplicate_positions
DUB_2025-07-26_1,2025-07-26,DUB,M,318,5,0,5,3,8,FAIL,no_winner
DUB_2025-07-26_10,2025-07-26,DUB,5,400,6,0,4,3,7,FAIL,no_winner
DUB_2025-07-26_11,2025-07-26,DUB,5,318,7,1,4,1,5,FAIL,duplicate_positions
DUB_2025-07-26_2,2025-07-26,DUB,M,400,4,0,4,3,7,FAIL,no_winner
DUB_2025-07-26_3,2025-07-26,DUB,MX,516,7,1,7,1,8,FAIL,max_out_of_range
DUB_2025-07-26_4,2025-07-26,DUB,5,400,7,1,5,1,8,FAIL,duplicate_positions
DUB_2025-07-26_6,2025-07-26,DUB,5,400,7,1,4,1,6,FAIL,duplicate_positions
DUB_2025-07-26_7,2025-07-26,DUB,4/5,570,4,0,4,4,8,FAIL,no_winner
DUB_2025-07-26_8,2025-07-26,DUB,5,318,5,0,3,3,7,FAIL,no_winner
DUB_2025-07-26_9,2025-07-26,DUB,5,330,6,0,5,2,8,FAIL,no_winner
GARD_2025-07-26_1,2025-07-26,GARD,M,400,5,1,5,1,8,FAIL,max_out_of_range
GARD_2025-07-26_11,2025-07-26,GARD,5,400,5,0,4,3,6,FAIL,no_winner
GARD_2025-07-26_12,2025-07-26,GARD,M1/M2/M3,388,4,1,3,1,3,FAIL,duplicate_positions
GARD_2025-07-26_2,2025-07-26,GARD,5,520,4,1,4,1,7,FAIL,max_out_of_range
GARD_2025-07-26_3,2025-07-26,GARD,5,525,7,1,4,1,7,FAIL,duplicate_positions
GARD_2025-07-26_4,2025-07-26,GARD,5,515,7,0,5,3,8,FAIL,no_winner
GARD_2025-07-26_5,2025-07-26,GARD,5,515,5,1,4,1,6,FAIL,duplicate_positions
GARD_2025-07-26_6,2025-07-26,GARD,5,515,6,0,4,2,7,FAIL,no_winner
GARD_2025-07-26_7,2025-07-26,GARD,M2/M3,400,6,1,5,1,6,FAIL,duplicate_positions
GARD_2025-07-26_8,2025-07-26,GARD,5,400,8,1,6,1,8,FAIL,duplicate_positions
GARD_2025-07-26_9,2025-07-26,GARD,5,400,5,0,4,2,7,FAIL,no_winner
GRDN_-_2025-07-26_2,2025-07-26,GRDN_-,5,520,4,1,4,1,7,FAIL,max_out_of_range
MEA_2025-07-26_1,2025-07-26,MEA,"Mixed 6/7 Heat",525,7,1,3,1,3,FAIL,duplicate_positions
MEA_2025-07-26_10,2025-07-26,MEA,"Free For All",515,5,1,5,1,6,FAIL,max_out_of_range
MEA_2025-07-26_11,2025-07-26,MEA,"S/E Heat",525,6,0,5,2,8,FAIL,no_winner
MEA_2025-07-26_12,2025-07-26,MEA,"Grade 5",450,7,1,5,1,8,FAIL,duplicate_positions
MEA_2025-07-26_2,2025-07-26,MEA,"Grade 4",515,7,1,4,1,4,FAIL,duplicate_positions
MEA_2025-07-26_3,2025-07-26,MEA,"Grade 5",515,6,1,3,1,5,FAIL,duplicate_positions
MEA_2025-07-26_4,2025-07-26,MEA,"Grade 5",515,4,1,3,1,6,FAIL,duplicate_positions
MEA_2025-07-26_5,2025-07-26,MEA,"Grade 5",595,5,1,5,1,7,FAIL,max_out_of_range
MEA_2025-07-26_8,2025-07-26,MEA,"S/E Heat",525,4,1,4,1,8,FAIL,max_out_of_range
MEA_2025-07-26_9,2025-07-26,MEA,"S/E Heat",525,4,0,3,2,6,FAIL,no_winner
Q1L_2025-07-26_1,2025-07-26,Q1L,M,457,7,1,5,1,5,FAIL,duplicate_positions
Q1L_2025-07-26_10,2025-07-26,Q1L,5,457,6,1,4,1,6,FAIL,duplicate_positions
Q1L_2025-07-26_11,2025-07-26,Q1L,5,366,6,0,3,4,6,FAIL,no_winner
Q1L_2025-07-26_12,2025-07-26,Q1L,M5,457,6,0,4,2,8,FAIL,no_winner
Q1L_2025-07-26_2,2025-07-26,Q1L,6,457,6,0,3,5,8,FAIL,no_winner
Q1L_2025-07-26_3,2025-07-26,Q1L,6,390,8,1,6,1,7,FAIL,duplicate_positions
Q1L_2025-07-26_4,2025-07-26,Q1L,6,457,6,0,4,4,8,FAIL,no_winner
Q1L_2025-07-26_5,2025-07-26,Q1L,R/W,550,6,0,5,2,8,FAIL,no_winner
Q1L_2025-07-26_7,2025-07-26,Q1L,M5,390,6,0,3,2,6,FAIL,no_winner
Q1L_2025-07-26_8,2025-07-26,Q1L,R/W,457,5,1,4,1,8,FAIL,duplicate_positions
Q1L_2025-07-26_9,2025-07-26,Q1L,OPEN,366,5,0,3,2,5,FAIL,no_winner
SAL_2025-07-26_10,2025-07-26,SAL,5,400,5,0,3,3,8,FAIL,no_winner
TAREE_-_2025-07-26_1,2025-07-26,TAREE_-,M,300,6,0,4,2,8,FAIL,no_winner
TAREE_-_2025-07-26_2,2025-07-26,TAREE_-,M,300,8,0,6,2,8,FAIL,no_winner
TAREE_-_2025-07-26_3,2025-07-26,TAREE_-,5,300,6,0,3,4,8,FAIL,no_winner
TAREE_-_2025-07-26_8,2025-07-26,TAREE_-,M3,336,5,1,3,1,3,FAIL,duplicate_positions
TAREE_-_2025-07-26_9,2025-07-26,TAREE_-,4/5,300,7,1,6,1,8,FAIL,duplicate_positions
TAR_2025-07-26_1,2025-07-26,TAR,M,300,6,0,4,2,8,FAIL,no_winner
TAR_2025-07-26_10,2025-07-26,TAR,4,336,6,0,4,2,6,FAIL,no_winner
TAR_2025-07-26_11,2025-07-26,TAR,4/5,525,4,0,3,3,8,FAIL,no_winner
TAR_2025-07-26_12,2025-07-26,TAR,FFA,300,6,1,5,1,7,FAIL,duplicate_positions
TAR_2025-07-26_2,2025-07-26,TAR,M,300,8,0,6,2,8,FAIL,no_winner
TAR_2025-07-26_3,2025-07-26,TAR,5,300,6,0,3,4,8,FAIL,no_winner
TAR_2025-07-26_4,2025-07-26,TAR,M,300,5,1,4,1,8,FAIL,duplicate_positions
TAR_2025-07-26_5,2025-07-26,TAR,5,400,5,0,3,3,8,FAIL,no_winner
TAR_2025-07-26_6,2025-07-26,TAR,5,431,5,1,4,1,8,FAIL,duplicate_positions
TAR_2025-07-26_7,2025-07-26,TAR,5,388,6,0,3,2,6,FAIL,no_winner
TAR_2025-07-26_8,2025-07-26,TAR,M3,336,5,1,3,1,3,FAIL,duplicate_positions
TAR_2025-07-26_9,2025-07-26,TAR,4/5,300,7,1,6,1,8,FAIL,duplicate_positions
W_PK_2025-07-26_1,2025-07-26,W_PK,5,515,7,0,5,2,6,FAIL,no_winner
W_PK_2025-07-26_10,2025-07-26,W_PK,5,520,6,0,4,5,8,FAIL,no_winner
W_PK_2025-07-26_2,2025-07-26,W_PK,5,520,5,0,3,4,8,FAIL,no_winner
W_PK_2025-07-26_3,2025-07-26,W_PK,5,520,6,0,4,2,8,FAIL,no_winner
W_PK_2025-07-26_4,2025-07-26,W_PK,M3,520,6,0,5,2,6,FAIL,no_winner
W_PK_2025-07-26_5,2025-07-26,W_PK,NG,720,5,1,4,1,6,FAIL,duplicate_positions
W_PK_2025-07-26_6,2025-07-26,W_PK,5,520,6,0,4,2,7,FAIL,no_winner
W_PK_2025-07-26_7,2025-07-26,W_PK,M2/M3,520,5,1,5,1,6,FAIL,max_out_of_range
W_PK_2025-07-26_8,2025-07-26,W_PK,NG1-4,520,5,1,4,1,4,FAIL,duplicate_positions
W_PK_2025-07-26_9,2025-07-26,W_PK,5,520,4,0,3,2,4,FAIL,no_winner
AP_K_-_2025-07-25_2,2025-07-25,AP_K_-,M,342,4,0,3,3,8,FAIL,no_winner
AP_K_2025-07-25_1,2025-07-25,AP_K,M,342,4,0,3,2,5,FAIL,no_winner
AP_K_2025-07-25_10,2025-07-25,AP_K,TG5+W,342,4,0,3,2,5,FAIL,no_winner
AP_K_2025-07-25_3,2025-07-25,AP_K,TG1-4W,342,5,1,5,1,6,FAIL,max_out_of_range
AP_K_2025-07-25_4,2025-07-25,AP_K,6,530,5,0,4,4,8,FAIL,no_winner
AP_K_2025-07-25_5,2025-07-25,AP_K,5,342,4,0,4,4,7,FAIL,no_winner
AP_K_2025-07-25_6,2025-07-25,AP_K,TG5+W,342,4,1,3,1,3,FAIL,duplicate_positions
AP_K_2025-07-25_7,2025-07-25,AP_K,M,342,5,1,4,1,5,FAIL,duplicate_positions
AP_K_2025-07-25_8,2025-07-25,AP_K,6,342,5,1,4,1,4,FAIL,duplicate_positions
AP_K_2025-07-25_9,2025-07-25,AP_K,TG5+W,342,5,0,4,3,7,FAIL,no_winner
BEN_2025-07-25_1,2025-07-25,BEN,"Grade 7",425,4,0,2,4,6,FAIL,no_winner
BEN_2025-07-25_10,2025-07-25,BEN,"Grade 5",450,4,0,3,2,6,FAIL,no_winner
BEN_2025-07-25_11,2025-07-25,BEN,"Mixed 6/7 Final",425,3,0,3,2,6,FAIL,no_winner
BEN_2025-07-25_2,2025-07-25,BEN,"Maiden Heat",425,6,0,3,2,4,FAIL,no_winner
BEN_2025-07-25_4,2025-07-25,BEN,"Mixed 6/7",410,4,1,4,1,5,FAIL,max_out_of_range
BEN_2025-07-25_5,2025-07-25,BEN,"Grade 5",400,4,0,4,2,6,FAIL,no_winner
BEN_2025-07-25_6,2025-07-25,BEN,"Grade 5",390,5,0,3,4,7,FAIL,no_winner
BEN_2025-07-25_7,2025-07-25,BEN,"Restricted Win",350,4,1,3,1,4,FAIL,duplicate_positions
BEN_2025-07-25_8,2025-07-25,BEN,"Grade 5",460,6,0,5,2,7,FAIL,no_winner
BEN_2025-07-25_9,2025-07-25,BEN,"S/E Heat",525,5,1,4,1,7,FAIL,duplicate_positions
GARD_2025-07-25_1,2025-07-25,GARD,MX,515,5,0,3,2,6,FAIL,no_winner
GARD_2025-07-25_10,2025-07-25,GARD,M2/M3,400,6,0,3,2,7,FAIL,no_winner
GARD_2025-07-25_11,2025-07-25,GARD,5,400,6,0,4,2,7,FAIL,no_winner
GARD_2025-07-25_12,2025-07-25,GARD,M2/M3,297,6,0,4,5,8,FAIL,no_winner
GARD_2025-07-25_2,2025-07-25,GARD,M,400,5,0,4,2,8,FAIL,no_winner
GARD_2025-07-25_3,2025-07-25,GARD,5,400,4,0,3,4,7,FAIL,no_winner
GARD_2025-07-25_5,2025-07-25,GARD,5,515,4,0,4,2,5,FAIL,no_winner
GARD_2025-07-25_6,2025-07-25,GARD,NG1-4,400,5,0,4,2,5,FAIL,no_winner
GARD_2025-07-25_8,2025-07-25,GARD,5,400,7,0,4,3,7,FAIL,no_winner
GARD_2025-07-25_9,2025-07-25,GARD,5,400,6,1,5,1,7,FAIL,duplicate_positions
GEE_2025-07-25_1,2025-07-25,GEE,"Restricted Win",460,4,0,4,2,8,FAIL,no_winner
GEE_2025-07-25_10,2025-07-25,GEE,"Grade 5",400,6,0,4,2,7,FAIL,no_winner
GEE_2025-07-25_11,2025-07-25,GEE,"Grade 5",400,6,1,4,1,8,FAIL,duplicate_positions
GEE_2025-07-25_12,2025-07-25,GEE,"Grade 5",400,8,0,6,3,8,FAIL,no_winner
GEE_2025-07-25_2,2025-07-25,GEE,Maiden,400,4,0,3,2,7,FAIL,no_winner
GEE_2025-07-25_3,2025-07-25,GEE,4/5,340,7,1,6,1,7,FAIL,duplicate_positions
GEE_2025-07-25_4,2025-07-25,GEE,"Mixed 4/5",400,5,1,3,1,6,FAIL,duplicate_positions
GEE_2025-07-25_6,2025-07-25,GEE,"Grade 5 Heat",460,5,1,3,1,3,FAIL,duplicate_positions
GEE_2025-07-25_8,2025-07-25,GEE,"Mixed 4/5",425,5,1,4,1,6,FAIL,duplicate_positions
GEE_2025-07-25_9,2025-07-25,GEE,"Mixed 6/7",390,5,1,4,1,7,FAIL,duplicate_positions
GOUL_2025-07-25_10,2025-07-25,GOUL,5,440,5,1,3,1,6,FAIL,duplicate_positions
GOUL_2025-07-25_11,2025-07-25,GOUL,NG1-4,350,7,1,5,1,8,FAIL,duplicate_positions
GOUL_2025-07-25_12,2025-07-25,GOUL,5,350,6,0,3,3,7,FAIL,no_winner
GOUL_2025-07-25_3,2025-07-25,GOUL,MX,516,3,0,3,5,7,FAIL,no_winner
GOUL_2025-07-25_4,2025-07-25,GOUL,M,401,3,0,3,2,6,FAIL,no_winner
GOUL_2025-07-25_5,2025-07-25,GOUL,5,400,5,0,5,3,8,FAIL,no_winner
GOUL_2025-07-25_6,2025-07-25,GOUL,MX,520,6,0,5,2,8,FAIL,no_winner
GOUL_2025-07-25_7,2025-07-25,GOUL,5,297,3,0,3,2,8,FAIL,no_winner
GOUL_2025-07-25_8,2025-07-25,GOUL,5,350,5,1,4,1,6,FAIL,duplicate_positions
GRDN_-_2025-07-25_3,2025-07-25,GRDN_-,5,400,4,0,3,4,7,FAIL,no_winner
HEA_2025-07-25_1,2025-07-25,HEA,"Tier 3 - Maiden",300,5,0,3,3,8,FAIL,no_winner
HEA_2025-07-25_11,2025-07-25,HEA,"Mixed 6/7",300,5,0,4,4,8,FAIL,no_winner
HEA_2025-07-25_12,2025-07-25,HEA,"Grade 5",300,6,0,4,4,8,FAIL,no_winner
HEA_2025-07-25_2,2025-07-25,HEA,"Tier 3 - Maiden",300,4,1,4,1,5,FAIL,max_out_of_range
HEA_2025-07-25_3,2025-07-25,HEA,"Grade 5 T3",300,5,0,4,2,6,FAIL,no_winner
HEA_2025-07-25_4,2025-07-25,HEA,"Grade 5 T3",350,7,1,6,1,7,FAIL,duplicate_positions
HEA_2025-07-25_5,2025-07-25,HEA,"Grade 5 T3",300,6,0,5,2,8,FAIL,no_winner
HEA_2025-07-25_6,2025-07-25,HEA,"Grade 5 T3",450,6,0,5,3,7,FAIL,no_winner
HEA_2025-07-25_7,2025-07-25,HEA,"Grade 5 T3",545,4,0,3,4,7,FAIL,no_winner
HEA_2025-07-25_8,2025-07-25,HEA,"Grade 5",460,6,1,4,1,7,FAIL,duplicate_positions
HEA_2025-07-25_9,2025-07-25,HEA,Maiden,300,6,0,4,2,7,FAIL,no_winner
MAND_2025-07-25_1,2025-07-25,MAND,5/6,300,8,0,5,2,8,FAIL,no_winner
MAND_2025-07-25_10,2025-07-25,MAND,4/5,400,4,0,2,4,5,FAIL,no_winner
MAND_2025-07-25_11,2025-07-25,MAND,4/5,601,4,0,3,3,7,FAIL,no_winner
MAND_2025-07-25_12,2025-07-25,MAND,5/6,488,6,1,4,1,6,FAIL,duplicate_positions
MAND_2025-07-25_13,2025-07-25,MAND,4/5,400,5,1,4,1,8,FAIL,duplicate_positions
MAND_2025-07-25_3,2025-07-25,MAND,6,297,6,1,6,1,7,FAIL,max_out_of_range
MAND_2025-07-25_4,2025-07-25,MAND,"Mixed 6/7",525,6,1,4,1,5,FAIL,duplicate_positions
MAND_2025-07-25_5,2025-07-25,MAND,"Grade 6",390,6,0,6,2,8,FAIL,no_winner
MAND_2025-07-25_6,2025-07-25,MAND,4/5,488,6,1,3,1,3,FAIL,duplicate_positions
MAND_2025-07-25_7,2025-07-25,MAND,4/5,381,5,1,5,1,6,FAIL,max_out_of_range
MAND_2025-07-25_8,2025-07-25,MAND,FFA,400,7,1,6,1,8,FAIL,duplicate_positions
QST_2025-07-25_1,2025-07-25,QST,M,350,5,0,3,3,6,FAIL,no_winner
QST_2025-07-25_10,2025-07-25,QST,5,395,6,1,3,1,7,FAIL,duplicate_positions
QST_2025-07-25_11,2025-07-25,QST,M5,350,6,1,5,1,7,FAIL,duplicate_positions
QST_2025-07-25_12,2025-07-25,QST,P5,350,7,0,5,2,8,FAIL,no_winner
QST_2025-07-25_2,2025-07-25,QST,M,457,5,0,4,2,7,FAIL,no_winner
QST_2025-07-25_3,2025-07-25,QST,6,390,6,1,5,1,8,FAIL,duplicate_positions
QST_2025-07-25_4,2025-07-25,QST,5,300,6,0,4,2,6,FAIL,no_winner
QST_2025-07-25_5,2025-07-25,QST,5,300,4,1,4,1,6,FAIL,max_out_of_range
QST_2025-07-25_7,2025-07-25,QST,5,300,5,0,3,2,4,FAIL,no_winner
QST_2025-07-25_8,2025-07-25,QST,5,350,5,1,4,1,5,FAIL,duplicate_positions
QST_2025-07-25_9,2025-07-25,QST,5,350,6,1,5,1,6,FAIL,duplicate_positions
RICH_2025-07-25_1,2025-07-25,RICH,M,401,4,1,4,1,8,FAIL,max_out_of_range
RICH_2025-07-25_10,2025-07-25,RICH,5,520,6,0,4,2,5,FAIL,no_winner
RICH_2025-07-25_11,2025-07-25,RICH,5,520,4,0,3,2,6,FAIL,no_winner
RICH_2025-07-25_12,2025-07-25,RICH,4/5,401,6,1,4,1,7,FAIL,duplicate_positions
RICH_2025-07-25_3,2025-07-25,RICH,5,401,5,1,5,1,7,FAIL,max_out_of_range
RICH_2025-07-25_4,2025-07-25,RICH,5,401,6,1,6,1,8,FAIL,max_out_of_range
RICH_2025-07-25_5,2025-07-25,RICH,4/5,401,5,1,3,1,6,FAIL,duplicate_positions
RICH_2025-07-25_6,2025-07-25,RICH,5,515,4,1,3,1,3,FAIL,duplicate_positions
RICH_2025-07-25_7,2025-07-25,RICH,5,520,6,1,5,1,6,FAIL,duplicate_positions
RICH_2025-07-25_8,2025-07-25,RICH,5,520,4,1,3,1,5,FAIL,duplicate_positions
SAL_2025-07-25_7,2025-07-25,SAL,M2/M3,320,7,0,5,3,7,FAIL,no_winner
TWN_2025-07-25_1,2025-07-25,TWN,PM,380,6,0,4,3,8,FAIL,no_winner
TWN_2025-07-25_10,2025-07-25,TWN,5,380,5,0,3,6,8,FAIL,no_winner
TWN_2025-07-25_11,2025-07-25,TWN,P5,380,7,0,4,4,8,FAIL,no_winner
TWN_2025-07-25_2,2025-07-25,TWN,M,380,6,0,5,2,8,FAIL,no_winner
TWN_2025-07-25_3,2025-07-25,TWN,6,380,7,0,5,2,6,FAIL,no_winner
TWN_2025-07-25_4,2025-07-25,TWN,R/W,510,7,1,5,1,8,FAIL,duplicate_positions
TWN_2025-07-25_6,2025-07-25,TWN,5/6,498,6,0,4,4,8,FAIL,no_winner
TWN_2025-07-25_7,2025-07-25,TWN,P5,380,4,0,2,5,7,FAIL,no_winner
TWN_2025-07-25_8,2025-07-25,TWN,5,380,6,1,6,1,8,FAIL,max_out_of_range
TWN_2025-07-25_9,2025-07-25,TWN,5/6,498,6,0,4,4,8,FAIL,no_winner
WAG_2025-07-25_1,2025-07-25,WAG,M,320,4,0,4,2,5,FAIL,no_winner
WAG_2025-07-25_10,2025-07-25,WAG,5,320,5,1,4,1,5,FAIL,duplicate_positions
WAG_2025-07-25_11,2025-07-25,WAG,4,320,5,0,3,4,6,FAIL,no_winner
WAG_2025-07-25_2,2025-07-25,WAG,5,525,5,1,4,1,4,FAIL,duplicate_positions
WAG_2025-07-25_3,2025-07-25,WAG,5,340,5,0,4,2,7,FAIL,no_winner
WAG_2025-07-25_4,2025-07-25,WAG,5,330,5,0,4,4,8,FAIL,no_winner
WAG_2025-07-25_5,2025-07-25,WAG,4/5,431,5,1,4,1,7,FAIL,duplicate_positions
WAG_2025-07-25_6,2025-07-25,WAG,P5,300,4,1,4,1,7,FAIL,max_out_of_range
WAG_2025-07-25_7,2025-07-25,WAG,5,330,3,1,2,1,4,FAIL,duplicate_positions
WAG_2025-07-25_8,2025-07-25,WAG,4/5,400,4,0,2,3,5,FAIL,no_winner
WAG_2025-07-25_9,2025-07-25,WAG,5,320,5,0,5,2,7,FAIL,no_winner
WAR_-_2025-07-25_1,2025-07-25,WAR_-,Maiden,460,3,0,2,2,5,FAIL,no_winner
WRGL_2025-07-25_1,2025-07-25,WRGL,Maiden,460,3,0,2,2,5,FAIL,no_winner
WRGL_2025-07-25_10,2025-07-25,WRGL,"Tier 3 - Restricted Win",350,6,1,4,1,7,FAIL,duplicate_positions
WRGL_2025-07-25_11,2025-07-25,WRGL,"Grade 5",390,6,1,4,1,5,FAIL,duplicate_positions
WRGL_2025-07-25_12,2025-07-25,WRGL,"Grade 5 T3",435,5,0,2,2,7,FAIL,no_winner
WRGL_2025-07-25_2,2025-07-25,WRGL,Maiden,400,5,0,4,3,7,FAIL,no_winner
WRGL_2025-07-25_3,2025-07-25,WRGL,Maiden,435,6,0,4,4,7,FAIL,no_winner
WRGL_2025-07-25_4,2025-07-25,WRGL,"Grade 5",400,7,1,5,1,6,FAIL,duplicate_positions
WRGL_2025-07-25_5,2025-07-25,WRGL,"Tier 3 - Restricted Win",460,6,1,6,1,8,FAIL,max_out_of_range
WRGL_2025-07-25_6,2025-07-25,WRGL,"Grade 5",400,4,0,3,2,7,FAIL,no_winner
WRGL_2025-07-25_7,2025-07-25,WRGL,"Grade 5",300,4,0,3,2,6,FAIL,no_winner
WRGL_2025-07-25_8,2025-07-25,WRGL,"Grade 5",460,4,0,2,4,5,FAIL,no_winner
WRGL_2025-07-25_9,2025-07-25,WRGL,"Mixed 6/7 Final",400,6,1,6,1,8,FAIL,max_out_of_range
AP_K_-_2025-07-24_2,2025-07-24,AP_K_-,5,530,5,0,4,3,6,FAIL,no_winner
AP_K_2025-07-24_1,2025-07-24,AP_K,SE,595,4,0,4,2,7,FAIL,no_winner
AP_K_2025-07-24_10,2025-07-24,AP_K,6,342,5,1,4,1,6,FAIL,duplicate_positions
AP_K_2025-07-24_11,2025-07-24,AP_K,OPEN,342,4,1,3,1,3,FAIL,duplicate_positions
AP_K_2025-07-24_12,2025-07-24,AP_K,3/4/5,342,5,1,3,1,3,FAIL,duplicate_positions
AP_K_2025-07-24_2,2025-07-24,AP_K,5,530,5,0,4,3,6,FAIL,no_winner
AP_K_2025-07-24_3,2025-07-24,AP_K,6,530,5,0,5,2,8,FAIL,no_winner
AP_K_2025-07-24_5,2025-07-24,AP_K,I,530,6,1,5,1,6,FAIL,duplicate_positions
AP_K_2025-07-24_6,2025-07-24,AP_K,5,530,4,0,3,2,5,FAIL,no_winner
AP_K_2025-07-24_7,2025-07-24,AP_K,4/5,455,5,1,3,1,3,FAIL,duplicate_positions
AP_K_2025-07-24_8,2025-07-24,AP_K,TG1-6W,530,7,1,5,1,5,FAIL,duplicate_positions
AP_K_2025-07-24_9,2025-07-24,AP_K,6,342,5,0,5,2,7,FAIL,no_winner
CASINO_-_2025-07-24_6,2025-07-24,CASINO_-,5,411,5,0,5,2,7,FAIL,no_winner
CASINO_-_2025-07-24_7,2025-07-24,CASINO_-,5,484,6,1,5,1,7,FAIL,duplicate_positions
CAS_2025-07-24_11,2025-07-24,CAS,5,350,6,0,3,2,8,FAIL,no_winner
CAS_2025-07-24_12,2025-07-24,CAS,5,300,6,0,5,2,8,FAIL,no_winner
CAS_2025-07-24_2,2025-07-24,CAS,NG1-4,300,5,1,4,1,7,FAIL,duplicate_positions
CAS_2025-07-24_3,2025-07-24,CAS,5,450,4,0,4,2,5,FAIL,no_winner
CAS_2025-07-24_4,2025-07-24,CAS,5,457,4,0,2,5,8,FAIL,no_winner
CAS_2025-07-24_5,2025-07-24,CAS,5,300,4,1,4,1,7,FAIL,max_out_of_range
CAS_2025-07-24_6,2025-07-24,CAS,5,411,5,0,5,2,7,FAIL,no_winner
CAS_2025-07-24_7,2025-07-24,CAS,5,484,6,1,5,1,7,FAIL,duplicate_positions
CAS_2025-07-24_8,2025-07-24,CAS,5,300,6,1,4,1,5,FAIL,duplicate_positions
CAS_2025-07-24_9,2025-07-24,CAS,FFA,411,5,1,4,1,4,FAIL,duplicate_positions
DAPT_-_2025-07-24_1,2025-07-24,DAPT_-,M,401,5,0,4,2,8,FAIL,no_winner
DAPT_-_2025-07-24_8,2025-07-24,DAPT_-,5,720,5,1,3,1,4,FAIL,duplicate_positions
DAPT_2025-07-24_1,2025-07-24,DAPT,M,401,5,0,4,2,8,FAIL,no_winner
DAPT_2025-07-24_10,2025-07-24,DAPT,5,297,6,0,3,2,5,FAIL,no_winner
DAPT_2025-07-24_11,2025-07-24,DAPT,FFA,365,6,1,5,1,8,FAIL,duplicate_positions
DAPT_2025-07-24_12,2025-07-24,DAPT,5,297,6,0,4,3,6,FAIL,no_winner
DAPT_2025-07-24_2,2025-07-24,DAPT,M,520,6,0,4,2,6,FAIL,no_winner
DAPT_2025-07-24_3,2025-07-24,DAPT,M1/M2/M3,297,4,1,3,1,6,FAIL,duplicate_positions
DAPT_2025-07-24_4,2025-07-24,DAPT,5,365,8,1,5,1,7,FAIL,duplicate_positions
DAPT_2025-07-24_5,2025-07-24,DAPT,5,297,7,1,5,1,6,FAIL,duplicate_positions
DAPT_2025-07-24_6,2025-07-24,DAPT,5,440,8,1,6,1,8,FAIL,duplicate_positions
DAPT_2025-07-24_7,2025-07-24,DAPT,4/5,520,4,0,3,3,6,FAIL,no_winner
DAPT_2025-07-24_8,2025-07-24,DAPT,5,720,5,1,3,1,4,FAIL,duplicate_positions
DAPT_2025-07-24_9,2025-07-24,DAPT,5,520,6,1,4,1,6,FAIL,duplicate_positions
HOB_2025-07-24_1,2025-07-24,HOB,6,340,7,1,5,1,7,FAIL,duplicate_positions
HOB_2025-07-24_10,2025-07-24,HOB,5,340,6,0,3,5,8,FAIL,no_winner
HOB_2025-07-24_2,2025-07-24,HOB,4/5,461,6,1,5,1,7,FAIL,duplicate_positions
HOB_2025-07-24_3,2025-07-24,HOB,4,461,5,0,4,2,8,FAIL,no_winner
HOB_2025-07-24_4,2025-07-24,HOB,4,461,4,1,3,1,5,FAIL,duplicate_positions
HOB_2025-07-24_5,2025-07-24,HOB,5,461,4,0,3,2,5,FAIL,no_winner
HOB_2025-07-24_6,2025-07-24,HOB,MI4/5MA,340,7,0,5,4,8,FAIL,no_winner
HOB_2025-07-24_8,2025-07-24,HOB,INV,278,6,1,5,1,7,FAIL,duplicate_positions
HOB_2025-07-24_9,2025-07-24,HOB,5,461,5,1,3,1,8,FAIL,duplicate_positions
MAND_2025-07-24_1,2025-07-24,MAND,M,381,7,0,6,2,8,FAIL,no_winner
MAND_2025-07-24_10,2025-07-24,MAND,6,400,8,0,5,2,7,FAIL,no_winner
MAND_2025-07-24_11,2025-07-24,MAND,6,300,6,0,5,2,8,FAIL,no_winner
MAND_2025-07-24_12,2025-07-24,MAND,5,300,5,1,5,1,7,FAIL,max_out_of_range
MAND_2025-07-24_2,2025-07-24,MAND,NOV,300,7,1,5,1,6,FAIL,duplicate_positions
MAND_2025-07-24_3,2025-07-24,MAND,NOV,300,6,0,3,3,7,FAIL,no_winner
MAND_2025-07-24_4,2025-07-24,MAND,NOV,400,5,0,5,2,8,FAIL,no_winner
MAND_2025-07-24_5,2025-07-24,MAND,5,275,5,1,5,1,8,FAIL,max_out_of_range
MAND_2025-07-24_6,2025-07-24,MAND,FFA,297,5,1,4,1,5,FAIL,duplicate_positions
MAND_2025-07-24_7,2025-07-24,MAND,NOV,400,6,1,5,1,5,FAIL,duplicate_positions
MAND_2025-07-24_8,2025-07-24,MAND,NOV,400,6,1,4,1,7,FAIL,duplicate_positions
MAND_2025-07-24_9,2025-07-24,MAND,3/4,300,6,1,5,1,8,FAIL,duplicate_positions
MOUNT_2025-07-24_1,2025-07-24,MOUNT,M,342,5,0,3,2,6,FAIL,no_winner
MOUNT_2025-07-24_10,2025-07-24,MOUNT,TG1-4W,400,5,1,3,1,5,FAIL,duplicate_positions
MOUNT_2025-07-24_11,2025-07-24,MOUNT,"Grade 5",390,5,0,4,3,6,FAIL,no_winner
MOUNT_2025-07-24_12,2025-07-24,MOUNT,TG1-4W,400,5,1,4,1,6,FAIL,duplicate_positions
MOUNT_2025-07-24_2,2025-07-24,MOUNT,M,305,3,0,2,4,5,FAIL,no_winner
MOUNT_2025-07-24_3,2025-07-24,MOUNT,TG1-4W,305,5,0,4,2,5,FAIL,no_winner
MOUNT_2025-07-24_4,2025-07-24,MOUNT,TG1-4W,305,6,0,4,2,8,FAIL,no_winner
MOUNT_2025-07-24_5,2025-07-24,MOUNT,TG5+W,400,6,0,4,2,5,FAIL,no_winner
MOUNT_2025-07-24_6,2025-07-24,MOUNT,TG5+W,400,4,0,4,2,8,FAIL,no_winner
MOUNT_2025-07-24_7,2025-07-24,MOUNT,"Grade 5",410,6,1,5,1,8,FAIL,duplicate_positions
MOUNT_2025-07-24_8,2025-07-24,MOUNT,TG5+W,512,8,0,5,2,6,FAIL,no_winner
MOUNT_2025-07-24_9,2025-07-24,MOUNT,TG1-4W,305,4,1,4,1,7,FAIL,max_out_of_range
Q1L_2025-07-24_1,2025-07-24,Q1L,6,457,8,1,5,1,5,FAIL,duplicate_positions
Q1L_2025-07-24_10,2025-07-24,Q1L,5,457,5,0,3,2,4,FAIL,no_winner
Q1L_2025-07-24_11,2025-07-24,Q1L,5,457,5,0,4,2,7,FAIL,no_winner
Q1L_2025-07-24_12,2025-07-24,Q1L,4,390,7,1,5,1,6,FAIL,duplicate_positions
Q1L_2025-07-24_2,2025-07-24,Q1L,5,350,6,1,4,1,7,FAIL,duplicate_positions
Q1L_2025-07-24_3,2025-07-24,Q1L,5,366,5,1,4,1,4,FAIL,duplicate_positions
Q1L_2025-07-24_4,2025-07-24,Q1L,5,550,6,0,5,3,7,FAIL,no_winner
Q1L_2025-07-24_6,2025-07-24,Q1L,NG,660,5,0,2,2,5,FAIL,no_winner
Q1L_2025-07-24_7,2025-07-24,Q1L,5,350,7,1,5,1,6,FAIL,duplicate_positions
Q1L_2025-07-24_8,2025-07-24,Q1L,OPEN,642,6,1,5,1,6,FAIL,duplicate_positions
Q1L_2025-07-24_9,2025-07-24,Q1L,3/4,366,4,1,4,1,5,FAIL,max_out_of_range
QST_2025-07-24_1,2025-07-24,QST,M,300,7,0,5,2,7,FAIL,no_winner
QST_2025-07-24_10,2025-07-24,QST,M5,366,6,0,4,2,6,FAIL,no_winner
QST_2025-07-24_11,2025-07-24,QST,M5,366,5,0,3,5,8,FAIL,no_winner
QST_2025-07-24_12,2025-07-24,QST,M5,300,5,0,3,6,8,FAIL,no_winner
QST_2025-07-24_3,2025-07-24,QST,M,300,6,0,5,3,7,FAIL,no_winner
QST_2025-07-24_4,2025-07-24,QST,6,350,6,0,6,2,8,FAIL,no_winner
QST_2025-07-24_5,2025-07-24,QST,6,300,6,1,5,1,8,FAIL,duplicate_positions
QST_2025-07-24_6,2025-07-24,QST,5,350,7,1,6,1,8,FAIL,duplicate_positions
QST_2025-07-24_7,2025-07-24,QST,5,300,5,1,4,1,6,FAIL,duplicate_positions
QST_2025-07-24_8,2025-07-24,QST,5,350,5,0,4,2,8,FAIL,no_winner
QST_2025-07-24_9,2025-07-24,QST,5,390,7,0,3,3,7,FAIL,no_winner
RICH_2025-07-24_1,2025-07-24,RICH,M,401,5,0,4,2,5,FAIL,no_winner
RICH_2025-07-24_10,2025-07-24,RICH,M2/M3,324,7,1,6,1,7,FAIL,duplicate_positions
RICH_2025-07-24_11,2025-07-24,RICH,5,324,9,1,7,1,8,FAIL,duplicate_positions
RICH_2025-07-24_12,2025-07-24,RICH,5,720,7,0,5,2,8,FAIL,no_winner
RICH_2025-07-24_3,2025-07-24,RICH,NG1-4,324,7,0,6,2,7,FAIL,no_winner
RICH_2025-07-24_4,2025-07-24,RICH,5,324,7,0,3,6,8,FAIL,no_winner
RICH_2025-07-24_5,2025-07-24,RICH,5,450,7,0,4,2,6,FAIL,no_winner
RICH_2025-07-24_6,2025-07-24,RICH,NG1-4,324,6,0,4,2,6,FAIL,no_winner
RICH_2025-07-24_7,2025-07-24,RICH,5,324,7,1,5,1,8,FAIL,duplicate_positions
RICH_2025-07-24_8,2025-07-24,RICH,3/4,324,5,1,5,1,8,FAIL,max_out_of_range
RICH_2025-07-24_9,2025-07-24,RICH,5,324,6,1,5,1,7,FAIL,duplicate_positions
SAN_-_2025-07-24_1,2025-07-24,SAN_-,"Tier 3 - Maiden",435,5,1,5,1,6,FAIL,max_out_of_range
SAN_2025-07-24_1,2025-07-24,SAN,"Tier 3 - Maiden",435,5,1,5,1,6,FAIL,max_out_of_range
SAN_2025-07-24_10,2025-07-24,SAN,"Grade 5",595,5,1,5,1,7,FAIL,max_out_of_range
SAN_2025-07-24_11,2025-07-24,SAN,"Grade 5",515,6,0,4,2,7,FAIL,no_winner
SAN_2025-07-24_12,2025-07-24,SAN,"Grade 5",515,6,1,5,1,8,FAIL,duplicate_positions
SAN_2025-07-24_2,2025-07-24,SAN,"Grade 6",525,6,1,5,1,8,FAIL,duplicate_positions
SAN_2025-07-24_3,2025-07-24,SAN,"Maiden Final",515,4,1,3,1,5,FAIL,duplicate_positions
SAN_2025-07-24_4,2025-07-24,SAN,"Grade 5",640,5,1,4,1,7,FAIL,duplicate_positions
SAN_2025-07-24_5,2025-07-24,SAN,"Restricted Win Heat",595,6,1,4,1,4,FAIL,duplicate_positions
SAN_2025-07-24_6,2025-07-24,SAN,"S/E Heat",525,7,1,6,1,7,FAIL,duplicate_positions
SAN_2025-07-24_7,2025-07-24,SAN,"S/E Heat",525,6,0,5,4,8,FAIL,no_winner
SAN_2025-07-24_8,2025-07-24,SAN,"Grade 5",515,5,1,4,1,4,FAIL,duplicate_positions
SHEP_2025-07-24_1,2025-07-24,SHEP,"Tier 3 - Maiden",390,7,0,4,2,5,FAIL,no_winner
SHEP_2025-07-24_10,2025-07-24,SHEP,"Grade 5",390,4,0,3,2,7,FAIL,no_winner
SHEP_2025-07-24_11,2025-07-24,SHEP,"Grade 5",390,5,1,3,1,5,FAIL,duplicate_positions
SHEP_2025-07-24_12,2025-07-24,SHEP,"Grade 5",400,5,1,4,1,6,FAIL,duplicate_positions
SHEP_2025-07-24_13,2025-07-24,SHEP,"Grade 5",390,7,0,5,2,8,FAIL,no_winner
SHEP_2025-07-24_2,2025-07-24,SHEP,Maiden,390,5,0,3,5,7,FAIL,no_winner
SHEP_2025-07-24_3,2025-07-24,SHEP,"Tier 3 - Maiden",390,5,1,5,1,7,FAIL,max_out_of_range
SHEP_2025-07-24_4,2025-07-24,SHEP,"Tier 3 - Grade 7",300,5,0,5,2,7,FAIL,no_winner
SHEP_2025-07-24_5,2025-07-24,SHEP,"Grade 5 No Penalty",515,8,0,5,2,8,FAIL,no_winner
SHEP_2025-07-24_6,2025-07-24,SHEP,"Grade 5 T3",450,7,1,4,1,7,FAIL,duplicate_positions
SHEP_2025-07-24_8,2025-07-24,SHEP,"Grade 5",425,5,0,4,2,6,FAIL,no_winner
SHEP_2025-07-24_9,2025-07-24,SHEP,"Tier 3 - Grade 6",390,8,0,4,3,7,FAIL,no_winner
WARRAGUL_-_2025-07-24_5,2025-07-24,WARRAGUL_-,"Grade 5",460,6,0,3,5,7,FAIL,no_winner
WARRAGUL_-_2025-07-24_7,2025-07-24,WARRAGUL_-,"Grade 5",390,7,1,6,1,6,FAIL,duplicate_positions
WAR_2025-07-24_1,2025-07-24,WAR,M,305,4,0,4,3,7,FAIL,no_winner
WAR_2025-07-24_10,2025-07-24,WAR,"Mixed 4/5",450,5,1,5,1,6,FAIL,max_out_of_range
WAR_2025-07-24_11,2025-07-24,WAR,"Grade 5",390,7,0,4,2,6,FAIL,no_winner
WAR_2025-07-24_12,2025-07-24,WAR,"Grade 5",390,3,1,3,1,4,FAIL,max_out_of_range
WAR_2025-07-24_13,2025-07-24,WAR,"Grade 5",390,6,1,5,1,6,FAIL,duplicate_positions
WAR_2025-07-24_2,2025-07-24,WAR,"Grade 6",410,4,0,3,2,5,FAIL,no_winner
WAR_2025-07-24_4,2025-07-24,WAR,"Restricted Win Final",485,3,0,2,2,8,FAIL,no_winner
WAR_2025-07-24_5,2025-07-24,WAR,"Grade 5 Heat",460,5,0,4,2,5,FAIL,no_winner
WAR_2025-07-24_6,2025-07-24,WAR,"Restricted Win Heat",450,7,1,4,1,5,FAIL,duplicate_positions
WAR_2025-07-24_7,2025-07-24,WAR,"Grade 5",410,6,1,5,1,7,FAIL,duplicate_positions
WAR_2025-07-24_8,2025-07-24,WAR,"Mixed 4/5",450,5,0,3,2,4,FAIL,no_winner
WAR_2025-07-24_9,2025-07-24,WAR,"Mixed 3/4",390,4,1,4,1,6,FAIL,max_out_of_range
WPK_-_2025-07-24_1,2025-07-24,WPK_-,5,520,5,0,2,2,4,FAIL,no_winner
WPK_-_2025-07-24_8,2025-07-24,WPK_-,4/5,515,4,1,4,1,7,FAIL,max_out_of_range
WRGL_2025-07-24_1,2025-07-24,WRGL,Maiden,300,6,0,5,2,8,FAIL,no_winner
WRGL_2025-07-24_10,2025-07-24,WRGL,"Grade 5",435,5,0,4,2,8,FAIL,no_winner
WRGL_2025-07-24_11,2025-07-24,WRGL,"Grade 5",400,6,1,5,1,7,FAIL,duplicate_positions
WRGL_2025-07-24_12,2025-07-24,WRGL,"Grade 5 Heat",400,5,0,2,4,6,FAIL,no_winner
WRGL_2025-07-24_3,2025-07-24,WRGL,"Grade 5",400,5,0,4,4,7,FAIL,no_winner
WRGL_2025-07-24_4,2025-07-24,WRGL,"Grade 5 T3",435,7,0,4,5,8,FAIL,no_winner
WRGL_2025-07-24_5,2025-07-24,WRGL,"Grade 5",460,6,0,3,5,7,FAIL,no_winner
WRGL_2025-07-24_6,2025-07-24,WRGL,"Grade 5",460,5,1,4,1,8,FAIL,duplicate_positions
WRGL_2025-07-24_7,2025-07-24,WRGL,"Grade 5",390,7,1,6,1,6,FAIL,duplicate_positions
WRGL_2025-07-24_8,2025-07-24,WRGL,"Grade 5",515,3,0,3,2,8,FAIL,no_winner
WRGL_2025-07-24_9,2025-07-24,WRGL,"Grade 5 T3",435,5,0,3,4,8,FAIL,no_winner
W_PK_2025-07-24_1,2025-07-24,W_PK,5,520,5,0,2,2,4,FAIL,no_winner
W_PK_2025-07-24_10,2025-07-24,W_PK,5,520,5,1,4,1,6,FAIL,duplicate_positions
W_PK_2025-07-24_11,2025-07-24,W_PK,5,630,6,0,3,3,6,FAIL,no_winner
W_PK_2025-07-24_2,2025-07-24,W_PK,4,400,7,1,6,1,8,FAIL,duplicate_positions
W_PK_2025-07-24_3,2025-07-24,W_PK,MX,450,4,0,3,5,7,FAIL,no_winner
W_PK_2025-07-24_4,2025-07-24,W_PK,5,520,4,0,3,2,5,FAIL,no_winner
W_PK_2025-07-24_5,2025-07-24,W_PK,5,520,5,0,3,2,5,FAIL,no_winner
W_PK_2025-07-24_6,2025-07-24,W_PK,5,720,4,1,4,1,8,FAIL,max_out_of_range
W_PK_2025-07-24_9,2025-07-24,W_PK,5,520,5,0,3,3,5,FAIL,no_winner
BAL_-_2025-07-23_4,2025-07-23,BAL_-,"Grade 5",450,4,0,3,2,7,FAIL,no_winner
BAL_2025-07-23_1,2025-07-23,BAL,Maiden,390,4,0,4,2,8,FAIL,no_winner
BAL_2025-07-23_10,2025-07-23,BAL,"Mixed 6/7",460,3,1,2,1,3,FAIL,duplicate_positions
BAL_2025-07-23_11,2025-07-23,BAL,"Mixed 4/5",400,5,1,4,1,8,FAIL,duplicate_positions
BAL_2025-07-23_13,2025-07-23,BAL,"Grade 5",435,6,1,5,1,8,FAIL,duplicate_positions
BAL_2025-07-23_2,2025-07-23,BAL,"Grade 5",595,4,0,3,3,7,FAIL,no_winner
BAL_2025-07-23_3,2025-07-23,BAL,"Grade 5",600,5,0,4,3,7,FAIL,no_winner
BAL_2025-07-23_4,2025-07-23,BAL,"Grade 5",450,4,0,3,2,7,FAIL,no_winner
BAL_2025-07-23_6,2025-07-23,BAL,"Grade 5 Heat",460,5,1,5,1,6,FAIL,max_out_of_range
BAL_2025-07-23_7,2025-07-23,BAL,"Grade 5",515,6,1,4,1,5,FAIL,duplicate_positions
BAL_2025-07-23_8,2025-07-23,BAL,"Grade 5",545,6,1,5,1,6,FAIL,duplicate_positions
BAL_2025-07-23_9,2025-07-23,BAL,Maiden,390,4,1,3,1,3,FAIL,duplicate_positions
BEN_2025-07-23_1,2025-07-23,BEN,"Tier 3 - Maiden",450,5,0,4,2,8,FAIL,no_winner
BEN_2025-07-23_10,2025-07-23,BEN,"Grade 7",425,6,0,3,3,8,FAIL,no_winner
BEN_2025-07-23_11,2025-07-23,BEN,"Restricted Win",425,4,1,3,1,6,FAIL,duplicate_positions
BEN_2025-07-23_12,2025-07-23,BEN,"Restricted Win",410,6,1,4,1,4,FAIL,duplicate_positions
BEN_2025-07-23_13,2025-07-23,BEN,"Tier 3 - Restricted Win",450,4,0,3,3,6,FAIL,no_winner
BEN_2025-07-23_2,2025-07-23,BEN,Maiden,425,3,0,3,2,8,FAIL,no_winner
BEN_2025-07-23_3,2025-07-23,BEN,"Tier 3 - Maiden",425,4,0,2,4,6,FAIL,no_winner
BEN_2025-07-23_4,2025-07-23,BEN,"Restricted Win",425,6,0,5,2,7,FAIL,no_winner
BEN_2025-07-23_5,2025-07-23,BEN,"Grade 5 T3",425,6,0,5,2,8,FAIL,no_winner
BEN_2025-07-23_6,2025-07-23,BEN,Maiden,450,5,1,4,1,7,FAIL,duplicate_positions
BEN_2025-07-23_7,2025-07-23,BEN,"Tier 3 - Grade 7",450,5,1,3,1,6,FAIL,duplicate_positions
BEN_2025-07-23_8,2025-07-23,BEN,"Grade 5 T3",450,6,0,4,4,7,FAIL,no_winner
BEN_2025-07-23_9,2025-07-23,BEN,"Tier 3 - Grade 7",425,6,0,4,3,8,FAIL,no_winner
CANN_2025-07-23_1,2025-07-23,CANN,6,275,6,0,5,2,8,FAIL,no_winner
CANN_2025-07-23_10,2025-07-23,CANN,6,381,6,0,5,3,7,FAIL,no_winner
CANN_2025-07-23_12,2025-07-23,CANN,5,381,5,1,5,1,7,FAIL,max_out_of_range
CANN_2025-07-23_2,2025-07-23,CANN,5/6,300,8,1,6,1,8,FAIL,duplicate_positions
CANN_2025-07-23_3,2025-07-23,CANN,M,381,7,0,6,2,8,FAIL,no_winner
CANN_2025-07-23_4,2025-07-23,CANN,M,400,7,0,5,2,8,FAIL,no_winner
CANN_2025-07-23_5,2025-07-23,CANN,M,520,6,0,2,2,3,FAIL,no_winner
CANN_2025-07-23_7,2025-07-23,CANN,M,488,7,1,5,1,8,FAIL,duplicate_positions
CANN_2025-07-23_8,2025-07-23,CANN,NOV,400,7,0,5,2,7,FAIL,no_winner
CANN_2025-07-23_9,2025-07-23,CANN,5/6,520,6,0,5,2,7,FAIL,no_winner
DAR_2025-07-23_1,2025-07-23,DAR,5/M,312,5,1,4,1,5,FAIL,duplicate_positions
DAR_2025-07-23_2,2025-07-23,DAR,OPEN,383,5,1,4,1,6,FAIL,duplicate_positions
DAR_2025-07-23_3,2025-07-23,DAR,5,383,5,0,5,3,8,FAIL,no_winner
DAR_2025-07-23_5,2025-07-23,DAR,4,312,5,0,3,3,7,FAIL,no_winner
MEA_2025-07-23_1,2025-07-23,MEA,Maiden,460,3,0,2,2,5,FAIL,no_winner
MEA_2025-07-23_10,2025-07-23,MEA,"Grade 5 No Penalty",515,4,0,4,3,6,FAIL,no_winner
MEA_2025-07-23_11,2025-07-23,MEA,"Grade 5 T3",525,6,0,5,2,8,FAIL,no_winner
MEA_2025-07-23_12,2025-07-23,MEA,"Grade 5 T3",525,4,0,4,3,7,FAIL,no_winner
MEA_2025-07-23_2,2025-07-23,MEA,Maiden,525,4,0,3,3,6,FAIL,no_winner
MEA_2025-07-23_3,2025-07-23,MEA,Maiden,460,3,0,2,2,3,FAIL,no_winner
MEA_2025-07-23_4,2025-07-23,MEA,Maiden,525,5,1,5,1,8,FAIL,max_out_of_range
MEA_2025-07-23_5,2025-07-23,MEA,"Grade 5",515,8,1,6,1,8,FAIL,duplicate_positions
MEA_2025-07-23_6,2025-07-23,MEA,"Grade 5",515,6,1,3,1,4,FAIL,duplicate_positions
MEA_2025-07-23_8,2025-07-23,MEA,"Grade 5",450,5,0,4,2,7,FAIL,no_winner
MEA_2025-07-23_9,2025-07-23,MEA,"Grade 6",390,4,1,4,1,7,FAIL,max_out_of_range
Q1L_2025-07-23_1,2025-07-23,Q1L,M,352,3,0,3,3,6,FAIL,no_winner
Q1L_2025-07-23_2,2025-07-23,Q1L,M,300,6,0,5,3,8,FAIL,no_winner
RICH_2025-07-23_1,2025-07-23,RICH,M,320,6,0,6,2,8,FAIL,no_winner
RICH_2025-07-23_10,2025-07-23,RICH,4/5,401,7,1,6,1,8,FAIL,duplicate_positions
RICH_2025-07-23_12,2025-07-23,RICH,5,320,7,1,5,1,8,FAIL,duplicate_positions
RICH_2025-07-23_2,2025-07-23,RICH,M,320,4,0,3,3,6,FAIL,no_winner
RICH_2025-07-23_3,2025-07-23,RICH,M,320,4,0,4,2,8,FAIL,no_winner
RICH_2025-07-23_4,2025-07-23,RICH,5,320,6,0,6,3,8,FAIL,no_winner
RICH_2025-07-23_5,2025-07-23,RICH,4/5,401,6,1,3,1,5,FAIL,duplicate_positions
RICH_2025-07-23_6,2025-07-23,RICH,5,401,6,1,4,1,5,FAIL,duplicate_positions
RICH_2025-07-23_7,2025-07-23,RICH,5,401,6,0,3,2,6,FAIL,no_winner
RICH_2025-07-23_8,2025-07-23,RICH,5,520,4,0,3,4,7,FAIL,no_winner
RICH_2025-07-23_9,2025-07-23,RICH,5,520,6,0,5,2,7,FAIL,no_winner
ROCK_2025-07-23_1,2025-07-23,ROCK,M,407,6,0,5,2,7,FAIL,no_winner
ROCK_2025-07-23_10,2025-07-23,ROCK,5,407,5,0,3,5,7,FAIL,no_winner
ROCK_2025-07-23_11,2025-07-23,ROCK,6,407,6,1,5,1,7,FAIL,duplicate_positions
ROCK_2025-07-23_12,2025-07-23,ROCK,4/5,407,7,0,5,2,8,FAIL,no_winner
ROCK_2025-07-23_2,2025-07-23,ROCK,M,407,7,0,5,2,7,FAIL,no_winner
ROCK_2025-07-23_3,2025-07-23,ROCK,6,407,7,0,3,2,4,FAIL,no_winner
ROCK_2025-07-23_4,2025-07-23,ROCK,5/6,510,4,0,4,3,8,FAIL,no_winner
ROCK_2025-07-23_5,2025-07-23,ROCK,OPEN,510,4,0,4,2,8,FAIL,no_winner
ROCK_2025-07-23_6,2025-07-23,ROCK,5,352,5,1,5,1,8,FAIL,max_out_of_range
ROCK_2025-07-23_7,2025-07-23,ROCK,5,366,3,0,3,3,7,FAIL,no_winner
ROCK_2025-07-23_8,2025-07-23,ROCK,4,407,5,1,4,1,7,FAIL,duplicate_positions
SAL_2025-07-23_1,2025-07-23,SAL,Maiden,435,7,0,4,2,7,FAIL,no_winner
SAL_2025-07-23_10,2025-07-23,SAL,"Tier 3 - Grade 6",435,5,1,5,1,8,FAIL,max_out_of_range
SAL_2025-07-23_11,2025-07-23,SAL,"Tier 3 - Grade 6",400,5,1,5,1,8,FAIL,max_out_of_range
SAL_2025-07-23_12,2025-07-23,SAL,"Grade 5",460,5,0,5,3,8,FAIL,no_winner
SAL_2025-07-23_2,2025-07-23,SAL,Maiden,435,6,0,4,2,6,FAIL,no_winner
SAL_2025-07-23_3,2025-07-23,SAL,Maiden,400,6,0,4,2,7,FAIL,no_winner
SAL_2025-07-23_4,2025-07-23,SAL,Maiden,435,4,1,3,1,6,FAIL,duplicate_positions
SAL_2025-07-23_5,2025-07-23,SAL,"Grade 5 T3",435,6,0,5,2,8,FAIL,no_winner
SAL_2025-07-23_6,2025-07-23,SAL,"Grade 5",435,5,0,3,3,8,FAIL,no_winner
SAL_2025-07-23_7,2025-07-23,SAL,4/5,440,6,1,4,1,5,FAIL,duplicate_positions
SAL_2025-07-23_8,2025-07-23,SAL,"Mixed 4/5",510,4,0,3,4,6,FAIL,no_winner
SAL_2025-07-23_9,2025-07-23,SAL,"Tier 3 - Grade 7",435,6,0,4,3,7,FAIL,no_winner
TAR_2025-07-23_1,2025-07-23,TAR,M,300,4,0,3,3,6,FAIL,no_winner
TAR_2025-07-23_10,2025-07-23,TAR,5,350,6,0,3,4,6,FAIL,no_winner
TAR_2025-07-23_11,2025-07-23,TAR,5,550,8,1,6,1,6,FAIL,duplicate_positions
TAR_2025-07-23_12,2025-07-23,TAR,5,401,6,0,4,3,8,FAIL,no_winner
TAR_2025-07-23_3,2025-07-23,TAR,M,300,6,0,4,3,8,FAIL,no_winner
TAR_2025-07-23_4,2025-07-23,TAR,M,300,3,0,2,3,5,FAIL,no_winner
TAR_2025-07-23_5,2025-07-23,TAR,M,340,6,0,5,3,8,FAIL,no_winner
TAR_2025-07-23_6,2025-07-23,TAR,M,300,6,1,4,1,5,FAIL,duplicate_positions
TAR_2025-07-23_7,2025-07-23,TAR,5,450,5,0,3,2,8,FAIL,no_winner
TAR_2025-07-23_8,2025-07-23,TAR,5,400,6,1,5,1,7,FAIL,duplicate_positions
TEM_2025-07-23_1,2025-07-23,TEM,M,457,6,0,6,2,8,FAIL,no_winner
TEM_2025-07-23_10,2025-07-23,TEM,5,330,6,1,3,1,6,FAIL,duplicate_positions
TEM_2025-07-23_11,2025-07-23,TEM,M,318,7,0,3,2,7,FAIL,no_winner
TEM_2025-07-23_12,2025-07-23,TEM,NG1-4,320,6,1,5,1,6,FAIL,duplicate_positions
TEM_2025-07-23_3,2025-07-23,TEM,5,330,7,0,3,6,8,FAIL,no_winner
TEM_2025-07-23_4,2025-07-23,TEM,M,457,5,1,4,1,7,FAIL,duplicate_positions
TEM_2025-07-23_5,2025-07-23,TEM,4/5,320,6,1,5,1,8,FAIL,duplicate_positions
TEM_2025-07-23_6,2025-07-23,TEM,4/5,320,6,0,4,2,7,FAIL,no_winner
TEM_2025-07-23_8,2025-07-23,TEM,5,570,4,0,4,4,7,FAIL,no_winner
TEM_2025-07-23_9,2025-07-23,TEM,NG1-4,330,5,0,3,4,6,FAIL,no_winner
AP_K_2025-07-22_1,2025-07-22,AP_K,M,400,4,0,3,3,5,FAIL,no_winner
AP_K_2025-07-22_2,2025-07-22,AP_K,5,342,6,1,6,1,7,FAIL,max_out_of_range
AP_K_2025-07-22_3,2025-07-22,AP_K,TG1-4W,342,3,0,3,2,5,FAIL,no_winner
AP_K_2025-07-22_4,2025-07-22,AP_K,TG1-4W,342,4,0,4,2,6,FAIL,no_winner
AP_K_2025-07-22_5,2025-07-22,AP_K,TG1-6W,530,4,1,4,1,6,FAIL,max_out_of_range
AP_K_2025-07-22_6,2025-07-22,AP_K,4,342,4,1,4,1,6,FAIL,max_out_of_range
AP_K_2025-07-22_7,2025-07-22,AP_K,TG5+W,342,5,0,4,3,7,FAIL,no_winner
AP_K_2025-07-22_8,2025-07-22,AP_K,5,400,5,0,4,2,5,FAIL,no_winner
AP_K_2025-07-22_9,2025-07-22,AP_K,TG1-4W,342,4,1,3,1,3,FAIL,duplicate_positions
BUL_2025-07-22_1,2025-07-22,BUL,M,365,4,0,1,5,5,FAIL,no_winner
BUL_2025-07-22_10,2025-07-22,BUL,MX,520,6,0,3,4,8,FAIL,no_winner
BUL_2025-07-22_11,2025-07-22,BUL,5,472,5,1,4,1,6,FAIL,duplicate_positions
BUL_2025-07-22_12,2025-07-22,BUL,5,350,5,1,5,1,8,FAIL,max_out_of_range
BUL_2025-07-22_2,2025-07-22,BUL,M,400,7,0,7,2,8,FAIL,no_winner
BUL_2025-07-22_3,2025-07-22,BUL,5,400,4,0,4,2,8,FAIL,no_winner
BUL_2025-07-22_5,2025-07-22,BUL,5,340,6,0,4,2,6,FAIL,no_winner
BUL_2025-07-22_6,2025-07-22,BUL,5,520,4,0,3,3,5,FAIL,no_winner
BUL_2025-07-22_7,2025-07-22,BUL,4/5,520,4,1,3,1,4,FAIL,duplicate_positions
BUL_2025-07-22_8,2025-07-22,BUL,4/5,340,6,1,4,1,5,FAIL,duplicate_positions
BUL_2025-07-22_9,2025-07-22,BUL,5,350,6,1,4,1,5,FAIL,duplicate_positions
CASO_-_2025-07-22_11,2025-07-22,CASO_-,5,300,7,0,6,2,8,FAIL,no_winner
CASO_-_2025-07-22_9,2025-07-22,CASO_-,5,300,7,0,4,3,8,FAIL,no_winner
CAS_2025-07-22_1,2025-07-22,CAS,M,300,6,0,6,2,8,FAIL,no_winner
CAS_2025-07-22_10,2025-07-22,CAS,5,300,4,0,4,3,7,FAIL,no_winner
CAS_2025-07-22_11,2025-07-22,CAS,5,300,7,0,6,2,8,FAIL,no_winner
CAS_2025-07-22_12,2025-07-22,CAS,5,450,5,0,4,2,8,FAIL,no_winner
CAS_2025-07-22_3,2025-07-22,CAS,5,300,6,1,4,1,8,FAIL,duplicate_positions
CAS_2025-07-22_4,2025-07-22,CAS,5,350,4,0,2,3,4,FAIL,no_winner
CAS_2025-07-22_5,2025-07-22,CAS,4/5,411,4,1,4,1,6,FAIL,max_out_of_range
CAS_2025-07-22_6,2025-07-22,CAS,M,411,4,1,3,1,8,FAIL,duplicate_positions
CAS_2025-07-22_7,2025-07-22,CAS,5,366,5,1,5,1,8,FAIL,max_out_of_range
CAS_2025-07-22_8,2025-07-22,CAS,5,411,7,1,5,1,5,FAIL,duplicate_positions
GEE_2025-07-22_11,2025-07-22,GEE,"Grade 5",400,5,1,4,1,7,FAIL,duplicate_positions
GEE_2025-07-22_12,2025-07-22,GEE,"Grade 5",390,3,0,2,4,5,FAIL,no_winner
GEE_2025-07-22_2,2025-07-22,GEE,Maiden,390,4,0,2,2,5,FAIL,no_winner
GEE_2025-07-22_3,2025-07-22,GEE,"Grade 7",460,5,0,4,2,8,FAIL,no_winner
GEE_2025-07-22_4,2025-07-22,GEE,"Mixed 6/7",460,4,0,3,5,7,FAIL,no_winner
GEE_2025-07-22_5,2025-07-22,GEE,"Grade 5",425,5,0,3,2,7,FAIL,no_winner
GEE_2025-07-22_6,2025-07-22,GEE,"Grade 5",400,4,1,3,1,8,FAIL,duplicate_positions
GEE_2025-07-22_7,2025-07-22,GEE,"Grade 5",460,5,1,4,1,7,FAIL,duplicate_positions
GEE_2025-07-22_8,2025-07-22,GEE,"Grade 5",425,5,0,3,2,5,FAIL,no_winner
GEE_2025-07-22_9,2025-07-22,GEE,"Restricted Win",300,4,0,3,5,8,FAIL,no_winner
HOB_2025-07-22_1,2025-07-22,HOB,5,340,5,0,4,2,8,FAIL,no_winner
HOB_2025-07-22_10,2025-07-22,HOB,4,340,6,0,3,2,6,FAIL,no_winner
HOB_2025-07-22_2,2025-07-22,HOB,6,340,6,0,6,2,8,FAIL,no_winner
HOB_2025-07-22_3,2025-07-22,HOB,M,278,6,0,4,2,8,FAIL,no_winner
HOB_2025-07-22_5,2025-07-22,HOB,5,515,6,0,4,2,7,FAIL,no_winner
HOB_2025-07-22_6,2025-07-22,HOB,R/W,461,5,1,4,1,6,FAIL,duplicate_positions
HOB_2025-07-22_7,2025-07-22,HOB,4,515,8,0,5,3,8,FAIL,no_winner
HOB_2025-07-22_8,2025-07-22,HOB,BT8,461,8,1,7,1,8,FAIL,duplicate_positions
HOB_2025-07-22_9,2025-07-22,HOB,5,461,7,0,6,2,7,FAIL,no_winner
HOR_2025-07-22_10,2025-07-22,HOR,"Grade 5",400,5,0,3,2,6,FAIL,no_winner
HOR_2025-07-22_11,2025-07-22,HOR,"Grade 5",410,6,0,3,2,6,FAIL,no_winner
HOR_2025-07-22_12,2025-07-22,HOR,"Grade 5",410,6,1,4,1,7,FAIL,duplicate_positions
HOR_2025-07-22_2,2025-07-22,HOR,Maiden,450,6,1,5,1,6,FAIL,duplicate_positions
HOR_2025-07-22_3,2025-07-22,HOR,"Grade 7",390,5,1,5,1,8,FAIL,max_out_of_range
HOR_2025-07-22_4,2025-07-22,HOR,"Mixed 3/4",390,6,0,5,4,8,FAIL,no_winner
HOR_2025-07-22_5,2025-07-22,HOR,"Mixed 3/4",390,5,1,5,1,8,FAIL,max_out_of_range
HOR_2025-07-22_6,2025-07-22,HOR,"Mixed 4/5",485,4,0,3,2,4,FAIL,no_winner
HOR_2025-07-22_7,2025-07-22,HOR,"Restricted Win Final",485,6,1,5,1,7,FAIL,duplicate_positions
HOR_2025-07-22_8,2025-07-22,HOR,"Grade 5",485,6,1,5,1,7,FAIL,duplicate_positions
HOR_2025-07-22_9,2025-07-22,HOR,"Grade 5",485,5,0,4,2,8,FAIL,no_winner
MAND_2025-07-22_1,2025-07-22,MAND,M,300,5,1,5,1,8,FAIL,max_out_of_range
MAND_2025-07-22_10,2025-07-22,MAND,5,488,6,1,4,1,4,FAIL,duplicate_positions
MAND_2025-07-22_2,2025-07-22,MAND,M,400,7,0,6,2,7,FAIL,no_winner
MAND_2025-07-22_3,2025-07-22,MAND,NOV,300,4,0,3,4,8,FAIL,no_winner
MAND_2025-07-22_4,2025-07-22,MAND,"Tier 3 - Grade 7",400,4,0,3,2,6,FAIL,no_winner
MAND_2025-07-22_5,2025-07-22,MAND,NOV,488,4,0,4,2,6,FAIL,no_winner
MAND_2025-07-22_6,2025-07-22,MAND,NOV,488,3,0,3,5,8,FAIL,no_winner
MAND_2025-07-22_7,2025-07-22,MAND,5,400,8,1,6,1,7,FAIL,duplicate_positions
MAND_2025-07-22_8,2025-07-22,MAND,5/6,400,7,1,5,1,8,FAIL,duplicate_positions
MAND_2025-07-22_9,2025-07-22,MAND,3/4,300,4,0,4,2,8,FAIL,no_winner
MURR_2025-07-22_1,2025-07-22,MURR,6,300,4,1,4,1,5,FAIL,max_out_of_range
MURR_2025-07-22_10,2025-07-22,MURR,"Grade 5",410,5,1,5,1,6,FAIL,max_out_of_range
MURR_2025-07-22_2,2025-07-22,MURR,TG1-4W,305,4,0,4,2,5,FAIL,no_winner
MURR_2025-07-22_3,2025-07-22,MURR,6,350,3,0,2,3,5,FAIL,no_winner
MURR_2025-07-22_4,2025-07-22,MURR,TG1-4W,400,4,1,3,1,6,FAIL,duplicate_positions
MURR_2025-07-22_5,2025-07-22,MURR,2/3/4,342,5,0,3,2,4,FAIL,no_winner
MURR_2025-07-22_6,2025-07-22,MURR,5,530,4,1,4,1,6,FAIL,max_out_of_range
MURR_2025-07-22_7,2025-07-22,MURR,6,300,6,1,4,1,6,FAIL,duplicate_positions
MURR_2025-07-22_9,2025-07-22,MURR,TG1-4W,342,5,0,4,2,8,FAIL,no_winner
Q1L_2025-07-22_1,2025-07-22,Q1L,M,300,7,0,4,2,8,FAIL,no_winner
Q1L_2025-07-22_10,2025-07-22,Q1L,6,366,6,1,3,1,6,FAIL,duplicate_positions
Q1L_2025-07-22_11,2025-07-22,Q1L,5,390,5,0,3,2,7,FAIL,no_winner
Q1L_2025-07-22_12,2025-07-22,Q1L,6,352,7,1,4,1,5,FAIL,duplicate_positions
Q1L_2025-07-22_2,2025-07-22,Q1L,M,390,5,0,4,2,6,FAIL,no_winner
Q1L_2025-07-22_3,2025-07-22,Q1L,M,390,7,1,5,1,5,FAIL,duplicate_positions
Q1L_2025-07-22_4,2025-07-22,Q1L,6,390,7,0,6,2,7,FAIL,no_winner
Q1L_2025-07-22_5,2025-07-22,Q1L,6,390,5,1,4,1,8,FAIL,duplicate_positions
Q1L_2025-07-22_6,2025-07-22,Q1L,5,331,7,1,4,1,4,FAIL,duplicate_positions
Q1L_2025-07-22_7,2025-07-22,Q1L,3/4,390,7,1,5,1,7,FAIL,duplicate_positions
Q1L_2025-07-22_8,2025-07-22,Q1L,1/2,331,6,0,5,4,8,FAIL,no_winner
QOT_-_2025-07-22_5,2025-07-22,QOT_-,6,390,5,1,4,1,8,FAIL,duplicate_positions
RICH_2025-07-22_2,2025-07-22,RICH,M2/M3,300,6,0,5,2,7,FAIL,no_winner
TWN_2025-07-22_1,2025-07-22,TWN,4,380,6,1,5,1,8,FAIL,duplicate_positions
TWN_2025-07-22_10,2025-07-22,TWN,3/4,380,5,1,4,1,6,FAIL,duplicate_positions
TWN_2025-07-22_11,2025-07-22,TWN,4,407,6,1,6,1,7,FAIL,max_out_of_range
TWN_2025-07-22_12,2025-07-22,TWN,P5,380,6,1,5,1,7,FAIL,duplicate_positions
TWN_2025-07-22_3,2025-07-22,TWN,4/5,498,6,0,5,2,7,FAIL,no_winner
TWN_2025-07-22_4,2025-07-22,TWN,R/W,498,6,0,3,4,7,FAIL,no_winner
TWN_2025-07-22_5,2025-07-22,TWN,5,380,6,0,3,4,6,FAIL,no_winner
TWN_2025-07-22_6,2025-07-22,TWN,5,380,7,0,5,3,7,FAIL,no_winner
TWN_2025-07-22_7,2025-07-22,TWN,FFA,380,5,1,5,1,8,FAIL,max_out_of_range
TWN_2025-07-22_8,2025-07-22,TWN,OPEN,498,7,0,5,2,6,FAIL,no_winner
WOL_2025-07-22_4,2025-07-22,WOL,5,340,6,1,5,1,7,FAIL,duplicate_positions
WRGL_2025-07-22_1,2025-07-22,WRGL,"Grade 7",400,4,0,3,2,5,FAIL,no_winner
WRGL_2025-07-22_10,2025-07-22,WRGL,"Grade 5",435,4,0,4,3,8,FAIL,no_winner
WRGL_2025-07-22_11,2025-07-22,WRGL,"S/E Heat",460,8,0,6,2,8,FAIL,no_winner
WRGL_2025-07-22_12,2025-07-22,WRGL,"Grade 5",400,5,1,4,1,6,FAIL,duplicate_positions
WRGL_2025-07-22_2,2025-07-22,WRGL,Maiden,460,7,1,6,1,8,FAIL,duplicate_positions
WRGL_2025-07-22_3,2025-07-22,WRGL,"Mixed 6/7",400,6,1,5,1,8,FAIL,duplicate_positions
WRGL_2025-07-22_4,2025-07-22,WRGL,"Mixed 6/7",400,4,0,2,2,4,FAIL,no_winner
WRGL_2025-07-22_5,2025-07-22,WRGL,"Grade 5",300,4,1,4,1,6,FAIL,max_out_of_range
WRGL_2025-07-22_6,2025-07-22,WRGL,"Mixed 3/4",400,6,0,4,2,7,FAIL,no_winner
WRGL_2025-07-22_7,2025-07-22,WRGL,"Mixed 4/5",485,7,1,4,1,8,FAIL,duplicate_positions
WRGL_2025-07-22_8,2025-07-22,WRGL,"Restricted Win Heat",450,6,1,5,1,7,FAIL,duplicate_positions
WRGL_2025-07-22_9,2025-07-22,WRGL,"Grade 5 Final",525,4,1,3,1,5,FAIL,duplicate_positions
AP_K_2025-07-21_1,2025-07-21,AP_K,5/6,595,5,0,5,2,6,FAIL,no_winner
AP_K_2025-07-21_10,2025-07-21,AP_K,6,342,6,1,4,1,5,FAIL,duplicate_positions
AP_K_2025-07-21_11,2025-07-21,AP_K,4/5,342,5,0,2,2,5,FAIL,no_winner
AP_K_2025-07-21_12,2025-07-21,AP_K,I,400,4,1,4,1,6,FAIL,max_out_of_range
AP_K_2025-07-21_2,2025-07-21,AP_K,M,342,3,0,2,4,6,FAIL,no_winner
AP_K_2025-07-21_3,2025-07-21,AP_K,6,342,4,1,3,1,4,FAIL,duplicate_positions
AP_K_2025-07-21_4,2025-07-21,AP_K,5/6,730,4,1,3,1,7,FAIL,duplicate_positions
AP_K_2025-07-21_5,2025-07-21,AP_K,4/5,300,5,0,3,2,6,FAIL,no_winner
AP_K_2025-07-21_6,2025-07-21,AP_K,5,342,4,0,4,2,6,FAIL,no_winner
AP_K_2025-07-21_7,2025-07-21,AP_K,6,530,5,1,5,1,8,FAIL,max_out_of_range
AP_K_2025-07-21_8,2025-07-21,AP_K,4/5,530,5,1,4,1,5,FAIL,duplicate_positions
AP_K_2025-07-21_9,2025-07-21,AP_K,6,395,3,0,2,2,3,FAIL,no_winner
BAL_2025-07-21_1,2025-07-21,BAL,Maiden,400,7,0,5,2,7,FAIL,no_winner
BAL_2025-07-21_10,2025-07-21,BAL,"Mixed 6/7",450,6,1,5,1,7,FAIL,duplicate_positions
BAL_2025-07-21_11,2025-07-21,BAL,"Mixed 6/7",300,7,0,5,2,7,FAIL,no_winner
BAL_2025-07-21_12,2025-07-21,BAL,"Tier 3 - Grade 6",390,5,0,4,2,8,FAIL,no_winner
BAL_2025-07-21_13,2025-07-21,BAL,"Grade 5",390,7,1,6,1,7,FAIL,duplicate_positions
BAL_2025-07-21_3,2025-07-21,BAL,"Grade 5 T3",390,6,0,4,2,7,FAIL,no_winner
BAL_2025-07-21_4,2025-07-21,BAL,"Grade 5",400,8,1,5,1,8,FAIL,duplicate_positions
BAL_2025-07-21_5,2025-07-21,BAL,"Grade 5 T3",390,7,0,4,4,8,FAIL,no_winner
BAL_2025-07-21_6,2025-07-21,BAL,"Grade 5",410,6,0,4,3,7,FAIL,no_winner
BAL_2025-07-21_7,2025-07-21,BAL,"Grade 5 T3",450,8,0,5,2,6,FAIL,no_winner
BAL_2025-07-21_8,2025-07-21,BAL,"Grade 5 T3",545,5,1,5,1,8,FAIL,max_out_of_range
BAL_2025-07-21_9,2025-07-21,BAL,"Tier 3 - Grade 7",425,4,0,3,2,8,FAIL,no_winner
LAU_2025-07-21_10,2025-07-21,LAU,SE,515,7,0,5,2,8,FAIL,no_winner
LAU_2025-07-21_11,2025-07-21,LAU,FTAMA,278,5,0,5,2,7,FAIL,no_winner
LAU_2025-07-21_2,2025-07-21,LAU,J/M,278,6,1,5,1,7,FAIL,duplicate_positions
LAU_2025-07-21_3,2025-07-21,LAU,5,461,3,0,2,3,6,FAIL,no_winner
LAU_2025-07-21_4,2025-07-21,LAU,5,720,4,1,4,1,5,FAIL,max_out_of_range
LAU_2025-07-21_5,2025-07-21,LAU,MI4/5MA,515,6,0,4,2,6,FAIL,no_winner
LAU_2025-07-21_6,2025-07-21,LAU,5,278,5,1,4,1,5,FAIL,duplicate_positions
LAU_2025-07-21_7,2025-07-21,LAU,5,515,6,1,5,1,6,FAIL,duplicate_positions
LAU_2025-07-21_9,2025-07-21,LAU,5,278,6,0,5,2,8,FAIL,no_winner
NOR_2025-07-21_1,2025-07-21,NOR,M,297,5,0,3,3,6,FAIL,no_winner
NOR_2025-07-21_2,2025-07-21,NOR,NOV,297,6,1,5,1,7,FAIL,duplicate_positions
NOR_2025-07-21_3,2025-07-21,NOR,5,297,4,0,3,4,7,FAIL,no_winner
NOR_2025-07-21_4,2025-07-21,NOR,6,300,7,0,4,4,8,FAIL,no_winner
NOR_2025-07-21_5,2025-07-21,NOR,5,297,4,1,3,1,5,FAIL,duplicate_positions
NOR_2025-07-21_6,2025-07-21,NOR,6,400,6,0,6,2,8,FAIL,no_winner
NOR_2025-07-21_7,2025-07-21,NOR,6,297,5,0,4,3,8,FAIL,no_winner
NOR_2025-07-21_8,2025-07-21,NOR,6,297,6,1,5,1,8,FAIL,duplicate_positions
NOR_2025-07-21_9,2025-07-21,NOR,FFA,297,5,0,4,4,8,FAIL,no_winner
NOW_2025-07-21_1,2025-07-21,NOW,M,350,6,0,5,2,7,FAIL,no_winner
NOW_2025-07-21_10,2025-07-21,NOW,5,365,5,0,4,3,7,FAIL,no_winner
NOW_2025-07-21_2,2025-07-21,NOW,MX,520,6,0,4,2,5,FAIL,no_winner
NOW_2025-07-21_3,2025-07-21,NOW,5,297,7,1,6,1,7,FAIL,duplicate_positions
NOW_2025-07-21_5,2025-07-21,NOW,5,320,8,1,4,1,6,FAIL,duplicate_positions
NOW_2025-07-21_6,2025-07-21,NOW,5,520,6,1,4,1,6,FAIL,duplicate_positions
NOW_2025-07-21_7,2025-07-21,NOW,5,365,6,1,4,1,4,FAIL,duplicate_positions
NOW_2025-07-21_8,2025-07-21,NOW,NG1-4,365,4,1,4,1,6,FAIL,max_out_of_range
NOW_2025-07-21_9,2025-07-21,NOW,4/5,320,6,0,5,3,8,FAIL,no_winner
QST_2025-07-21_1,2025-07-21,QST,M,350,5,0,4,4,7,FAIL,no_winner
QST_2025-07-21_10,2025-07-21,QST,5,350,6,0,4,4,8,FAIL,no_winner
QST_2025-07-21_2,2025-07-21,QST,M,300,5,0,3,2,7,FAIL,no_winner
QST_2025-07-21_3,2025-07-21,QST,6,350,4,1,4,1,8,FAIL,max_out_of_range
QST_2025-07-21_4,2025-07-21,QST,M,331,3,1,3,1,8,FAIL,max_out_of_range
QST_2025-07-21_5,2025-07-21,QST,5,350,5,0,3,2,8,FAIL,no_winner
QST_2025-07-21_6,2025-07-21,QST,5,300,5,1,4,1,8,FAIL,duplicate_positions
QST_2025-07-21_7,2025-07-21,QST,5,600,6,0,4,2,8,FAIL,no_winner
QST_2025-07-21_8,2025-07-21,QST,5,300,5,0,4,2,7,FAIL,no_winner
QST_2025-07-21_9,2025-07-21,QST,4/5,366,5,0,3,3,6,FAIL,no_winner
SAN_2025-07-21_1,2025-07-21,SAN,Maiden,515,5,0,4,3,7,FAIL,no_winner
SAN_2025-07-21_10,2025-07-21,SAN,"Grade 5",350,4,1,2,1,6,FAIL,duplicate_positions
SAN_2025-07-21_11,2025-07-21,SAN,"Grade 5",450,5,0,5,3,7,FAIL,no_winner
SAN_2025-07-21_12,2025-07-21,SAN,"Mixed 6/7",450,5,1,3,1,7,FAIL,duplicate_positions
SAN_2025-07-21_2,2025-07-21,SAN,Maiden,515,5,0,3,6,8,FAIL,no_winner
SAN_2025-07-21_3,2025-07-21,SAN,"Restricted Win",595,4,1,2,1,2,FAIL,duplicate_positions
SAN_2025-07-21_4,2025-07-21,SAN,"Grade 6",435,5,1,5,1,8,FAIL,max_out_of_range
SAN_2025-07-21_5,2025-07-21,SAN,"Mixed 4/5",460,4,1,3,1,7,FAIL,duplicate_positions
SAN_2025-07-21_6,2025-07-21,SAN,"Mixed 4/5",525,3,0,3,3,6,FAIL,no_winner
SAN_2025-07-21_7,2025-07-21,SAN,"Restricted Win Final",485,4,0,3,5,7,FAIL,no_winner
SAN_2025-07-21_8,2025-07-21,SAN,"Mixed 4/5",460,6,1,4,1,7,FAIL,duplicate_positions
SAN_2025-07-21_9,2025-07-21,SAN,"Grade 5",350,5,1,4,1,6,FAIL,duplicate_positions
SHEP_2025-07-21_10,2025-07-21,SHEP,"Grade 7",390,5,1,5,1,7,FAIL,max_out_of_range
SHEP_2025-07-21_11,2025-07-21,SHEP,"Grade 5 T3",390,7,1,5,1,8,FAIL,duplicate_positions
SHEP_2025-07-21_12,2025-07-21,SHEP,"Grade 5 Heat",390,5,0,3,2,5,FAIL,no_winner
SHEP_2025-07-21_13,2025-07-21,SHEP,"Grade 5",450,4,0,4,2,6,FAIL,no_winner
SHEP_2025-07-21_2,2025-07-21,SHEP,Maiden,390,6,0,3,3,8,FAIL,no_winner
SHEP_2025-07-21_3,2025-07-21,SHEP,"Grade 5 T3",390,7,1,6,1,8,FAIL,duplicate_positions
SHEP_2025-07-21_4,2025-07-21,SHEP,"Grade 5",390,6,0,5,2,7,FAIL,no_winner
SHEP_2025-07-21_5,2025-07-21,SHEP,"S/E Veteran",425,5,1,5,1,8,FAIL,max_out_of_range
SHEP_2025-07-21_6,2025-07-21,SHEP,"Grade 5",400,5,0,5,2,8,FAIL,no_winner
SHEP_2025-07-21_7,2025-07-21,SHEP,"Grade 5",450,4,0,3,2,5,FAIL,no_winner
SHEP_2025-07-21_8,2025-07-21,SHEP,"Mixed 4/5",450,4,0,4,2,7,FAIL,no_winner
SHEP_2025-07-21_9,2025-07-21,SHEP,"Grade 7",525,4,0,3,2,8,FAIL,no_winner
WAR_2025-07-21_1,2025-07-21,WAR,Maiden,390,5,0,4,2,7,FAIL,no_winner
WAR_2025-07-21_10,2025-07-21,WAR,"Grade 7",390,5,1,5,1,7,FAIL,max_out_of_range
WAR_2025-07-21_11,2025-07-21,WAR,"Grade 5",390,5,0,3,4,6,FAIL,no_winner
WAR_2025-07-21_12,2025-07-21,WAR,"Grade 6",390,5,1,5,1,8,FAIL,max_out_of_range
WAR_2025-07-21_13,2025-07-21,WAR,"Grade 5 T3",390,4,0,4,2,7,FAIL,no_winner
WAR_2025-07-21_2,2025-07-21,WAR,Maiden,390,5,0,3,2,7,FAIL,no_winner
WAR_2025-07-21_3,2025-07-21,WAR,"Grade 7",390,5,1,4,1,6,FAIL,duplicate_positions
WAR_2025-07-21_4,2025-07-21,WAR,"Mixed 6/7",450,4,0,4,3,7,FAIL,no_winner
WAR_2025-07-21_5,2025-07-21,WAR,"Grade 5",390,5,1,4,1,5,FAIL,duplicate_positions
WAR_2025-07-21_6,2025-07-21,WAR,"Grade 5",450,4,0,3,2,7,FAIL,no_winner
WAR_2025-07-21_7,2025-07-21,WAR,"Mixed 6/7",450,5,0,4,2,5,FAIL,no_winner
WAR_2025-07-21_8,2025-07-21,WAR,"Grade 5 T3",425,5,0,2,4,5,FAIL,no_winner
WAR_2025-07-21_9,2025-07-21,WAR,"Grade 6",390,5,0,4,2,7,FAIL,no_winner
BH_2025-07-20_2,2025-07-20,BH,5,375,5,0,3,3,5,FAIL,no_winner
BH_2025-07-20_3,2025-07-20,BH,MX,375,6,1,5,1,7,FAIL,duplicate_positions
BH_2025-07-20_4,2025-07-20,BH,NG1-4,525,7,0,5,2,6,FAIL,no_winner
BH_2025-07-20_5,2025-07-20,BH,4/5,375,4,1,4,1,8,FAIL,max_out_of_range
BH_2025-07-20_6,2025-07-20,BH,4/5,375,4,1,4,1,5,FAIL,max_out_of_range
BH_2025-07-20_7,2025-07-20,BH,5,375,4,0,4,2,8,FAIL,no_winner
BH_2025-07-20_8,2025-07-20,BH,5,525,6,1,5,1,6,FAIL,duplicate_positions
BUL_2025-07-20_3,2025-07-20,BUL,6,366,5,0,4,4,8,FAIL,no_winner
CAP_2025-07-20_10,2025-07-20,CAP,6,366,7,1,7,1,8,FAIL,max_out_of_range
CAP_2025-07-20_11,2025-07-20,CAP,5,350,7,1,5,1,8,FAIL,duplicate_positions
CAP_2025-07-20_12,2025-07-20,CAP,5,457,6,1,5,1,5,FAIL,duplicate_positions
CAP_2025-07-20_2,2025-07-20,CAP,M,366,5,0,3,2,7,FAIL,no_winner
CAP_2025-07-20_4,2025-07-20,CAP,5,366,5,0,4,2,6,FAIL,no_winner
CAP_2025-07-20_5,2025-07-20,CAP,FFA,450,5,1,3,1,7,FAIL,duplicate_positions
CAP_2025-07-20_6,2025-07-20,CAP,5,457,5,1,5,1,8,FAIL,max_out_of_range
CAP_2025-07-20_7,2025-07-20,CAP,5,457,6,1,4,1,4,FAIL,duplicate_positions
CAP_2025-07-20_8,2025-07-20,CAP,5,300,6,1,5,1,8,FAIL,duplicate_positions
CAP_2025-07-20_9,2025-07-20,CAP,5,457,5,1,5,1,7,FAIL,max_out_of_range
DAR_2025-07-20_1,2025-07-20,DAR,5,383,4,0,4,2,7,FAIL,no_winner
DAR_2025-07-20_2,2025-07-20,DAR,2/3,312,3,0,2,2,3,FAIL,no_winner
DAR_2025-07-20_3,2025-07-20,DAR,5,383,6,1,3,1,6,FAIL,duplicate_positions
DAR_2025-07-20_5,2025-07-20,DAR,5/M,312,4,0,3,2,5,FAIL,no_winner
DAR_2025-07-20_6,2025-07-20,DAR,FFA,537,5,1,3,1,3,FAIL,duplicate_positions
DAR_2025-07-20_7,2025-07-20,DAR,4/5,383,7,1,5,1,7,FAIL,duplicate_positions
DAR_2025-07-20_8,2025-07-20,DAR,5/M,312,3,1,3,1,4,FAIL,max_out_of_range
HEA_2025-07-20_1,2025-07-20,HEA,"Grade 5",435,6,1,3,1,8,FAIL,duplicate_positions
HEA_2025-07-20_10,2025-07-20,HEA,"Grade 5 T3",390,5,1,2,1,3,FAIL,duplicate_positions
HEA_2025-07-20_11,2025-07-20,HEA,"Mixed 4/5",390,5,1,4,1,8,FAIL,duplicate_positions
HEA_2025-07-20_12,2025-07-20,HEA,"Grade 5 T3",300,6,1,5,1,8,FAIL,duplicate_positions
HEA_2025-07-20_2,2025-07-20,HEA,"Grade 5",525,6,0,5,2,8,FAIL,no_winner
HEA_2025-07-20_3,2025-07-20,HEA,"Grade 5 Final",390,6,1,4,1,8,FAIL,duplicate_positions
HEA_2025-07-20_5,2025-07-20,HEA,"Grade 5 Heat",390,7,0,4,2,7,FAIL,no_winner
HEA_2025-07-20_6,2025-07-20,HEA,"Grade 5",525,7,0,4,2,7,FAIL,no_winner
HEA_2025-07-20_7,2025-07-20,HEA,"Grade 5",350,8,0,6,2,7,FAIL,no_winner
HEA_2025-07-20_8,2025-07-20,HEA,"Grade 5",525,6,1,5,1,8,FAIL,duplicate_positions
HEA_2025-07-20_9,2025-07-20,HEA,"Mixed 6/7",350,5,0,3,2,8,FAIL,no_winner
MOUNT_2025-07-20_1,2025-07-20,MOUNT,OPEN,400,4,1,3,1,8,FAIL,duplicate_positions
MOUNT_2025-07-20_10,2025-07-20,MOUNT,5,400,5,0,3,2,5,FAIL,no_winner
MOUNT_2025-07-20_2,2025-07-20,MOUNT,4/5,300,6,0,4,3,7,FAIL,no_winner
MOUNT_2025-07-20_4,2025-07-20,MOUNT,5,400,4,1,4,1,5,FAIL,max_out_of_range
MOUNT_2025-07-20_5,2025-07-20,MOUNT,M,305,6,1,4,1,4,FAIL,duplicate_positions
MOUNT_2025-07-20_6,2025-07-20,MOUNT,5/6,530,7,0,5,2,8,FAIL,no_winner
MOUNT_2025-07-20_7,2025-07-20,MOUNT,3/4/5,512,6,1,4,1,6,FAIL,duplicate_positions
MOUNT_2025-07-20_8,2025-07-20,MOUNT,OPEN,512,5,1,3,1,5,FAIL,duplicate_positions
MOUNT_2025-07-20_9,2025-07-20,MOUNT,6,512,4,0,3,3,6,FAIL,no_winner
MURR_2025-07-20_10,2025-07-20,MURR,TG1-4W,300,4,1,4,1,6,FAIL,max_out_of_range
MURR_2025-07-20_12,2025-07-20,MURR,4/5,455,4,1,3,1,3,FAIL,duplicate_positions
MURR_2025-07-20_2,2025-07-20,MURR,5/6,350,3,1,2,1,2,FAIL,duplicate_positions
MURR_2025-07-20_4,2025-07-20,MURR,5,530,7,1,5,1,5,FAIL,duplicate_positions
MURR_2025-07-20_5,2025-07-20,MURR,5,530,5,1,4,1,8,FAIL,duplicate_positions
MURR_2025-07-20_6,2025-07-20,MURR,5,342,7,1,5,1,8,FAIL,duplicate_positions
MURR_2025-07-20_7,2025-07-20,MURR,6,395,6,1,5,1,8,FAIL,duplicate_positions
MURR_2025-07-20_8,2025-07-20,MURR,TG5+W,530,5,0,4,2,6,FAIL,no_winner
MURR_2025-07-20_9,2025-07-20,MURR,6,455,6,1,4,1,4,FAIL,duplicate_positions
QST_2025-07-20_1,2025-07-20,QST,M,300,7,0,4,2,8,FAIL,no_winner
QST_2025-07-20_10,2025-07-20,QST,5,300,5,0,5,2,8,FAIL,no_winner
QST_2025-07-20_11,2025-07-20,QST,M5,300,7,1,5,1,7,FAIL,duplicate_positions
QST_2025-07-20_12,2025-07-20,QST,P5,366,5,0,4,2,7,FAIL,no_winner
QST_2025-07-20_2,2025-07-20,QST,M,457,7,0,3,3,7,FAIL,no_winner
QST_2025-07-20_3,2025-07-20,QST,6,352,6,0,4,2,5,FAIL,no_winner
QST_2025-07-20_4,2025-07-20,QST,6,366,5,0,2,6,8,FAIL,no_winner
QST_2025-07-20_5,2025-07-20,QST,5,300,6,1,5,1,8,FAIL,duplicate_positions
QST_2025-07-20_6,2025-07-20,QST,BT8,288,8,1,6,1,8,FAIL,duplicate_positions
QST_2025-07-20_7,2025-07-20,QST,5,300,7,0,5,2,8,FAIL,no_winner
QST_2025-07-20_8,2025-07-20,QST,5,300,6,1,6,1,8,FAIL,max_out_of_range
QST_2025-07-20_9,2025-07-20,QST,P5,300,5,0,4,3,8,FAIL,no_winner
RICH_2025-07-20_1,2025-07-20,RICH,M,401,7,0,6,2,8,FAIL,no_winner
RICH_2025-07-20_10,2025-07-20,RICH,4/5,320,7,1,5,1,7,FAIL,duplicate_positions
RICH_2025-07-20_11,2025-07-20,RICH,5,320,7,1,5,1,5,FAIL,duplicate_positions
RICH_2025-07-20_12,2025-07-20,RICH,5,320,7,0,6,2,8,FAIL,no_winner
RICH_2025-07-20_2,2025-07-20,RICH,M,401,5,0,5,2,8,FAIL,no_winner
RICH_2025-07-20_3,2025-07-20,RICH,M2/M3,320,5,1,3,1,5,FAIL,duplicate_positions
RICH_2025-07-20_5,2025-07-20,RICH,5,520,6,0,4,3,7,FAIL,no_winner
RICH_2025-07-20_6,2025-07-20,RICH,5,401,5,1,3,1,7,FAIL,duplicate_positions
RICH_2025-07-20_7,2025-07-20,RICH,5,401,8,1,5,1,7,FAIL,duplicate_positions
RICH_2025-07-20_8,2025-07-20,RICH,5,520,4,0,3,4,8,FAIL,no_winner
RICH_2025-07-20_9,2025-07-20,RICH,5,320,6,0,6,2,8,FAIL,no_winner
ROCK_2025-07-20_10,2025-07-20,ROCK,5,407,6,1,3,1,6,FAIL,duplicate_positions
ROCK_2025-07-20_11,2025-07-20,ROCK,3/4,407,6,0,4,2,8,FAIL,no_winner
ROCK_2025-07-20_3,2025-07-20,ROCK,6,407,4,0,4,3,8,FAIL,no_winner
ROCK_2025-07-20_4,2025-07-20,ROCK,M,407,4,0,3,5,7,FAIL,no_winner
ROCK_2025-07-20_5,2025-07-20,ROCK,5,407,7,1,6,1,7,FAIL,duplicate_positions
ROCK_2025-07-20_6,2025-07-20,ROCK,M5,407,5,0,4,4,8,FAIL,no_winner
ROCK_2025-07-20_7,2025-07-20,ROCK,5,407,7,1,4,1,5,FAIL,duplicate_positions
ROCK_2025-07-20_8,2025-07-20,ROCK,FFA,407,7,1,5,1,6,FAIL,duplicate_positions
ROCK_2025-07-20_9,2025-07-20,ROCK,5,407,3,0,2,3,4,FAIL,no_winner
SAL_2025-07-20_1,2025-07-20,SAL,Maiden,460,6,0,4,3,7,FAIL,no_winner
SAL_2025-07-20_10,2025-07-20,SAL,"Mixed 6/7",515,5,1,5,1,8,FAIL,max_out_of_range
SAL_2025-07-20_11,2025-07-20,SAL,"Grade 5",400,5,1,4,1,6,FAIL,duplicate_positions
SAL_2025-07-20_12,2025-07-20,SAL,"Grade 5 T3",435,6,1,5,1,7,FAIL,duplicate_positions
SAL_2025-07-20_2,2025-07-20,SAL,Maiden,300,6,0,4,3,7,FAIL,no_winner
SAL_2025-07-20_3,2025-07-20,SAL,"Mixed 6/7",515,4,0,3,2,7,FAIL,no_winner
SAL_2025-07-20_4,2025-07-20,SAL,"Grade 5 T3",510,5,0,5,2,6,FAIL,no_winner
SAL_2025-07-20_6,2025-07-20,SAL,"Mixed 4/5",500,5,0,4,2,7,FAIL,no_winner
SAL_2025-07-20_7,2025-07-20,SAL,"Free For All",435,5,0,3,4,6,FAIL,no_winner
SAL_2025-07-20_8,2025-07-20,SAL,"Grade 5",460,5,1,5,1,7,FAIL,max_out_of_range
SAL_2025-07-20_9,2025-07-20,SAL,"Grade 5",435,6,1,4,1,7,FAIL,duplicate_positions
TAR_2025-07-20_1,2025-07-20,TAR,M,300,5,0,4,4,8,FAIL,no_winner
TAR_2025-07-20_10,2025-07-20,TAR,5,300,8,0,5,3,8,FAIL,no_winner
TAR_2025-07-20_11,2025-07-20,TAR,5,300,5,0,5,2,7,FAIL,no_winner
TAR_2025-07-20_12,2025-07-20,TAR,5,300,6,0,4,4,8,FAIL,no_winner
TAR_2025-07-20_2,2025-07-20,TAR,M,300,6,0,5,3,8,FAIL,no_winner
TAR_2025-07-20_3,2025-07-20,TAR,5,350,6,1,5,1,6,FAIL,duplicate_positions
TAR_2025-07-20_4,2025-07-20,TAR,MX,525,6,1,4,1,6,FAIL,duplicate_positions
TAR_2025-07-20_5,2025-07-20,TAR,FFA,300,6,1,4,1,7,FAIL,duplicate_positions
TAR_2025-07-20_7,2025-07-20,TAR,4/5,300,5,0,4,3,8,FAIL,no_winner
TAR_2025-07-20_8,2025-07-20,TAR,5,350,7,0,4,4,8,FAIL,no_winner
TAR_2025-07-20_9,2025-07-20,TAR,5,300,6,0,4,2,6,FAIL,no_winner
AP_K_2025-07-19_1,2025-07-19,AP_K,M,342,3,0,3,2,8,FAIL,no_winner
AP_K_2025-07-19_10,2025-07-19,AP_K,TG5+W,342,4,0,3,2,5,FAIL,no_winner
AP_K_2025-07-19_2,2025-07-19,AP_K,M,342,4,0,3,3,6,FAIL,no_winner
AP_K_2025-07-19_3,2025-07-19,AP_K,6,300,6,0,5,2,6,FAIL,no_winner
AP_K_2025-07-19_4,2025-07-19,AP_K,TG1-4W,342,5,0,2,4,5,FAIL,no_winner
AP_K_2025-07-19_5,2025-07-19,AP_K,TG1-4W,342,6,1,4,1,6,FAIL,duplicate_positions
AP_K_2025-07-19_6,2025-07-19,AP_K,5,300,4,1,3,1,7,FAIL,duplicate_positions
AP_K_2025-07-19_7,2025-07-19,AP_K,5,300,4,0,2,2,5,FAIL,no_winner
AP_K_2025-07-19_8,2025-07-19,AP_K,TG5+W,342,5,0,3,2,5,FAIL,no_winner
AP_K_2025-07-19_9,2025-07-19,AP_K,TG5+W,342,5,0,4,2,5,FAIL,no_winner
BEN_2025-07-19_1,2025-07-19,BEN,Maiden,525,4,0,3,4,7,FAIL,no_winner
BEN_2025-07-19_10,2025-07-19,BEN,"Grade 5",425,5,1,4,1,8,FAIL,duplicate_positions
BEN_2025-07-19_11,2025-07-19,BEN,"Grade 5 T3",400,7,0,5,2,7,FAIL,no_winner
BEN_2025-07-19_12,2025-07-19,BEN,"Grade 5",400,6,1,5,1,8,FAIL,duplicate_positions
BEN_2025-07-19_2,2025-07-19,BEN,Maiden,450,4,0,3,3,7,FAIL,no_winner
BEN_2025-07-19_3,2025-07-19,BEN,"Mixed 6/7",460,5,1,4,1,8,FAIL,duplicate_positions
BEN_2025-07-19_4,2025-07-19,BEN,"Tier 3 - Grade 6",400,5,0,4,2,6,FAIL,no_winner
BEN_2025-07-19_5,2025-07-19,BEN,"Grade 5",425,7,0,5,2,8,FAIL,no_winner
BEN_2025-07-19_6,2025-07-19,BEN,"Grade 5 T3",390,6,1,3,1,4,FAIL,duplicate_positions
BEN_2025-07-19_7,2025-07-19,BEN,"Grade 5 T3",500,7,0,5,2,8,FAIL,no_winner
BEN_2025-07-19_8,2025-07-19,BEN,"Grade 5 T3",500,6,1,4,1,6,FAIL,duplicate_positions
BEN_2025-07-19_9,2025-07-19,BEN,"Mixed 6/7",390,4,0,3,3,7,FAIL,no_winner
CANN_2025-07-19_1,2025-07-19,CANN,NOV,520,7,1,7,1,8,FAIL,max_out_of_range
CANN_2025-07-19_10,2025-07-19,CANN,4/5,381,4,0,4,2,7,FAIL,no_winner
CANN_2025-07-19_11,2025-07-19,CANN,NOV,300,6,0,5,2,7,FAIL,no_winner
CANN_2025-07-19_2,2025-07-19,CANN,NOV,520,7,0,7,2,8,FAIL,no_winner
CANN_2025-07-19_3,2025-07-19,CANN,4/5,601,7,1,5,1,6,FAIL,duplicate_positions
CANN_2025-07-19_4,2025-07-19,CANN,5,520,7,0,5,2,7,FAIL,no_winner
CANN_2025-07-19_5,2025-07-19,CANN,NOV,488,6,0,3,2,5,FAIL,no_winner
CANN_2025-07-19_6,2025-07-19,CANN,"Mixed 4/5",525,4,1,3,1,5,FAIL,duplicate_positions
CANN_2025-07-19_8,2025-07-19,CANN,NOV,520,3,1,3,1,6,FAIL,max_out_of_range
CANN_2025-07-19_9,2025-07-19,CANN,5,601,3,1,2,1,2,FAIL,duplicate_positions
DUB_2025-07-19_1,2025-07-19,DUB,M,318,4,0,3,2,6,FAIL,no_winner
DUB_2025-07-19_10,2025-07-19,DUB,5,431,6,0,3,2,8,FAIL,no_winner
DUB_2025-07-19_11,2025-07-19,DUB,5,318,7,1,4,1,8,FAIL,duplicate_positions
DUB_2025-07-19_12,2025-07-19,DUB,5,318,6,0,4,2,7,FAIL,no_winner
DUB_2025-07-19_2,2025-07-19,DUB,M,318,6,0,5,2,7,FAIL,no_winner
DUB_2025-07-19_3,2025-07-19,DUB,MX,516,7,1,5,1,7,FAIL,duplicate_positions
DUB_2025-07-19_4,2025-07-19,DUB,5,318,7,0,6,2,8,FAIL,no_winner
DUB_2025-07-19_5,2025-07-19,DUB,5,330,4,0,3,4,6,FAIL,no_winner
DUB_2025-07-19_6,2025-07-19,DUB,5,457,7,1,5,1,7,FAIL,duplicate_positions
DUB_2025-07-19_7,2025-07-19,DUB,4/5,400,5,0,4,2,8,FAIL,no_winner
DUB_2025-07-19_8,2025-07-19,DUB,NG1-4,401,5,1,3,1,7,FAIL,duplicate_positions
DUB_2025-07-19_9,2025-07-19,DUB,NG1-4,318,6,1,5,1,6,FAIL,duplicate_positions
GARD_2025-07-19_1,2025-07-19,GARD,M,400,4,0,2,6,7,FAIL,no_winner
GARD_2025-07-19_10,2025-07-19,GARD,M,400,6,1,4,1,7,FAIL,duplicate_positions
GARD_2025-07-19_11,2025-07-19,GARD,4/5,431,6,0,4,4,7,FAIL,no_winner
GARD_2025-07-19_12,2025-07-19,GARD,M3,400,6,0,4,4,7,FAIL,no_winner
GARD_2025-07-19_3,2025-07-19,GARD,5,400,4,1,4,1,6,FAIL,max_out_of_range
GARD_2025-07-19_4,2025-07-19,GARD,5,515,4,1,3,1,3,FAIL,duplicate_positions
GARD_2025-07-19_5,2025-07-19,GARD,5,400,5,1,4,1,7,FAIL,duplicate_positions
GARD_2025-07-19_7,2025-07-19,GARD,5,520,5,1,4,1,8,FAIL,duplicate_positions
GARD_2025-07-19_8,2025-07-19,GARD,5,388,6,0,4,3,8,FAIL,no_winner
MEA_2025-07-19_10,2025-07-19,MEA,"Grade 5",525,6,0,5,2,7,FAIL,no_winner
MEA_2025-07-19_11,2025-07-19,MEA,"Mixed 6/7",450,6,1,5,1,6,FAIL,duplicate_positions
MEA_2025-07-19_12,2025-07-19,MEA,"Group Listed",680,6,0,5,2,7,FAIL,no_winner
MEA_2025-07-19_3,2025-07-19,MEA,"Mixed 4/5",730,4,1,4,1,5,FAIL,max_out_of_range
MEA_2025-07-19_4,2025-07-19,MEA,"Special Event",730,5,1,4,1,6,FAIL,duplicate_positions
MEA_2025-07-19_5,2025-07-19,MEA,"Grade 5",525,6,1,5,1,7,FAIL,duplicate_positions
MEA_2025-07-19_6,2025-07-19,MEA,"Grade 4",515,6,1,4,1,5,FAIL,duplicate_positions
MEA_2025-07-19_7,2025-07-19,MEA,"Mixed 4/5",460,7,1,5,1,8,FAIL,duplicate_positions
MEA_2025-07-19_9,2025-07-19,MEA,"Grade 5",515,6,1,4,1,6,FAIL,duplicate_positions
Q1L_2025-07-19_1,2025-07-19,Q1L,M,407,4,0,3,2,4,FAIL,no_winner
Q1L_2025-07-19_10,2025-07-19,Q1L,5,457,5,1,2,1,3,FAIL,duplicate_positions
Q1L_2025-07-19_12,2025-07-19,Q1L,M5,395,5,1,5,1,8,FAIL,max_out_of_range
Q1L_2025-07-19_2,2025-07-19,Q1L,M,457,5,0,4,2,7,FAIL,no_winner
Q1L_2025-07-19_3,2025-07-19,Q1L,R/W,600,7,1,5,1,6,FAIL,duplicate_positions
Q1L_2025-07-19_4,2025-07-19,Q1L,"Grade 5",515,6,1,5,1,6,FAIL,duplicate_positions
Q1L_2025-07-19_5,2025-07-19,Q1L,5,390,5,0,4,2,6,FAIL,no_winner
Q1L_2025-07-19_6,2025-07-19,Q1L,R/W,600,8,1,6,1,8,FAIL,duplicate_positions
Q1L_2025-07-19_7,2025-07-19,Q1L,R/W,600,8,0,5,2,8,FAIL,no_winner
Q1L_2025-07-19_8,2025-07-19,Q1L,5,642,6,1,6,1,8,FAIL,max_out_of_range
Q1L_2025-07-19_9,2025-07-19,Q1L,4/5,457,6,1,3,1,4,FAIL,duplicate_positions
SAL_2025-07-19_6,2025-07-19,SAL,4/5,400,4,1,4,1,5,FAIL,max_out_of_range
W_PK_2025-07-19_1,2025-07-19,W_PK,5,520,6,0,4,2,5,FAIL,no_winner
W_PK_2025-07-19_10,2025-07-19,W_PK,4/5,520,6,1,5,1,8,FAIL,duplicate_positions
W_PK_2025-07-19_11,2025-07-19,W_PK,5,400,4,1,4,1,6,FAIL,max_out_of_range
W_PK_2025-07-19_12,2025-07-19,W_PK,M1/M2/M3,520,6,1,4,1,6,FAIL,duplicate_positions
W_PK_2025-07-19_2,2025-07-19,W_PK,5,603,4,1,4,1,8,FAIL,max_out_of_range
W_PK_2025-07-19_3,2025-07-19,W_PK,5,630,7,1,5,1,7,FAIL,duplicate_positions
W_PK_2025-07-19_4,2025-07-19,W_PK,5,400,4,0,2,2,3,FAIL,no_winner
W_PK_2025-07-19_5,2025-07-19,W_PK,5,720,5,1,5,1,7,FAIL,max_out_of_range
W_PK_2025-07-19_6,2025-07-19,W_PK,5,630,4,0,4,2,8,FAIL,no_winner
W_PK_2025-07-19_7,2025-07-19,W_PK,5,520,7,1,5,1,5,FAIL,duplicate_positions
W_PK_2025-07-19_8,2025-07-19,W_PK,5,520,6,1,4,1,4,FAIL,duplicate_positions
W_PK_2025-07-19_9,2025-07-19,W_PK,NG1-4,520,4,1,4,1,5,FAIL,max_out_of_range
AP_K_2025-07-18_1,2025-07-18,AP_K,M,342,5,0,3,2,4,FAIL,no_winner
AP_K_2025-07-18_10,2025-07-18,AP_K,TG5+W,342,4,0,3,3,7,FAIL,no_winner
AP_K_2025-07-18_11,2025-07-18,AP_K,5,342,4,0,4,2,6,FAIL,no_winner
AP_K_2025-07-18_12,2025-07-18,AP_K,5,342,5,1,4,1,7,FAIL,duplicate_positions
AP_K_2025-07-18_2,2025-07-18,AP_K,6,530,5,1,3,1,4,FAIL,duplicate_positions
AP_K_2025-07-18_3,2025-07-18,AP_K,TG1-4W,342,4,1,4,1,5,FAIL,max_out_of_range
AP_K_2025-07-18_4,2025-07-18,AP_K,TG5+W,342,4,1,4,1,5,FAIL,max_out_of_range
AP_K_2025-07-18_5,2025-07-18,AP_K,6,595,5,0,4,2,6,FAIL,no_winner
AP_K_2025-07-18_6,2025-07-18,AP_K,5/6,350,5,1,4,1,6,FAIL,duplicate_positions
AP_K_2025-07-18_7,2025-07-18,AP_K,TG5+W,342,5,1,4,1,6,FAIL,duplicate_positions
AP_K_2025-07-18_8,2025-07-18,AP_K,TG1-4W,530,6,0,4,2,6,FAIL,no_winner
BEN_2025-07-18_1,2025-07-18,BEN,Maiden,400,4,0,3,4,7,FAIL,no_winner
BEN_2025-07-18_10,2025-07-18,BEN,"Free For All",410,6,1,6,1,7,FAIL,max_out_of_range
BEN_2025-07-18_11,2025-07-18,BEN,"Grade 5",390,6,1,4,1,5,FAIL,duplicate_positions
BEN_2025-07-18_12,2025-07-18,BEN,"Grade 5",425,7,1,4,1,8,FAIL,duplicate_positions
BEN_2025-07-18_2,2025-07-18,BEN,Maiden,450,3,0,3,2,7,FAIL,no_winner
BEN_2025-07-18_4,2025-07-18,BEN,"Tier 3 - Grade 7",450,6,1,4,1,5,FAIL,duplicate_positions
BEN_2025-07-18_5,2025-07-18,BEN,"Grade 5 Heat",390,6,1,4,1,4,FAIL,duplicate_positions
BEN_2025-07-18_6,2025-07-18,BEN,"Grade 5",400,6,0,5,2,7,FAIL,no_winner
BEN_2025-07-18_7,2025-07-18,BEN,"Grade 5",425,6,1,4,1,7,FAIL,duplicate_positions
BEN_2025-07-18_8,2025-07-18,BEN,"Mixed 3/4",525,7,0,4,2,6,FAIL,no_winner
BEN_2025-07-18_9,2025-07-18,BEN,"Grade 5 T3",450,6,1,4,1,4,FAIL,duplicate_positions
GARD_2025-07-18_1,2025-07-18,GARD,M,400,5,0,5,3,7,FAIL,no_winner
GARD_2025-07-18_10,2025-07-18,GARD,4/5,400,6,1,5,1,7,FAIL,duplicate_positions
GARD_2025-07-18_11,2025-07-18,GARD,5,400,7,0,5,2,8,FAIL,no_winner
GARD_2025-07-18_12,2025-07-18,GARD,5,400,6,1,6,1,8,FAIL,max_out_of_range
GARD_2025-07-18_2,2025-07-18,GARD,5,515,6,0,4,2,6,FAIL,no_winner
GARD_2025-07-18_3,2025-07-18,GARD,M3,400,8,1,6,1,7,FAIL,duplicate_positions
GARD_2025-07-18_4,2025-07-18,GARD,M,400,5,1,4,1,8,FAIL,duplicate_positions
GARD_2025-07-18_5,2025-07-18,GARD,5,400,4,1,4,1,8,FAIL,max_out_of_range
GARD_2025-07-18_6,2025-07-18,GARD,5,400,8,1,7,1,7,FAIL,duplicate_positions
GARD_2025-07-18_9,2025-07-18,GARD,5,400,7,1,5,1,6,FAIL,duplicate_positions
GEE_2025-07-18_1,2025-07-18,GEE,Maiden,425,5,0,4,2,7,FAIL,no_winner
GEE_2025-07-18_10,2025-07-18,GEE,"Grade 5",525,5,1,4,1,8,FAIL,duplicate_positions
GEE_2025-07-18_11,2025-07-18,GEE,"Grade 5",400,6,0,3,3,8,FAIL,no_winner
GEE_2025-07-18_12,2025-07-18,GEE,"Mixed 4/5",400,5,0,3,5,7,FAIL,no_winner
GEE_2025-07-18_2,2025-07-18,GEE,Maiden,400,6,0,4,3,8,FAIL,no_winner
GEE_2025-07-18_3,2025-07-18,GEE,"Grade 6",390,5,1,3,1,5,FAIL,duplicate_positions
GEE_2025-07-18_4,2025-07-18,GEE,"Grade 5",390,5,1,4,1,6,FAIL,duplicate_positions
GEE_2025-07-18_5,2025-07-18,GEE,"Free For All",350,6,1,5,1,7,FAIL,duplicate_positions
GEE_2025-07-18_6,2025-07-18,GEE,"Grade 5 No Penalty",515,5,1,5,1,6,FAIL,max_out_of_range
GEE_2025-07-18_7,2025-07-18,GEE,"S/E Group 2",595,5,1,3,1,6,FAIL,duplicate_positions
GEE_2025-07-18_8,2025-07-18,GEE,"Grade 5",600,6,0,4,2,8,FAIL,no_winner
GEE_2025-07-18_9,2025-07-18,GEE,"Free For All",390,5,0,3,2,6,FAIL,no_winner
GOUL_2025-07-18_1,2025-07-18,GOUL,M,350,4,0,4,3,7,FAIL,no_winner
GOUL_2025-07-18_2,2025-07-18,GOUL,M,440,6,0,5,2,8,FAIL,no_winner
GOUL_2025-07-18_4,2025-07-18,GOUL,5,330,6,1,5,1,8,FAIL,duplicate_positions
GOUL_2025-07-18_5,2025-07-18,GOUL,4/5,350,4,0,3,3,7,FAIL,no_winner
GOUL_2025-07-18_6,2025-07-18,GOUL,5,350,6,1,4,1,6,FAIL,duplicate_positions
GOUL_2025-07-18_7,2025-07-18,GOUL,5,350,7,0,5,4,8,FAIL,no_winner
GOUL_2025-07-18_8,2025-07-18,GOUL,4,318,4,1,4,1,7,FAIL,max_out_of_range
GOUL_2025-07-18_9,2025-07-18,GOUL,5,350,6,1,4,1,6,FAIL,duplicate_positions
HEA_2025-07-18_1,2025-07-18,HEA,"Tier 3 - Maiden",300,7,0,5,2,7,FAIL,no_winner
HEA_2025-07-18_10,2025-07-18,HEA,"Mixed 6/7",300,6,0,5,2,8,FAIL,no_winner
HEA_2025-07-18_11,2025-07-18,HEA,"Tier 3 - Restricted Win",350,5,0,5,2,8,FAIL,no_winner
HEA_2025-07-18_12,2025-07-18,HEA,"Grade 5 T3",300,7,0,6,2,8,FAIL,no_winner
HEA_2025-07-18_2,2025-07-18,HEA,"Grade 6",350,6,0,4,2,8,FAIL,no_winner
HEA_2025-07-18_3,2025-07-18,HEA,"Grade 5",350,5,0,5,3,8,FAIL,no_winner
HEA_2025-07-18_4,2025-07-18,HEA,"Grade 5 T3",300,5,1,4,1,6,FAIL,duplicate_positions
HEA_2025-07-18_5,2025-07-18,HEA,"Grade 5",300,7,0,5,2,7,FAIL,no_winner
HEA_2025-07-18_6,2025-07-18,HEA,"Grade 5 T3",350,4,1,3,1,5,FAIL,duplicate_positions
HEA_2025-07-18_7,2025-07-18,HEA,"Grade 5 T3",350,7,1,5,1,6,FAIL,duplicate_positions
HEA_2025-07-18_8,2025-07-18,HEA,"Restricted Win",350,6,1,5,1,6,FAIL,duplicate_positions
HEA_2025-07-18_9,2025-07-18,HEA,"Tier 3 - Maiden",390,5,0,4,3,8,FAIL,no_winner
MAND_2025-07-18_1,2025-07-18,MAND,NOV,300,6,0,3,2,6,FAIL,no_winner
MAND_2025-07-18_10,2025-07-18,MAND,4,400,6,1,5,1,5,FAIL,duplicate_positions
MAND_2025-07-18_11,2025-07-18,MAND,4/5,381,5,1,5,1,8,FAIL,max_out_of_range
MAND_2025-07-18_12,2025-07-18,MAND,4,300,5,0,4,3,7,FAIL,no_winner
MAND_2025-07-18_2,2025-07-18,MAND,M,488,5,0,4,2,6,FAIL,no_winner
MAND_2025-07-18_3,2025-07-18,MAND,6,300,6,0,4,2,7,FAIL,no_winner
MAND_2025-07-18_5,2025-07-18,MAND,NOV,381,5,1,5,1,6,FAIL,max_out_of_range
MAND_2025-07-18_6,2025-07-18,MAND,4,400,7,1,4,1,6,FAIL,duplicate_positions
MAND_2025-07-18_7,2025-07-18,MAND,OPEN,520,5,0,4,2,7,FAIL,no_winner
MAND_2025-07-18_8,2025-07-18,MAND,5,520,5,1,4,1,6,FAIL,duplicate_positions
MAND_2025-07-18_9,2025-07-18,MAND,5,520,7,0,4,2,6,FAIL,no_winner
QST_2025-07-18_1,2025-07-18,QST,PM,431,7,0,5,2,7,FAIL,no_winner
QST_2025-07-18_10,2025-07-18,QST,M5,390,6,0,4,3,7,FAIL,no_winner
QST_2025-07-18_2,2025-07-18,QST,6,366,5,0,3,2,5,FAIL,no_winner
QST_2025-07-18_3,2025-07-18,QST,6,457,3,0,3,3,8,FAIL,no_winner
QST_2025-07-18_5,2025-07-18,QST,5,350,6,1,5,1,6,FAIL,duplicate_positions
QST_2025-07-18_6,2025-07-18,QST,5,331,4,1,3,1,7,FAIL,duplicate_positions
QST_2025-07-18_7,2025-07-18,QST,6,350,5,1,4,1,6,FAIL,duplicate_positions
QST_2025-07-18_8,2025-07-18,QST,5,520,6,0,4,2,8,FAIL,no_winner
QST_2025-07-18_9,2025-07-18,QST,5,350,5,0,4,3,8,FAIL,no_winner
RICH_2025-07-18_1,2025-07-18,RICH,MX,520,4,0,4,3,7,FAIL,no_winner
RICH_2025-07-18_10,2025-07-18,RICH,5,320,7,0,3,6,8,FAIL,no_winner
RICH_2025-07-18_11,2025-07-18,RICH,5,400,5,1,3,1,7,FAIL,duplicate_positions
RICH_2025-07-18_12,2025-07-18,RICH,5,388,5,1,4,1,8,FAIL,duplicate_positions
RICH_2025-07-18_2,2025-07-18,RICH,M3,388,4,0,3,2,7,FAIL,no_winner
RICH_2025-07-18_3,2025-07-18,RICH,M2/M3,320,4,0,4,2,6,FAIL,no_winner
RICH_2025-07-18_4,2025-07-18,RICH,5,520,5,0,3,3,6,FAIL,no_winner
RICH_2025-07-18_5,2025-07-18,RICH,5,520,4,0,3,4,7,FAIL,no_winner
RICH_2025-07-18_6,2025-07-18,RICH,5,520,6,0,5,2,7,FAIL,no_winner
RICH_2025-07-18_8,2025-07-18,RICH,4/5,320,6,0,4,5,8,FAIL,no_winner
RICH_2025-07-18_9,2025-07-18,RICH,5,400,5,0,4,2,8,FAIL,no_winner
TWN_2025-07-18_1,2025-07-18,TWN,PM,380,7,0,4,2,7,FAIL,no_winner
TWN_2025-07-18_10,2025-07-18,TWN,5,407,7,1,6,1,8,FAIL,duplicate_positions
TWN_2025-07-18_11,2025-07-18,TWN,R/W,498,6,0,4,2,8,FAIL,no_winner
TWN_2025-07-18_12,2025-07-18,TWN,5,380,7,0,5,4,8,FAIL,no_winner
TWN_2025-07-18_2,2025-07-18,TWN,6,380,5,0,4,4,8,FAIL,no_winner
TWN_2025-07-18_3,2025-07-18,TWN,M,407,7,1,6,1,6,FAIL,duplicate_positions
TWN_2025-07-18_4,2025-07-18,TWN,M,380,7,1,5,1,6,FAIL,duplicate_positions
TWN_2025-07-18_5,2025-07-18,TWN,R/W,498,7,0,4,3,6,FAIL,no_winner
TWN_2025-07-18_6,2025-07-18,TWN,5,380,6,0,4,4,8,FAIL,no_winner
TWN_2025-07-18_7,2025-07-18,TWN,P5,380,5,1,4,1,6,FAIL,duplicate_positions
TWN_2025-07-18_8,2025-07-18,TWN,R/W,498,6,0,4,2,7,FAIL,no_winner
TWN_2025-07-18_9,2025-07-18,TWN,5,380,7,0,5,2,7,FAIL,no_winner
WAG_2025-07-18_1,2025-07-18,WAG,M,400,4,0,3,2,8,FAIL,no_winner
WAG_2025-07-18_10,2025-07-18,WAG,5,330,4,1,4,1,6,FAIL,max_out_of_range
WAG_2025-07-18_11,2025-07-18,WAG,M,320,4,1,3,1,7,FAIL,duplicate_positions
WAG_2025-07-18_2,2025-07-18,WAG,M,320,6,1,4,1,4,FAIL,duplicate_positions
WAG_2025-07-18_3,2025-07-18,WAG,4,320,7,1,7,1,8,FAIL,max_out_of_range
WAG_2025-07-18_4,2025-07-18,WAG,5,330,7,0,4,2,8,FAIL,no_winner
WAG_2025-07-18_5,2025-07-18,WAG,5,320,6,0,3,2,6,FAIL,no_winner
WAG_2025-07-18_6,2025-07-18,WAG,4/5,457,5,0,4,2,5,FAIL,no_winner
WAG_2025-07-18_7,2025-07-18,WAG,5,320,6,1,3,1,3,FAIL,duplicate_positions
WAG_2025-07-18_8,2025-07-18,WAG,4/5,330,5,0,3,4,7,FAIL,no_winner
WRGL_2025-07-18_1,2025-07-18,WRGL,Maiden,400,3,0,3,2,7,FAIL,no_winner
WRGL_2025-07-18_10,2025-07-18,WRGL,"Mixed 6/7 Final",435,6,0,4,2,8,FAIL,no_winner
WRGL_2025-07-18_11,2025-07-18,WRGL,"Grade 7",400,5,1,3,1,4,FAIL,duplicate_positions
WRGL_2025-07-18_12,2025-07-18,WRGL,"Grade 5 Final",400,6,1,4,1,7,FAIL,duplicate_positions
WRGL_2025-07-18_4,2025-07-18,WRGL,Maiden,515,4,0,4,2,5,FAIL,no_winner
WRGL_2025-07-18_5,2025-07-18,WRGL,OPEN,520,6,0,4,3,7,FAIL,no_winner
WRGL_2025-07-18_6,2025-07-18,WRGL,"Grade 5",460,6,0,6,2,7,FAIL,no_winner
WRGL_2025-07-18_7,2025-07-18,WRGL,"Mixed 6/7",400,6,1,4,1,5,FAIL,duplicate_positions
WRGL_2025-07-18_8,2025-07-18,WRGL,"Free For All",435,6,1,4,1,7,FAIL,duplicate_positions
AP_K_2025-07-17_1,2025-07-17,AP_K,4/5,595,4,0,3,2,5,FAIL,no_winner
AP_K_2025-07-17_10,2025-07-17,AP_K,6,530,5,0,3,2,6,FAIL,no_winner
AP_K_2025-07-17_11,2025-07-17,AP_K,6,455,5,0,4,3,8,FAIL,no_winner
AP_K_2025-07-17_12,2025-07-17,AP_K,6,530,4,0,4,2,7,FAIL,no_winner
AP_K_2025-07-17_2,2025-07-17,AP_K,OPEN,530,3,0,3,2,7,FAIL,no_winner
AP_K_2025-07-17_3,2025-07-17,AP_K,I,530,5,0,4,3,6,FAIL,no_winner
AP_K_2025-07-17_4,2025-07-17,AP_K,4/5/6,680,4,0,3,2,4,FAIL,no_winner
AP_K_2025-07-17_5,2025-07-17,AP_K,TG5+W,342,6,1,4,1,5,FAIL,duplicate_positions
AP_K_2025-07-17_6,2025-07-17,AP_K,SE,530,7,1,4,1,4,FAIL,duplicate_positions
AP_K_2025-07-17_7,2025-07-17,AP_K,OPEN,530,4,0,2,2,4,FAIL,no_winner
AP_K_2025-07-17_8,2025-07-17,AP_K,6,342,6,1,5,1,6,FAIL,duplicate_positions
AP_K_2025-07-17_9,2025-07-17,AP_K,4/5,595,4,1,4,1,8,FAIL,max_out_of_range
CAS_2025-07-17_10,2025-07-17,CAS,5,300,5,1,4,1,8,FAIL,duplicate_positions
CAS_2025-07-17_11,2025-07-17,CAS,5,300,5,1,4,1,6,FAIL,duplicate_positions
CAS_2025-07-17_12,2025-07-17,CAS,5,300,4,1,4,1,8,FAIL,max_out_of_range
CAS_2025-07-17_2,2025-07-17,CAS,5,484,5,1,5,1,7,FAIL,max_out_of_range
CAS_2025-07-17_3,2025-07-17,CAS,4/5,300,4,1,4,1,8,FAIL,max_out_of_range
CAS_2025-07-17_4,2025-07-17,CAS,5,411,5,0,4,2,7,FAIL,no_winner
CAS_2025-07-17_5,2025-07-17,CAS,4/5,390,4,0,4,2,7,FAIL,no_winner
CAS_2025-07-17_6,2025-07-17,CAS,NG1-4,350,3,0,3,2,6,FAIL,no_winner
CAS_2025-07-17_8,2025-07-17,CAS,4/5,350,7,1,5,1,7,FAIL,duplicate_positions
CAS_2025-07-17_9,2025-07-17,CAS,5,411,5,0,3,4,7,FAIL,no_winner
DAPT_2025-07-17_1,2025-07-17,DAPT,M,400,4,0,3,3,7,FAIL,no_winner
DAPT_2025-07-17_10,2025-07-17,DAPT,NG1-4,297,5,1,4,1,4,FAIL,duplicate_positions
DAPT_2025-07-17_11,2025-07-17,DAPT,5,297,6,0,5,2,8,FAIL,no_winner
DAPT_2025-07-17_12,2025-07-17,DAPT,5,365,6,0,2,5,7,FAIL,no_winner
DAPT_2025-07-17_2,2025-07-17,DAPT,MX,520,3,0,3,2,6,FAIL,no_winner
DAPT_2025-07-17_4,2025-07-17,DAPT,M3,297,5,1,4,1,7,FAIL,duplicate_positions
DAPT_2025-07-17_5,2025-07-17,DAPT,5,365,4,0,4,2,7,FAIL,no_winner
DAPT_2025-07-17_6,2025-07-17,DAPT,5,297,6,0,5,2,8,FAIL,no_winner
DAPT_2025-07-17_7,2025-07-17,DAPT,MX,600,4,0,4,2,7,FAIL,no_winner
DAPT_2025-07-17_8,2025-07-17,DAPT,4/5,297,6,1,5,1,7,FAIL,duplicate_positions
DAPT_2025-07-17_9,2025-07-17,DAPT,5,520,6,1,5,1,7,FAIL,duplicate_positions
HOB_2025-07-17_1,2025-07-17,HOB,J/M,278,7,1,7,1,8,FAIL,max_out_of_range
HOB_2025-07-17_10,2025-07-17,HOB,MI4/5MA,340,7,0,5,2,8,FAIL,no_winner
HOB_2025-07-17_11,2025-07-17,HOB,MI4/5MA,340,7,1,6,1,7,FAIL,duplicate_positions
HOB_2025-07-17_3,2025-07-17,HOB,4,340,5,1,4,1,8,FAIL,duplicate_positions
HOB_2025-07-17_4,2025-07-17,HOB,5,278,6,0,4,2,7,FAIL,no_winner
HOB_2025-07-17_5,2025-07-17,HOB,R/W,461,4,0,4,2,8,FAIL,no_winner
HOB_2025-07-17_6,2025-07-17,HOB,4,278,8,1,6,1,6,FAIL,duplicate_positions
HOB_2025-07-17_7,2025-07-17,HOB,INV,515,6,1,4,1,4,FAIL,duplicate_positions
HOB_2025-07-17_8,2025-07-17,HOB,3/4,461,6,1,4,1,6,FAIL,duplicate_positions
MAND_2025-07-17_1,2025-07-17,MAND,M,300,5,0,4,2,8,FAIL,no_winner
MAND_2025-07-17_10,2025-07-17,MAND,4,300,6,0,4,4,8,FAIL,no_winner
MAND_2025-07-17_11,2025-07-17,MAND,"Grade 5 Tier 3 Heat",515,6,0,5,3,7,FAIL,no_winner
MAND_2025-07-17_2,2025-07-17,MAND,NOV,297,8,1,6,1,8,FAIL,duplicate_positions
MAND_2025-07-17_3,2025-07-17,MAND,4/5,601,6,0,4,2,8,FAIL,no_winner
MAND_2025-07-17_4,2025-07-17,MAND,5,300,9,0,6,2,8,FAIL,no_winner
MAND_2025-07-17_5,2025-07-17,MAND,5,400,6,1,5,1,7,FAIL,duplicate_positions
MAND_2025-07-17_6,2025-07-17,MAND,5,488,7,0,4,3,8,FAIL,no_winner
MAND_2025-07-17_7,2025-07-17,MAND,4,300,5,1,4,1,6,FAIL,duplicate_positions
MAND_2025-07-17_8,2025-07-17,MAND,5,488,5,0,3,4,6,FAIL,no_winner
MAND_2025-07-17_9,2025-07-17,MAND,3/4,300,5,1,4,1,5,FAIL,duplicate_positions
MOUNT_2025-07-17_1,2025-07-17,MOUNT,M,395,3,0,3,3,6,FAIL,no_winner
MOUNT_2025-07-17_10,2025-07-17,MOUNT,TG5+W,400,3,0,2,3,6,FAIL,no_winner
MOUNT_2025-07-17_11,2025-07-17,MOUNT,"Tier 3 - Grade 7",300,5,0,4,2,8,FAIL,no_winner
MOUNT_2025-07-17_12,2025-07-17,MOUNT,TG1-4W,305,4,0,3,2,4,FAIL,no_winner
MOUNT_2025-07-17_2,2025-07-17,MOUNT,M,305,3,0,3,2,5,FAIL,no_winner
MOUNT_2025-07-17_3,2025-07-17,MOUNT,6,342,6,0,5,2,7,FAIL,no_winner
MOUNT_2025-07-17_4,2025-07-17,MOUNT,TG1-4W,305,5,1,4,1,8,FAIL,duplicate_positions
MOUNT_2025-07-17_5,2025-07-17,MOUNT,6,395,6,0,5,2,7,FAIL,no_winner
MOUNT_2025-07-17_6,2025-07-17,MOUNT,TG1-4W,400,5,1,3,1,4,FAIL,duplicate_positions
MOUNT_2025-07-17_7,2025-07-17,MOUNT,4/5,395,3,0,2,3,4,FAIL,no_winner
MOUNT_2025-07-17_8,2025-07-17,MOUNT,TG5+W,400,6,0,4,2,6,FAIL,no_winner
MOUNT_2025-07-17_9,2025-07-17,MOUNT,TG5+W,400,4,1,4,1,7,FAIL,max_out_of_range
Q1L_2025-07-17_10,2025-07-17,Q1L,5,457,6,0,4,2,7,FAIL,no_winner
Q1L_2025-07-17_11,2025-07-17,Q1L,5,390,5,1,4,1,8,FAIL,duplicate_positions
Q1L_2025-07-17_12,2025-07-17,Q1L,OPEN,595,5,1,3,1,4,FAIL,duplicate_positions
Q1L_2025-07-17_2,2025-07-17,Q1L,5,642,5,0,4,3,7,FAIL,no_winner
Q1L_2025-07-17_3,2025-07-17,Q1L,5,457,7,0,4,4,8,FAIL,no_winner
Q1L_2025-07-17_4,2025-07-17,Q1L,OPEN,520,8,1,6,1,8,FAIL,duplicate_positions
Q1L_2025-07-17_5,2025-07-17,Q1L,M5,520,7,1,5,1,8,FAIL,duplicate_positions
Q1L_2025-07-17_6,2025-07-17,Q1L,OPEN,366,8,0,4,2,6,FAIL,no_winner
Q1L_2025-07-17_8,2025-07-17,Q1L,5,550,7,1,5,1,7,FAIL,duplicate_positions
Q1L_2025-07-17_9,2025-07-17,Q1L,4/5,520,4,1,3,1,6,FAIL,duplicate_positions
QST_2025-07-17_1,2025-07-17,QST,M,300,6,0,6,2,8,FAIL,no_winner
QST_2025-07-17_10,2025-07-17,QST,M5,300,5,0,4,2,6,FAIL,no_winner
QST_2025-07-17_2,2025-07-17,QST,M,457,6,0,2,7,8,FAIL,no_winner
QST_2025-07-17_3,2025-07-17,QST,6,350,6,0,4,4,8,FAIL,no_winner
QST_2025-07-17_4,2025-07-17,QST,6,300,6,1,4,1,7,FAIL,duplicate_positions
QST_2025-07-17_5,2025-07-17,QST,5,300,5,1,4,1,5,FAIL,duplicate_positions
QST_2025-07-17_7,2025-07-17,QST,5,352,7,0,4,4,8,FAIL,no_winner
QST_2025-07-17_8,2025-07-17,QST,5,318,7,0,4,3,6,FAIL,no_winner
QST_2025-07-17_9,2025-07-17,QST,5,300,6,0,3,5,8,FAIL,no_winner
RICH_2025-07-17_1,2025-07-17,RICH,M,324,4,0,3,4,8,FAIL,no_winner
RICH_2025-07-17_10,2025-07-17,RICH,5,324,5,1,4,1,7,FAIL,duplicate_positions
RICH_2025-07-17_11,2025-07-17,RICH,M1/M2/M3,324,4,0,2,2,6,FAIL,no_winner
RICH_2025-07-17_12,2025-07-17,RICH,3/4,324,6,0,4,2,8,FAIL,no_winner
RICH_2025-07-17_2,2025-07-17,RICH,M,324,5,0,4,3,7,FAIL,no_winner
RICH_2025-07-17_3,2025-07-17,RICH,M,324,5,0,3,2,6,FAIL,no_winner
RICH_2025-07-17_4,2025-07-17,RICH,M3,324,6,1,5,1,6,FAIL,duplicate_positions
RICH_2025-07-17_6,2025-07-17,RICH,5,401,8,1,6,1,8,FAIL,duplicate_positions
RICH_2025-07-17_7,2025-07-17,RICH,M,324,5,0,3,2,8,FAIL,no_winner
RICH_2025-07-17_8,2025-07-17,RICH,5,320,5,1,3,1,6,FAIL,duplicate_positions
RICH_2025-07-17_9,2025-07-17,RICH,5,324,5,1,5,1,8,FAIL,max_out_of_range
SAN_2025-07-17_1,2025-07-17,SAN,"Maiden Heat",515,5,1,3,1,3,FAIL,duplicate_positions
SAN_2025-07-17_10,2025-07-17,SAN,"Grade 5 Heat",435,4,1,3,1,4,FAIL,duplicate_positions
SAN_2025-07-17_11,2025-07-17,SAN,"Grade 5",460,7,1,6,1,8,FAIL,duplicate_positions
SAN_2025-07-17_12,2025-07-17,SAN,"Grade 5",525,6,0,4,2,7,FAIL,no_winner
SAN_2025-07-17_2,2025-07-17,SAN,"Mixed 6/7",515,7,0,4,3,7,FAIL,no_winner
SAN_2025-07-17_3,2025-07-17,SAN,Maiden,450,3,1,3,1,6,FAIL,max_out_of_range
SAN_2025-07-17_4,2025-07-17,SAN,"Grade 5",515,5,0,4,2,7,FAIL,no_winner
SAN_2025-07-17_5,2025-07-17,SAN,"Mixed 4/5",515,6,0,4,2,5,FAIL,no_winner
SAN_2025-07-17_6,2025-07-17,SAN,"Free For All",515,4,0,3,2,7,FAIL,no_winner
SAN_2025-07-17_7,2025-07-17,SAN,"Grade 5",595,5,0,3,2,4,FAIL,no_winner
SAN_2025-07-17_8,2025-07-17,SAN,"Mixed 3/4",595,6,1,4,1,4,FAIL,duplicate_positions
SAN_2025-07-17_9,2025-07-17,SAN,"Grade 5",515,5,1,5,1,7,FAIL,max_out_of_range
SHEP_2025-07-17_1,2025-07-17,SHEP,"Tier 3 - Maiden",390,5,0,2,6,7,FAIL,no_winner
SHEP_2025-07-17_10,2025-07-17,SHEP,"Mixed 6/7",350,6,1,4,1,7,FAIL,duplicate_positions
SHEP_2025-07-17_12,2025-07-17,SHEP,"Grade 5 T3",450,5,0,3,4,7,FAIL,no_winner
SHEP_2025-07-17_13,2025-07-17,SHEP,"Grade 5 T3",390,5,0,4,5,8,FAIL,no_winner
SHEP_2025-07-17_2,2025-07-17,SHEP,Maiden,390,4,0,3,5,7,FAIL,no_winner
SHEP_2025-07-17_3,2025-07-17,SHEP,"Tier 3 - Maiden",450,6,0,4,4,8,FAIL,no_winner
SHEP_2025-07-17_5,2025-07-17,SHEP,"Grade 5 T3",350,6,0,4,2,7,FAIL,no_winner
SHEP_2025-07-17_6,2025-07-17,SHEP,"Grade 6",350,5,1,4,1,8,FAIL,duplicate_positions
SHEP_2025-07-17_7,2025-07-17,SHEP,"Grade 5 T3",300,5,0,4,4,8,FAIL,no_winner
SHEP_2025-07-17_8,2025-07-17,SHEP,"Grade 5 T3",450,5,0,3,4,7,FAIL,no_winner
SHEP_2025-07-17_9,2025-07-17,SHEP,"Mixed 6/7",410,6,0,3,4,7,FAIL,no_winner
WAR_2025-07-17_1,2025-07-17,WAR,"Grade 7",390,6,1,4,1,4,FAIL,duplicate_positions
WAR_2025-07-17_10,2025-07-17,WAR,"Grade 5",410,5,0,5,2,8,FAIL,no_winner
WAR_2025-07-17_11,2025-07-17,WAR,"Grade 5",400,4,0,4,4,7,FAIL,no_winner
WAR_2025-07-17_12,2025-07-17,WAR,"Grade 5",390,4,1,4,1,8,FAIL,max_out_of_range
WAR_2025-07-17_13,2025-07-17,WAR,"Grade 5",450,4,0,3,4,7,FAIL,no_winner
WAR_2025-07-17_2,2025-07-17,WAR,"Grade 5",450,5,0,4,2,7,FAIL,no_winner
WAR_2025-07-17_3,2025-07-17,WAR,"Mixed 6/7",515,4,1,3,1,7,FAIL,duplicate_positions
WAR_2025-07-17_4,2025-07-17,WAR,"Grade 5",460,5,1,4,1,5,FAIL,duplicate_positions
WAR_2025-07-17_6,2025-07-17,WAR,"Grade 5",390,4,1,4,1,8,FAIL,max_out_of_range
WAR_2025-07-17_7,2025-07-17,WAR,"Grade 5",450,5,1,4,1,7,FAIL,duplicate_positions
WAR_2025-07-17_8,2025-07-17,WAR,"Mixed 4/5",450,7,1,5,1,6,FAIL,duplicate_positions
WAR_2025-07-17_9,2025-07-17,WAR,"Grade 5",390,4,0,4,3,6,FAIL,no_winner
WRGL_2025-07-17_1,2025-07-17,WRGL,Maiden,515,4,0,3,4,6,FAIL,no_winner
WRGL_2025-07-17_10,2025-07-17,WRGL,"Grade 5 T3",400,6,1,5,1,7,FAIL,duplicate_positions
WRGL_2025-07-17_11,2025-07-17,WRGL,"Grade 5",300,5,1,4,1,8,FAIL,duplicate_positions
WRGL_2025-07-17_12,2025-07-17,WRGL,"Grade 5 T3",350,6,0,5,2,8,FAIL,no_winner
WRGL_2025-07-17_2,2025-07-17,WRGL,Maiden,435,5,0,3,6,8,FAIL,no_winner
WRGL_2025-07-17_3,2025-07-17,WRGL,Maiden,390,5,0,3,3,8,FAIL,no_winner
WRGL_2025-07-17_4,2025-07-17,WRGL,"Tier 3 - Grade 7",390,5,0,3,5,7,FAIL,no_winner
WRGL_2025-07-17_5,2025-07-17,WRGL,"Grade 5",300,6,0,4,5,8,FAIL,no_winner
WRGL_2025-07-17_6,2025-07-17,WRGL,"Grade 5",435,5,0,4,3,7,FAIL,no_winner
WRGL_2025-07-17_7,2025-07-17,WRGL,"Grade 5",435,5,0,2,6,8,FAIL,no_winner
WRGL_2025-07-17_8,2025-07-17,WRGL,"Grade 5 T3",460,5,0,5,2,8,FAIL,no_winner
W_PK_2025-07-17_1,2025-07-17,W_PK,MX,600,6,1,5,1,6,FAIL,duplicate_positions
W_PK_2025-07-17_10,2025-07-17,W_PK,5,520,5,1,3,1,3,FAIL,duplicate_positions
W_PK_2025-07-17_11,2025-07-17,W_PK,MX,520,4,1,4,1,7,FAIL,max_out_of_range
W_PK_2025-07-17_2,2025-07-17,W_PK,5,520,5,1,5,1,6,FAIL,max_out_of_range
W_PK_2025-07-17_3,2025-07-17,W_PK,M2/M3,520,5,0,4,2,6,FAIL,no_winner
W_PK_2025-07-17_4,2025-07-17,W_PK,4/5,440,6,1,4,1,8,FAIL,duplicate_positions
W_PK_2025-07-17_5,2025-07-17,W_PK,5,622,5,1,5,1,6,FAIL,max_out_of_range
W_PK_2025-07-17_6,2025-07-17,W_PK,5,520,5,0,4,2,8,FAIL,no_winner
W_PK_2025-07-17_7,2025-07-17,W_PK,4/5,515,7,0,4,2,8,FAIL,no_winner
W_PK_2025-07-17_8,2025-07-17,W_PK,5,520,6,0,5,3,8,FAIL,no_winner
W_PK_2025-07-17_9,2025-07-17,W_PK,5,520,4,1,3,1,4,FAIL,duplicate_positions
BAL_2025-07-16_10,2025-07-16,BAL,"Restricted Win",400,5,1,4,1,4,FAIL,duplicate_positions
BAL_2025-07-16_11,2025-07-16,BAL,"Mixed 3/4",525,5,1,5,1,6,FAIL,max_out_of_range
BAL_2025-07-16_12,2025-07-16,BAL,"Grade 5 Heat",390,3,0,3,3,7,FAIL,no_winner
BAL_2025-07-16_14,2025-07-16,BAL,"Mixed 4/5",390,6,1,4,1,7,FAIL,duplicate_positions
BAL_2025-07-16_2,2025-07-16,BAL,"Grade 5 Heat",390,5,0,3,3,8,FAIL,no_winner
BAL_2025-07-16_3,2025-07-16,BAL,"Grade 5 T3",390,4,1,3,1,5,FAIL,duplicate_positions
BAL_2025-07-16_4,2025-07-16,BAL,Maiden,400,5,1,4,1,8,FAIL,duplicate_positions
BAL_2025-07-16_5,2025-07-16,BAL,"Restricted Win",390,6,0,5,2,8,FAIL,no_winner
BAL_2025-07-16_6,2025-07-16,BAL,"Mixed 4/5",450,5,0,5,2,7,FAIL,no_winner
BAL_2025-07-16_8,2025-07-16,BAL,"Grade 5",450,5,1,4,1,7,FAIL,duplicate_positions
BAL_2025-07-16_9,2025-07-16,BAL,"Restricted Win",510,4,1,3,1,5,FAIL,duplicate_positions
BEN_2025-07-16_1,2025-07-16,BEN,"Tier 3 - Maiden",300,5,0,4,4,7,FAIL,no_winner
BEN_2025-07-16_11,2025-07-16,BEN,"Grade 7",400,7,1,5,1,6,FAIL,duplicate_positions
BEN_2025-07-16_12,2025-07-16,BEN,"S/E Veteran",390,6,1,5,1,8,FAIL,duplicate_positions
BEN_2025-07-16_13,2025-07-16,BEN,"Grade 5",425,6,1,4,1,8,FAIL,duplicate_positions
BEN_2025-07-16_2,2025-07-16,BEN,Maiden,460,7,0,4,3,7,FAIL,no_winner
BEN_2025-07-16_3,2025-07-16,BEN,"Mixed 6/7",450,6,0,4,4,8,FAIL,no_winner
BEN_2025-07-16_4,2025-07-16,BEN,"Grade 5 T3",390,7,0,4,3,7,FAIL,no_winner
BEN_2025-07-16_5,2025-07-16,BEN,"Grade 5 T3",400,5,1,4,1,6,FAIL,duplicate_positions
BEN_2025-07-16_6,2025-07-16,BEN,"Grade 5",390,6,0,3,2,5,FAIL,no_winner
BEN_2025-07-16_7,2025-07-16,BEN,"Grade 5 T3",525,7,0,5,2,8,FAIL,no_winner
BEN_2025-07-16_8,2025-07-16,BEN,"Grade 5 T3",525,7,0,5,3,8,FAIL,no_winner
BEN_2025-07-16_9,2025-07-16,BEN,"Mixed 6/7",450,6,1,5,1,7,FAIL,duplicate_positions
CANN_2025-07-16_1,2025-07-16,CANN,M,381,6,0,3,2,4,FAIL,no_winner
CANN_2025-07-16_11,2025-07-16,CANN,6,275,7,1,5,1,6,FAIL,duplicate_positions
CANN_2025-07-16_12,2025-07-16,CANN,6,275,7,0,4,2,6,FAIL,no_winner
CANN_2025-07-16_2,2025-07-16,CANN,M,400,4,0,3,4,7,FAIL,no_winner
CANN_2025-07-16_4,2025-07-16,CANN,M,520,4,0,2,2,6,FAIL,no_winner
CANN_2025-07-16_5,2025-07-16,CANN,NOV,400,6,1,5,1,8,FAIL,duplicate_positions
CANN_2025-07-16_6,2025-07-16,CANN,NOV,400,7,1,5,1,7,FAIL,duplicate_positions
CANN_2025-07-16_7,2025-07-16,CANN,NOV,520,5,0,5,2,7,FAIL,no_winner
CANN_2025-07-16_8,2025-07-16,CANN,5,275,6,1,4,1,7,FAIL,duplicate_positions
CANN_2025-07-16_9,2025-07-16,CANN,6,300,5,0,3,2,7,FAIL,no_winner
CAP_2025-07-16_10,2025-07-16,CAP,5,350,5,0,1,6,6,FAIL,no_winner
CAP_2025-07-16_11,2025-07-16,CAP,M5,366,5,1,4,1,8,FAIL,duplicate_positions
CAP_2025-07-16_12,2025-07-16,CAP,5,331,5,0,4,4,8,FAIL,no_winner
CAP_2025-07-16_2,2025-07-16,CAP,6,352,6,0,5,2,8,FAIL,no_winner
CAP_2025-07-16_3,2025-07-16,CAP,6,352,5,0,4,2,8,FAIL,no_winner
CAP_2025-07-16_4,2025-07-16,CAP,6,366,6,0,4,3,8,FAIL,no_winner
CAP_2025-07-16_5,2025-07-16,CAP,M5,352,6,0,4,4,8,FAIL,no_winner
CAP_2025-07-16_6,2025-07-16,CAP,P5,366,6,0,4,3,7,FAIL,no_winner
CAP_2025-07-16_9,2025-07-16,CAP,P5,366,5,1,3,1,7,FAIL,duplicate_positions
GRAF_2025-07-16_11,2025-07-16,GRAF,NG,450,4,0,3,3,5,FAIL,no_winner
GRAF_2025-07-16_12,2025-07-16,GRAF,5,450,5,1,4,1,5,FAIL,duplicate_positions
GRAF_2025-07-16_2,2025-07-16,GRAF,MX,525,4,1,3,1,5,FAIL,duplicate_positions
GRAF_2025-07-16_3,2025-07-16,GRAF,M,350,6,1,6,1,7,FAIL,max_out_of_range
GRAF_2025-07-16_4,2025-07-16,GRAF,M2/M3,350,7,1,4,1,4,FAIL,duplicate_positions
GRAF_2025-07-16_5,2025-07-16,GRAF,4/5,450,6,0,3,2,4,FAIL,no_winner
GRAF_2025-07-16_6,2025-07-16,GRAF,M,450,6,1,4,1,5,FAIL,duplicate_positions
GRAF_2025-07-16_7,2025-07-16,GRAF,NG,660,5,1,4,1,7,FAIL,duplicate_positions
GRAF_2025-07-16_9,2025-07-16,GRAF,5,350,7,1,4,1,4,FAIL,duplicate_positions
MEA_2025-07-16_1,2025-07-16,MEA,Maiden,525,8,0,5,2,7,FAIL,no_winner
MEA_2025-07-16_10,2025-07-16,MEA,"Grade 5 T3",525,5,1,5,1,6,FAIL,max_out_of_range
MEA_2025-07-16_2,2025-07-16,MEA,Maiden,460,4,0,4,3,8,FAIL,no_winner
MEA_2025-07-16_3,2025-07-16,MEA,"Mixed 6/7 Final",390,6,1,5,1,8,FAIL,duplicate_positions
MEA_2025-07-16_4,2025-07-16,MEA,"Grade 5",545,4,0,4,2,6,FAIL,no_winner
MEA_2025-07-16_5,2025-07-16,MEA,"Mixed 6/7",450,5,0,4,3,7,FAIL,no_winner
MEA_2025-07-16_7,2025-07-16,MEA,Maiden,460,5,1,4,1,5,FAIL,duplicate_positions
MEA_2025-07-16_8,2025-07-16,MEA,"Mixed 4/5",600,3,0,3,3,8,FAIL,no_winner
MEA_2025-07-16_9,2025-07-16,MEA,"Grade 5",515,5,1,5,1,7,FAIL,max_out_of_range
Q1L_2025-07-16_1,2025-07-16,Q1L,M,352,6,0,4,5,8,FAIL,no_winner
Q1L_2025-07-16_10,2025-07-16,Q1L,5,350,5,1,5,1,7,FAIL,max_out_of_range
Q1L_2025-07-16_11,2025-07-16,Q1L,M5,352,5,0,4,2,8,FAIL,no_winner
Q1L_2025-07-16_2,2025-07-16,Q1L,M,300,6,0,5,2,8,FAIL,no_winner
Q1L_2025-07-16_3,2025-07-16,Q1L,M,390,4,0,3,4,7,FAIL,no_winner
Q1L_2025-07-16_4,2025-07-16,Q1L,5,390,6,1,6,1,8,FAIL,max_out_of_range
Q1L_2025-07-16_6,2025-07-16,Q1L,5,300,6,0,5,2,6,FAIL,no_winner
Q1L_2025-07-16_7,2025-07-16,Q1L,3/4,352,5,1,4,1,5,FAIL,duplicate_positions
Q1L_2025-07-16_8,2025-07-16,Q1L,5,352,6,1,4,1,4,FAIL,duplicate_positions
Q1L_2025-07-16_9,2025-07-16,Q1L,5,350,8,0,6,3,8,FAIL,no_winner
RICH_2025-07-16_1,2025-07-16,RICH,M,320,5,0,5,2,7,FAIL,no_winner
RICH_2025-07-16_11,2025-07-16,RICH,5,401,5,0,4,4,7,FAIL,no_winner
RICH_2025-07-16_2,2025-07-16,RICH,M,401,7,1,6,1,7,FAIL,duplicate_positions
RICH_2025-07-16_4,2025-07-16,RICH,NG1-4,324,4,1,3,1,7,FAIL,duplicate_positions
RICH_2025-07-16_5,2025-07-16,RICH,NG1-4,401,4,0,3,2,8,FAIL,no_winner
RICH_2025-07-16_6,2025-07-16,RICH,5,401,7,0,4,2,8,FAIL,no_winner
RICH_2025-07-16_7,2025-07-16,RICH,NG1-4,320,5,0,4,3,8,FAIL,no_winner
RICH_2025-07-16_8,2025-07-16,RICH,5,520,6,1,5,1,6,FAIL,duplicate_positions
RICH_2025-07-16_9,2025-07-16,RICH,4/5,320,5,0,3,2,5,FAIL,no_winner
ROCK_2025-07-16_1,2025-07-16,ROCK,M,407,6,0,4,4,8,FAIL,no_winner
ROCK_2025-07-16_10,2025-07-16,ROCK,M5,407,5,1,5,1,6,FAIL,max_out_of_range
ROCK_2025-07-16_3,2025-07-16,ROCK,6,407,6,0,4,2,7,FAIL,no_winner
ROCK_2025-07-16_4,2025-07-16,ROCK,OPEN,510,5,0,4,4,8,FAIL,no_winner
ROCK_2025-07-16_5,2025-07-16,ROCK,M,407,6,1,4,1,4,FAIL,duplicate_positions
ROCK_2025-07-16_6,2025-07-16,ROCK,5,407,6,0,4,2,7,FAIL,no_winner
ROCK_2025-07-16_7,2025-07-16,ROCK,FFA,407,5,0,5,2,8,FAIL,no_winner
ROCK_2025-07-16_8,2025-07-16,ROCK,FFA,407,5,1,4,1,6,FAIL,duplicate_positions
SAL_2025-07-16_1,2025-07-16,SAL,Maiden,400,7,0,4,3,7,FAIL,no_winner
SAL_2025-07-16_10,2025-07-16,SAL,"Grade 5 T3",400,6,1,4,1,4,FAIL,duplicate_positions
SAL_2025-07-16_11,2025-07-16,SAL,"Grade 5",390,5,1,5,1,8,FAIL,max_out_of_range
SAL_2025-07-16_12,2025-07-16,SAL,"Grade 5",435,7,0,4,3,7,FAIL,no_winner
SAL_2025-07-16_2,2025-07-16,SAL,Maiden,435,7,0,4,2,6,FAIL,no_winner
SAL_2025-07-16_3,2025-07-16,SAL,Maiden,435,6,0,5,2,8,FAIL,no_winner
SAL_2025-07-16_4,2025-07-16,SAL,"Tier 3 - Grade 7",400,5,1,3,1,4,FAIL,duplicate_positions
SAL_2025-07-16_5,2025-07-16,SAL,"Grade 7",400,4,0,4,2,8,FAIL,no_winner
SAL_2025-07-16_7,2025-07-16,SAL,"Mixed 6/7",460,6,0,4,2,7,FAIL,no_winner
SAL_2025-07-16_8,2025-07-16,SAL,"Grade 5 Final",515,6,0,5,2,8,FAIL,no_winner
SAL_2025-07-16_9,2025-07-16,SAL,"Grade 6",390,5,0,4,2,7,FAIL,no_winner
TEM_2025-07-16_10,2025-07-16,TEM,5,330,4,0,3,3,7,FAIL,no_winner
TEM_2025-07-16_11,2025-07-16,TEM,5,318,6,1,5,1,7,FAIL,duplicate_positions
TEM_2025-07-16_12,2025-07-16,TEM,M1/M2/M3,330,6,0,4,4,8,FAIL,no_winner
TEM_2025-07-16_2,2025-07-16,TEM,M,330,5,0,4,2,7,FAIL,no_winner
TEM_2025-07-16_3,2025-07-16,TEM,5,330,6,0,4,4,8,FAIL,no_winner
TEM_2025-07-16_4,2025-07-16,TEM,5,330,6,0,5,2,8,FAIL,no_winner
TEM_2025-07-16_5,2025-07-16,TEM,5,457,6,0,4,2,7,FAIL,no_winner
TEM_2025-07-16_6,2025-07-16,TEM,5,330,7,0,5,2,8,FAIL,no_winner
TEM_2025-07-16_7,2025-07-16,TEM,4/5,457,5,0,3,3,5,FAIL,no_winner
TEM_2025-07-16_9,2025-07-16,TEM,FFA,330,6,1,4,1,5,FAIL,duplicate_positions
AP_K_2025-07-15_1,2025-07-15,AP_K,M,342,4,0,3,3,5,FAIL,no_winner
AP_K_2025-07-15_10,2025-07-15,AP_K,TG1-4W,342,3,1,2,1,5,FAIL,duplicate_positions
AP_K_2025-07-15_11,2025-07-15,AP_K,TG1-4W,342,4,0,3,3,5,FAIL,no_winner
AP_K_2025-07-15_12,2025-07-15,AP_K,TG1-4W,342,3,0,3,5,7,FAIL,no_winner
AP_K_2025-07-15_2,2025-07-15,AP_K,TG5+W,342,3,0,3,4,6,FAIL,no_winner
AP_K_2025-07-15_4,2025-07-15,AP_K,TG1-4W,342,3,0,2,4,5,FAIL,no_winner
AP_K_2025-07-15_5,2025-07-15,AP_K,TG5+W,342,5,1,4,1,7,FAIL,duplicate_positions
AP_K_2025-07-15_6,2025-07-15,AP_K,TG5+W,342,3,0,3,4,6,FAIL,no_winner
AP_K_2025-07-15_8,2025-07-15,AP_K,5,342,5,1,4,1,6,FAIL,duplicate_positions
BUL_2025-07-15_1,2025-07-15,BUL,MX,520,4,0,3,4,8,FAIL,no_winner
BUL_2025-07-15_10,2025-07-15,BUL,5,340,5,1,4,1,8,FAIL,duplicate_positions
BUL_2025-07-15_11,2025-07-15,BUL,5,320,5,1,4,1,7,FAIL,duplicate_positions
BUL_2025-07-15_12,2025-07-15,BUL,5,340,4,0,4,2,8,FAIL,no_winner
BUL_2025-07-15_2,2025-07-15,BUL,M,320,6,0,4,2,7,FAIL,no_winner
BUL_2025-07-15_3,2025-07-15,BUL,NG1-4,388,6,1,5,1,8,FAIL,duplicate_positions
BUL_2025-07-15_5,2025-07-15,BUL,4/5,350,6,0,4,2,5,FAIL,no_winner
BUL_2025-07-15_7,2025-07-15,BUL,5,340,6,0,3,3,7,FAIL,no_winner
BUL_2025-07-15_8,2025-07-15,BUL,5,350,4,0,3,4,6,FAIL,no_winner
BUL_2025-07-15_9,2025-07-15,BUL,5,300,5,1,4,1,8,FAIL,duplicate_positions
CAS_2025-07-15_1,2025-07-15,CAS,M,300,4,0,3,2,7,FAIL,no_winner
CAS_2025-07-15_10,2025-07-15,CAS,4/5,411,7,1,6,1,7,FAIL,duplicate_positions
CAS_2025-07-15_11,2025-07-15,CAS,5,300,5,0,5,2,7,FAIL,no_winner
CAS_2025-07-15_12,2025-07-15,CAS,5,300,5,0,4,2,8,FAIL,no_winner
CAS_2025-07-15_3,2025-07-15,CAS,M2/M3,300,7,0,5,3,7,FAIL,no_winner
CAS_2025-07-15_4,2025-07-15,CAS,4/5,297,6,1,6,1,7,FAIL,max_out_of_range
CAS_2025-07-15_5,2025-07-15,CAS,5,411,6,0,5,2,7,FAIL,no_winner
CAS_2025-07-15_7,2025-07-15,CAS,M,350,6,1,6,1,7,FAIL,max_out_of_range
CAS_2025-07-15_8,2025-07-15,CAS,5,411,5,0,3,2,7,FAIL,no_winner
CAS_2025-07-15_9,2025-07-15,CAS,4/5,484,5,1,3,1,5,FAIL,duplicate_positions
GEE_2025-07-15_1,2025-07-15,GEE,Maiden,390,5,0,4,4,8,FAIL,no_winner
GEE_2025-07-15_10,2025-07-15,GEE,"Grade 5 T3",300,5,0,3,3,6,FAIL,no_winner
GEE_2025-07-15_11,2025-07-15,GEE,"Mixed 4/5",460,5,0,5,2,8,FAIL,no_winner
GEE_2025-07-15_12,2025-07-15,GEE,"Grade 5 T3",390,6,0,3,4,7,FAIL,no_winner
GEE_2025-07-15_13,2025-07-15,GEE,"Grade 5 T3",450,7,0,5,2,7,FAIL,no_winner
GEE_2025-07-15_2,2025-07-15,GEE,Maiden,400,5,0,3,5,7,FAIL,no_winner
GEE_2025-07-15_3,2025-07-15,GEE,"Restricted Win",390,4,1,4,1,8,FAIL,max_out_of_range
GEE_2025-07-15_4,2025-07-15,GEE,"Grade 5",400,4,1,4,1,7,FAIL,max_out_of_range
GEE_2025-07-15_5,2025-07-15,GEE,"Mixed 6/7",460,5,0,5,2,6,FAIL,no_winner
GEE_2025-07-15_7,2025-07-15,GEE,"Grade 7",525,6,1,5,1,7,FAIL,duplicate_positions
GEE_2025-07-15_8,2025-07-15,GEE,"Grade 5",450,5,1,5,1,7,FAIL,max_out_of_range
GEE_2025-07-15_9,2025-07-15,GEE,"Mixed 6/7",400,4,0,4,3,7,FAIL,no_winner
HOR_2025-07-15_10,2025-07-15,HOR,"Grade 5",400,6,0,4,2,6,FAIL,no_winner
HOR_2025-07-15_11,2025-07-15,HOR,"Grade 5",390,4,1,4,1,8,FAIL,max_out_of_range
HOR_2025-07-15_12,2025-07-15,HOR,TG5+W,400,7,1,5,1,8,FAIL,duplicate_positions
HOR_2025-07-15_2,2025-07-15,HOR,Maiden,390,5,1,4,1,6,FAIL,duplicate_positions
HOR_2025-07-15_3,2025-07-15,HOR,"Mixed 6/7",410,5,1,4,1,7,FAIL,duplicate_positions
HOR_2025-07-15_4,2025-07-15,HOR,"Grade 5",450,5,1,4,1,5,FAIL,duplicate_positions
HOR_2025-07-15_5,2025-07-15,HOR,"Restricted Win Heat",485,6,1,4,1,4,FAIL,duplicate_positions
HOR_2025-07-15_6,2025-07-15,HOR,"Grade 5",450,5,0,3,2,6,FAIL,no_winner
HOR_2025-07-15_7,2025-07-15,HOR,"Grade 5",390,5,1,5,1,8,FAIL,max_out_of_range
HOR_2025-07-15_9,2025-07-15,HOR,"Grade 5",390,9,1,5,1,8,FAIL,duplicate_positions
LAU_2025-07-15_1,2025-07-15,LAU,J/M,340,5,0,3,5,7,FAIL,no_winner
LAU_2025-07-15_10,2025-07-15,LAU,5,278,5,1,5,1,8,FAIL,max_out_of_range
LAU_2025-07-15_11,2025-07-15,LAU,5,340,6,0,4,2,7,FAIL,no_winner
LAU_2025-07-15_2,2025-07-15,LAU,6,278,6,0,4,3,8,FAIL,no_winner
LAU_2025-07-15_3,2025-07-15,LAU,5,278,6,0,4,2,8,FAIL,no_winner
LAU_2025-07-15_4,2025-07-15,LAU,5,278,7,0,4,2,8,FAIL,no_winner
LAU_2025-07-15_5,2025-07-15,LAU,5,278,6,1,5,1,8,FAIL,duplicate_positions
LAU_2025-07-15_6,2025-07-15,LAU,4,278,5,1,4,1,6,FAIL,duplicate_positions
LAU_2025-07-15_8,2025-07-15,LAU,5,278,6,1,5,1,7,FAIL,duplicate_positions
LAU_2025-07-15_9,2025-07-15,LAU,MI4/5MA,515,5,0,4,2,6,FAIL,no_winner
MAND_2025-07-15_1,2025-07-15,MAND,M,300,6,0,5,2,8,FAIL,no_winner
MAND_2025-07-15_10,2025-07-15,MAND,5/6,400,6,0,4,2,6,FAIL,no_winner
MAND_2025-07-15_11,2025-07-15,MAND,5,488,5,0,4,2,6,FAIL,no_winner
MAND_2025-07-15_2,2025-07-15,MAND,M,400,5,0,4,2,7,FAIL,no_winner
MAND_2025-07-15_3,2025-07-15,MAND,NOV,300,8,0,6,2,8,FAIL,no_winner
MAND_2025-07-15_4,2025-07-15,MAND,NOV,300,6,1,5,1,8,FAIL,duplicate_positions
MAND_2025-07-15_5,2025-07-15,MAND,NOV,488,4,0,3,3,6,FAIL,no_winner
MAND_2025-07-15_6,2025-07-15,MAND,NOV,400,4,1,4,1,5,FAIL,max_out_of_range
MAND_2025-07-15_7,2025-07-15,MAND,5,400,5,0,3,4,7,FAIL,no_winner
MAND_2025-07-15_9,2025-07-15,MAND,6,300,6,1,4,1,7,FAIL,duplicate_positions
MURR_2025-07-15_1,2025-07-15,MURR,M,300,4,0,3,2,5,FAIL,no_winner
MURR_2025-07-15_3,2025-07-15,MURR,3/4/5,350,5,0,5,2,8,FAIL,no_winner
MURR_2025-07-15_4,2025-07-15,MURR,6,400,5,0,3,2,6,FAIL,no_winner
MURR_2025-07-15_5,2025-07-15,MURR,OPEN,300,4,1,3,1,4,FAIL,duplicate_positions
MURR_2025-07-15_6,2025-07-15,MURR,6,342,3,1,3,1,7,FAIL,max_out_of_range
MURR_2025-07-15_7,2025-07-15,MURR,TG5+W,300,3,0,3,3,7,FAIL,no_winner
MURR_2025-07-15_9,2025-07-15,MURR,6,300,5,0,4,3,7,FAIL,no_winner
Q1L_2025-07-15_1,2025-07-15,Q1L,MX,525,6,1,5,1,8,FAIL,duplicate_positions
Q1L_2025-07-15_10,2025-07-15,Q1L,OPEN,520,7,0,6,3,8,FAIL,no_winner
Q1L_2025-07-15_11,2025-07-15,Q1L,5,520,6,1,4,1,4,FAIL,duplicate_positions
Q1L_2025-07-15_12,2025-07-15,Q1L,5,457,7,1,5,1,5,FAIL,duplicate_positions
Q1L_2025-07-15_2,2025-07-15,Q1L,M,457,6,1,4,1,4,FAIL,duplicate_positions
Q1L_2025-07-15_4,2025-07-15,Q1L,M,352,7,1,6,1,7,FAIL,duplicate_positions
Q1L_2025-07-15_5,2025-07-15,Q1L,M,390,6,1,4,1,6,FAIL,duplicate_positions
Q1L_2025-07-15_6,2025-07-15,Q1L,6,457,7,0,6,2,8,FAIL,no_winner
Q1L_2025-07-15_7,2025-07-15,Q1L,5,457,6,1,5,1,8,FAIL,duplicate_positions
Q1L_2025-07-15_8,2025-07-15,Q1L,5,457,4,1,3,1,5,FAIL,duplicate_positions
RICH_2025-07-15_2,2025-07-15,RICH,M,331,5,0,5,2,6,FAIL,no_winner
TWN_2025-07-15_1,2025-07-15,TWN,3/4,380,5,0,4,2,7,FAIL,no_winner
TWN_2025-07-15_10,2025-07-15,TWN,P5,380,6,1,4,1,7,FAIL,duplicate_positions
TWN_2025-07-15_11,2025-07-15,TWN,M5,380,4,0,4,2,8,FAIL,no_winner
TWN_2025-07-15_12,2025-07-15,TWN,5,380,7,1,5,1,6,FAIL,duplicate_positions
TWN_2025-07-15_2,2025-07-15,TWN,4,380,4,0,3,2,5,FAIL,no_winner
TWN_2025-07-15_3,2025-07-15,TWN,5,498,6,0,4,2,8,FAIL,no_winner
TWN_2025-07-15_4,2025-07-15,TWN,3/4,380,5,0,4,2,8,FAIL,no_winner
TWN_2025-07-15_5,2025-07-15,TWN,R/W,498,8,1,6,1,8,FAIL,duplicate_positions
TWN_2025-07-15_7,2025-07-15,TWN,4/5,498,6,0,3,2,4,FAIL,no_winner
TWN_2025-07-15_8,2025-07-15,TWN,OPEN,498,7,1,4,1,5,FAIL,duplicate_positions
WOL_2025-07-15_4,2025-07-15,WOL,3/4,340,7,0,5,3,8,FAIL,no_winner
WRGL_2025-07-15_1,2025-07-15,WRGL,"Tier 3 - Maiden",400,6,1,4,1,6,FAIL,duplicate_positions
WRGL_2025-07-15_10,2025-07-15,WRGL,"Grade 5",435,6,0,4,2,8,FAIL,no_winner
WRGL_2025-07-15_12,2025-07-15,WRGL,"Grade 5",390,6,0,4,2,6,FAIL,no_winner
WRGL_2025-07-15_2,2025-07-15,WRGL,"Mixed 6/7",435,6,0,4,3,8,FAIL,no_winner
WRGL_2025-07-15_3,2025-07-15,WRGL,"Mixed 6/7 Heat",400,6,1,5,1,5,FAIL,duplicate_positions
WRGL_2025-07-15_5,2025-07-15,WRGL,"Grade 5",400,4,1,3,1,3,FAIL,duplicate_positions
WRGL_2025-07-15_6,2025-07-15,WRGL,"Grade 5",435,6,1,5,1,6,FAIL,duplicate_positions
WRGL_2025-07-15_7,2025-07-15,WRGL,"Grade 5",450,7,1,5,1,6,FAIL,duplicate_positions
WRGL_2025-07-15_8,2025-07-15,WRGL,"Mixed 4/5",460,5,1,4,1,8,FAIL,duplicate_positions
WRGL_2025-07-15_9,2025-07-15,WRGL,"Grade 5",400,5,1,4,1,8,FAIL,duplicate_positions
BH_2025-07-13_1,2025-07-13,BH,MX,375,6,0,4,2,7,FAIL,no_winner
BH_2025-07-13_2,2025-07-13,BH,MX,375,6,0,4,2,7,FAIL,no_winner
BH_2025-07-13_3,2025-07-13,BH,5,375,6,1,6,1,7,FAIL,max_out_of_range
BH_2025-07-13_5,2025-07-13,BH,5,525,5,1,4,1,5,FAIL,duplicate_positions
BH_2025-07-13_6,2025-07-13,BH,NG1-4,375,4,1,4,1,5,FAIL,max_out_of_range
BH_2025-07-13_7,2025-07-13,BH,5,375,4,1,3,1,4,FAIL,duplicate_positions
BH_2025-07-13_8,2025-07-13,BH,5,375,5,1,5,1,6,FAIL,max_out_of_range
BH_2025-07-13_9,2025-07-13,BH,4/5,375,3,0,2,6,7,FAIL,no_winner
CAP_2025-07-13_1,2025-07-13,CAP,M,350,5,0,3,5,8,FAIL,no_winner
CAP_2025-07-13_11,2025-07-13,CAP,R/W,457,6,1,5,1,8,FAIL,duplicate_positions
CAP_2025-07-13_12,2025-07-13,CAP,5,331,7,1,4,1,8,FAIL,duplicate_positions
CAP_2025-07-13_2,2025-07-13,CAP,M,350,7,1,5,1,7,FAIL,duplicate_positions
CAP_2025-07-13_4,2025-07-13,CAP,6,366,5,1,4,1,4,FAIL,duplicate_positions
CAP_2025-07-13_5,2025-07-13,CAP,5,366,5,1,5,1,7,FAIL,max_out_of_range
CAP_2025-07-13_6,2025-07-13,CAP,5,300,6,1,5,1,7,FAIL,duplicate_positions
CAP_2025-07-13_7,2025-07-13,CAP,OPEN,350,5,1,3,1,5,FAIL,duplicate_positions
CAP_2025-07-13_8,2025-07-13,CAP,3/4,366,6,0,5,2,8,FAIL,no_winner
CAP_2025-07-13_9,2025-07-13,CAP,M5,366,7,0,2,2,3,FAIL,no_winner
DAR_2025-07-13_1,2025-07-13,DAR,5,383,4,0,4,3,8,FAIL,no_winner
DAR_2025-07-13_10,2025-07-13,DAR,5/M,312,4,0,3,2,5,FAIL,no_winner
DAR_2025-07-13_2,2025-07-13,DAR,5/M,312,3,1,2,1,3,FAIL,duplicate_positions
DAR_2025-07-13_3,2025-07-13,DAR,2/3/4,383,4,1,4,1,5,FAIL,max_out_of_range
DAR_2025-07-13_4,2025-07-13,DAR,FFA,537,5,1,5,1,6,FAIL,max_out_of_range
DAR_2025-07-13_6,2025-07-13,DAR,2/3/4,383,4,1,3,1,3,FAIL,duplicate_positions
DAR_2025-07-13_7,2025-07-13,DAR,5/M,312,5,1,3,1,4,FAIL,duplicate_positions
DAR_2025-07-13_8,2025-07-13,DAR,2/3,312,4,1,4,1,5,FAIL,max_out_of_range
DAR_2025-07-13_9,2025-07-13,DAR,OPEN,312,4,0,4,2,6,FAIL,no_winner
GRAF_2025-07-13_10,2025-07-13,GRAF,5,450,5,0,4,4,8,FAIL,no_winner
GRAF_2025-07-13_11,2025-07-13,GRAF,5,411,5,0,4,3,8,FAIL,no_winner
GRAF_2025-07-13_2,2025-07-13,GRAF,5,350,5,0,2,5,7,FAIL,no_winner
GRAF_2025-07-13_3,2025-07-13,GRAF,5,350,6,0,6,2,7,FAIL,no_winner
GRAF_2025-07-13_4,2025-07-13,GRAF,5,300,6,0,3,3,7,FAIL,no_winner
GRAF_2025-07-13_5,2025-07-13,GRAF,5,350,5,0,5,2,6,FAIL,no_winner
GRAF_2025-07-13_6,2025-07-13,GRAF,5,350,7,0,5,2,8,FAIL,no_winner
GRAF_2025-07-13_7,2025-07-13,GRAF,5,350,6,1,5,1,6,FAIL,duplicate_positions
GRAF_2025-07-13_9,2025-07-13,GRAF,5,350,5,1,4,1,7,FAIL,duplicate_positions
HEA_2025-07-13_10,2025-07-13,HEA,"Grade 5",350,7,1,6,1,7,FAIL,duplicate_positions
HEA_2025-07-13_11,2025-07-13,HEA,"Grade 5",300,5,0,4,2,7,FAIL,no_winner
HEA_2025-07-13_12,2025-07-13,HEA,"Grade 5",350,6,0,4,2,6,FAIL,no_winner
HEA_2025-07-13_2,2025-07-13,HEA,"Grade 6",300,6,1,4,1,6,FAIL,duplicate_positions
HEA_2025-07-13_3,2025-07-13,HEA,"Free For All",400,5,0,4,4,7,FAIL,no_winner
HEA_2025-07-13_4,2025-07-13,HEA,"Free For All",350,5,1,4,1,7,FAIL,duplicate_positions
HEA_2025-07-13_5,2025-07-13,HEA,"Grade 5",350,5,0,3,2,8,FAIL,no_winner
HEA_2025-07-13_6,2025-07-13,HEA,"Mixed 4/5",390,4,0,2,3,5,FAIL,no_winner
HEA_2025-07-13_7,2025-07-13,HEA,"Grade 5",350,5,0,4,2,6,FAIL,no_winner
HEA_2025-07-13_9,2025-07-13,HEA,"Grade 5",390,5,0,5,2,7,FAIL,no_winner
MOUNT_2025-07-13_1,2025-07-13,MOUNT,Maiden,390,4,0,3,2,7,FAIL,no_winner
MOUNT_2025-07-13_11,2025-07-13,MOUNT,6,400,5,1,4,1,4,FAIL,duplicate_positions
MOUNT_2025-07-13_12,2025-07-13,MOUNT,OPEN,400,6,1,4,1,6,FAIL,duplicate_positions
MOUNT_2025-07-13_2,2025-07-13,MOUNT,M,342,3,0,3,2,6,FAIL,no_winner
MOUNT_2025-07-13_3,2025-07-13,MOUNT,5,400,5,0,4,2,5,FAIL,no_winner
MOUNT_2025-07-13_5,2025-07-13,MOUNT,4/5,512,6,0,5,2,8,FAIL,no_winner
MOUNT_2025-07-13_6,2025-07-13,MOUNT,I,305,7,1,5,1,6,FAIL,duplicate_positions
MOUNT_2025-07-13_7,2025-07-13,MOUNT,4/5,512,7,1,4,1,6,FAIL,duplicate_positions
MOUNT_2025-07-13_8,2025-07-13,MOUNT,5,512,7,1,5,1,6,FAIL,duplicate_positions
MOUNT_2025-07-13_9,2025-07-13,MOUNT,6,530,5,1,3,1,6,FAIL,duplicate_positions
MURR_2025-07-13_1,2025-07-13,MURR,TG5+W,300,3,1,3,1,6,FAIL,max_out_of_range
MURR_2025-07-13_3,2025-07-13,MURR,M,395,6,0,3,3,6,FAIL,no_winner
MURR_2025-07-13_5,2025-07-13,MURR,6,395,6,1,5,1,6,FAIL,duplicate_positions
MURR_2025-07-13_6,2025-07-13,MURR,TG5+W,342,4,0,4,2,7,FAIL,no_winner
MURR_2025-07-13_7,2025-07-13,MURR,5,300,4,0,4,3,6,FAIL,no_winner
MURR_2025-07-13_8,2025-07-13,MURR,4/5,300,6,1,5,1,7,FAIL,duplicate_positions
MURR_2025-07-13_9,2025-07-13,MURR,4/5/6,595,3,0,3,3,5,FAIL,no_winner
QST_2025-07-13_1,2025-07-13,QST,M,300,5,0,4,3,8,FAIL,no_winner
QST_2025-07-13_10,2025-07-13,QST,M5,352,6,0,3,4,6,FAIL,no_winner
QST_2025-07-13_11,2025-07-13,QST,3/4,390,5,0,4,5,8,FAIL,no_winner
QST_2025-07-13_12,2025-07-13,QST,R/W,600,6,0,4,3,8,FAIL,no_winner
QST_2025-07-13_3,2025-07-13,QST,6,350,6,1,5,1,8,FAIL,duplicate_positions
QST_2025-07-13_4,2025-07-13,QST,6,300,6,0,5,2,7,FAIL,no_winner
QST_2025-07-13_5,2025-07-13,QST,5,350,7,1,4,1,6,FAIL,duplicate_positions
QST_2025-07-13_6,2025-07-13,QST,5,350,6,0,4,2,7,FAIL,no_winner
QST_2025-07-13_7,2025-07-13,QST,5,352,6,0,4,3,8,FAIL,no_winner
QST_2025-07-13_8,2025-07-13,QST,5,350,7,1,5,1,7,FAIL,duplicate_positions
QST_2025-07-13_9,2025-07-13,QST,5,331,7,1,5,1,7,FAIL,duplicate_positions
RICH_2025-07-13_1,2025-07-13,RICH,M,320,4,0,2,2,3,FAIL,no_winner
RICH_2025-07-13_10,2025-07-13,RICH,5,320,6,1,5,1,7,FAIL,duplicate_positions
RICH_2025-07-13_11,2025-07-13,RICH,5,320,8,0,5,2,8,FAIL,no_winner
RICH_2025-07-13_12,2025-07-13,RICH,M1/M2/M3,297,4,0,3,2,7,FAIL,no_winner
RICH_2025-07-13_2,2025-07-13,RICH,M,401,8,1,6,1,6,FAIL,duplicate_positions
RICH_2025-07-13_3,2025-07-13,RICH,5,400,5,0,4,2,5,FAIL,no_winner
RICH_2025-07-13_4,2025-07-13,RICH,5,401,6,1,5,1,6,FAIL,duplicate_positions
RICH_2025-07-13_5,2025-07-13,RICH,M3,297,5,1,3,1,5,FAIL,duplicate_positions
RICH_2025-07-13_7,2025-07-13,RICH,5,515,5,0,4,2,5,FAIL,no_winner
RICH_2025-07-13_8,2025-07-13,RICH,M,320,6,1,5,1,7,FAIL,duplicate_positions
RICH_2025-07-13_9,2025-07-13,RICH,5,320,7,1,7,1,8,FAIL,max_out_of_range
ROCK_2025-07-13_1,2025-07-13,ROCK,M,407,4,0,4,2,6,FAIL,no_winner
ROCK_2025-07-13_11,2025-07-13,ROCK,5,407,5,0,3,6,8,FAIL,no_winner
ROCK_2025-07-13_12,2025-07-13,ROCK,M5,407,5,0,4,3,7,FAIL,no_winner
ROCK_2025-07-13_2,2025-07-13,ROCK,M,407,6,0,6,2,7,FAIL,no_winner
ROCK_2025-07-13_4,2025-07-13,ROCK,6,457,3,0,2,4,6,FAIL,no_winner
ROCK_2025-07-13_5,2025-07-13,ROCK,4/5,510,6,1,5,1,7,FAIL,duplicate_positions
ROCK_2025-07-13_6,2025-07-13,ROCK,4,407,5,0,4,2,7,FAIL,no_winner
ROCK_2025-07-13_7,2025-07-13,ROCK,4/5,510,5,1,4,1,8,FAIL,duplicate_positions
ROCK_2025-07-13_8,2025-07-13,ROCK,5,407,6,1,4,1,4,FAIL,duplicate_positions
ROCK_2025-07-13_9,2025-07-13,ROCK,3/4,407,5,1,4,1,6,FAIL,duplicate_positions
SAL_2025-07-13_1,2025-07-13,SAL,Maiden,400,4,0,4,2,7,FAIL,no_winner
SAL_2025-07-13_10,2025-07-13,SAL,"Grade 5",425,7,1,4,1,4,FAIL,duplicate_positions
SAL_2025-07-13_11,2025-07-13,SAL,"Grade 5",400,5,1,3,1,7,FAIL,duplicate_positions
SAL_2025-07-13_12,2025-07-13,SAL,"Grade 5",460,7,1,3,1,6,FAIL,duplicate_positions
SAL_2025-07-13_2,2025-07-13,SAL,Maiden,435,3,0,3,2,8,FAIL,no_winner
SAL_2025-07-13_3,2025-07-13,SAL,Maiden,435,5,0,4,3,6,FAIL,no_winner
SAL_2025-07-13_4,2025-07-13,SAL,"Grade 5",435,6,1,4,1,6,FAIL,duplicate_positions
SAL_2025-07-13_6,2025-07-13,SAL,"Grade 5",435,6,1,5,1,7,FAIL,duplicate_positions
SAL_2025-07-13_8,2025-07-13,SAL,"Mixed 4/5",510,6,1,5,1,8,FAIL,duplicate_positions
SAL_2025-07-13_9,2025-07-13,SAL,"Grade 7",435,8,0,6,2,8,FAIL,no_winner
TRA_2025-07-13_5,2025-07-13,TRA,"Grade 5 No Penalty",515,5,1,4,1,7,FAIL,duplicate_positions
CANN_2025-07-12_1,2025-07-12,CANN,NOV,520,6,1,4,1,7,FAIL,duplicate_positions
CANN_2025-07-12_10,2025-07-12,CANN,4/5,297,3,0,3,2,4,FAIL,no_winner
CANN_2025-07-12_2,2025-07-12,CANN,NOV,601,4,1,3,1,8,FAIL,duplicate_positions
CANN_2025-07-12_3,2025-07-12,CANN,OPEN,520,5,0,4,2,6,FAIL,no_winner
CANN_2025-07-12_5,2025-07-12,CANN,OPEN,520,7,1,3,1,3,FAIL,duplicate_positions
CANN_2025-07-12_6,2025-07-12,CANN,5,520,7,1,5,1,7,FAIL,duplicate_positions
CANN_2025-07-12_7,2025-07-12,CANN,4/5,715,6,1,4,1,5,FAIL,duplicate_positions
CANN_2025-07-12_8,2025-07-12,CANN,4/5,601,4,1,4,1,6,FAIL,max_out_of_range
CANN_2025-07-12_9,2025-07-12,CANN,NOV,381,6,1,5,1,7,FAIL,duplicate_positions
DUB_2025-07-12_1,2025-07-12,DUB,M,318,5,1,3,1,3,FAIL,duplicate_positions
DUB_2025-07-12_10,2025-07-12,DUB,4/5,318,6,0,4,2,5,FAIL,no_winner
DUB_2025-07-12_11,2025-07-12,DUB,5,330,5,0,4,3,7,FAIL,no_winner
DUB_2025-07-12_2,2025-07-12,DUB,M,318,7,1,5,1,5,FAIL,duplicate_positions
DUB_2025-07-12_3,2025-07-12,DUB,M,457,4,1,4,1,6,FAIL,max_out_of_range
DUB_2025-07-12_4,2025-07-12,DUB,M,457,4,1,4,1,7,FAIL,max_out_of_range
DUB_2025-07-12_6,2025-07-12,DUB,5,318,6,1,4,1,4,FAIL,duplicate_positions
DUB_2025-07-12_7,2025-07-12,DUB,5,605,5,1,4,1,7,FAIL,duplicate_positions
DUB_2025-07-12_8,2025-07-12,DUB,5,400,6,1,5,1,6,FAIL,duplicate_positions
DUB_2025-07-12_9,2025-07-12,DUB,NG1-4,350,4,1,4,1,6,FAIL,max_out_of_range
GARD_2025-07-12_1,2025-07-12,GARD,M,400,5,0,4,3,8,FAIL,no_winner
GARD_2025-07-12_10,2025-07-12,GARD,5,330,4,1,4,1,7,FAIL,max_out_of_range
GARD_2025-07-12_11,2025-07-12,GARD,5,400,6,1,5,1,8,FAIL,duplicate_positions
GARD_2025-07-12_12,2025-07-12,GARD,5,515,5,0,4,3,7,FAIL,no_winner
GARD_2025-07-12_2,2025-07-12,GARD,5,720,5,1,5,1,8,FAIL,max_out_of_range
GARD_2025-07-12_3,2025-07-12,GARD,5,300,5,1,4,1,7,FAIL,duplicate_positions
GARD_2025-07-12_4,2025-07-12,GARD,5,400,6,0,4,4,7,FAIL,no_winner
GARD_2025-07-12_5,2025-07-12,GARD,NG1-4,400,4,0,3,2,5,FAIL,no_winner
GARD_2025-07-12_6,2025-07-12,GARD,4/5,515,5,0,4,3,7,FAIL,no_winner
GARD_2025-07-12_9,2025-07-12,GARD,5,520,7,0,4,2,8,FAIL,no_winner
GEE_2025-07-12_1,2025-07-12,GEE,Maiden,515,3,0,3,2,6,FAIL,no_winner
GEE_2025-07-12_10,2025-07-12,GEE,"Veterans Heat",390,5,1,5,1,8,FAIL,max_out_of_range
GEE_2025-07-12_11,2025-07-12,GEE,"Grade 5",390,4,1,3,1,5,FAIL,duplicate_positions
GEE_2025-07-12_2,2025-07-12,GEE,Maiden,400,4,0,3,4,8,FAIL,no_winner
GEE_2025-07-12_3,2025-07-12,GEE,"Group Listed",460,6,0,5,2,8,FAIL,no_winner
GEE_2025-07-12_4,2025-07-12,GEE,Maiden,390,5,1,4,1,6,FAIL,duplicate_positions
GEE_2025-07-12_6,2025-07-12,GEE,"Grade 5",425,6,0,4,2,8,FAIL,no_winner
GEE_2025-07-12_7,2025-07-12,GEE,"Mixed 6/7",525,4,0,4,2,8,FAIL,no_winner
GEE_2025-07-12_8,2025-07-12,GEE,"Grade 5",485,5,1,4,1,6,FAIL,duplicate_positions
GEE_2025-07-12_9,2025-07-12,GEE,"Mixed 6/7",390,5,1,5,1,7,FAIL,max_out_of_range
MEA_2025-07-12_1,2025-07-12,MEA,"Restricted Win",525,6,1,4,1,4,FAIL,duplicate_positions
MEA_2025-07-12_10,2025-07-12,MEA,"Grade 5",425,8,1,6,1,8,FAIL,duplicate_positions
MEA_2025-07-12_11,2025-07-12,MEA,"Mixed 4/5",450,6,0,4,2,8,FAIL,no_winner
MEA_2025-07-12_12,2025-07-12,MEA,"Grade 5",500,7,1,5,1,6,FAIL,duplicate_positions
MEA_2025-07-12_3,2025-07-12,MEA,"Grade 5 Heat",525,6,1,4,1,4,FAIL,duplicate_positions
MEA_2025-07-12_4,2025-07-12,MEA,"Mixed 4/5",600,6,1,6,1,8,FAIL,max_out_of_range
MEA_2025-07-12_5,2025-07-12,MEA,"Mixed 4/5",600,7,0,5,2,8,FAIL,no_winner
MEA_2025-07-12_6,2025-07-12,MEA,"Grade 5",595,5,1,4,1,8,FAIL,duplicate_positions
MEA_2025-07-12_7,2025-07-12,MEA,"Grade 5",400,8,1,6,1,6,FAIL,duplicate_positions
MEA_2025-07-12_8,2025-07-12,MEA,"Free For All",515,5,1,4,1,7,FAIL,duplicate_positions
QST_2025-07-12_1,2025-07-12,QST,M,350,8,0,3,6,8,FAIL,no_winner
QST_2025-07-12_10,2025-07-12,QST,5,390,6,0,6,3,8,FAIL,no_winner
QST_2025-07-12_11,2025-07-12,QST,5,350,6,0,4,4,7,FAIL,no_winner
QST_2025-07-12_2,2025-07-12,QST,M,457,6,0,3,4,6,FAIL,no_winner
QST_2025-07-12_3,2025-07-12,QST,M/6,457,6,0,5,3,8,FAIL,no_winner
QST_2025-07-12_4,2025-07-12,QST,6,350,6,0,3,5,7,FAIL,no_winner
QST_2025-07-12_5,2025-07-12,QST,5,457,4,0,4,2,8,FAIL,no_winner
QST_2025-07-12_7,2025-07-12,QST,5,395,6,1,5,1,8,FAIL,duplicate_positions
QST_2025-07-12_8,2025-07-12,QST,5,457,5,0,3,5,8,FAIL,no_winner
QST_2025-07-12_9,2025-07-12,QST,5,520,5,0,3,5,7,FAIL,no_winner
SAL_2025-07-12_8,2025-07-12,SAL,FFA,400,6,1,6,1,7,FAIL,max_out_of_range
W_PK_2025-07-12_1,2025-07-12,W_PK,5,603,6,0,3,2,4,FAIL,no_winner
W_PK_2025-07-12_10,2025-07-12,W_PK,5,600,4,1,4,1,7,FAIL,max_out_of_range
W_PK_2025-07-12_3,2025-07-12,W_PK,5,388,5,0,4,2,7,FAIL,no_winner
W_PK_2025-07-12_4,2025-07-12,W_PK,M2/M3,400,7,1,5,1,7,FAIL,duplicate_positions
W_PK_2025-07-12_5,2025-07-12,W_PK,4/5,515,6,1,4,1,5,FAIL,duplicate_positions
W_PK_2025-07-12_6,2025-07-12,W_PK,5,520,4,1,4,1,7,FAIL,max_out_of_range
W_PK_2025-07-12_7,2025-07-12,W_PK,4,520,7,1,4,1,4,FAIL,duplicate_positions
W_PK_2025-07-12_9,2025-07-12,W_PK,5,520,4,0,3,2,7,FAIL,no_winner
AP_K_2025-07-11_1,2025-07-11,AP_K,M,342,4,0,3,2,4,FAIL,no_winner
AP_K_2025-07-11_11,2025-07-11,AP_K,TG1-4W,342,5,1,4,1,4,FAIL,duplicate_positions
AP_K_2025-07-11_12,2025-07-11,AP_K,TG1-4W,342,4,1,3,1,6,FAIL,duplicate_positions
AP_K_2025-07-11_2,2025-07-11,AP_K,6,342,4,1,4,1,6,FAIL,max_out_of_range
AP_K_2025-07-11_3,2025-07-11,AP_K,TG1-4W,342,4,1,3,1,6,FAIL,duplicate_positions
AP_K_2025-07-11_4,2025-07-11,AP_K,6,455,4,0,2,3,4,FAIL,no_winner
AP_K_2025-07-11_5,2025-07-11,AP_K,5,530,5,1,5,1,6,FAIL,max_out_of_range
AP_K_2025-07-11_6,2025-07-11,AP_K,TG5+W,342,5,1,3,1,4,FAIL,duplicate_positions
AP_K_2025-07-11_7,2025-07-11,AP_K,I,400,4,0,2,5,6,FAIL,no_winner
AP_K_2025-07-11_8,2025-07-11,AP_K,TG5+W,342,6,1,5,1,6,FAIL,duplicate_positions
AP_K_2025-07-11_9,2025-07-11,AP_K,TG5+W,342,6,0,4,2,6,FAIL,no_winner
BEN_2025-07-11_1,2025-07-11,BEN,Maiden,425,5,0,3,2,6,FAIL,no_winner
BEN_2025-07-11_10,2025-07-11,BEN,"Mixed 6/7",450,4,1,3,1,3,FAIL,duplicate_positions
BEN_2025-07-11_11,2025-07-11,BEN,"Grade 6",390,6,1,5,1,8,FAIL,duplicate_positions
BEN_2025-07-11_12,2025-07-11,BEN,"Grade 5",425,5,1,3,1,6,FAIL,duplicate_positions
BEN_2025-07-11_2,2025-07-11,BEN,"Mixed 6/7",400,4,0,2,2,6,FAIL,no_winner
BEN_2025-07-11_3,2025-07-11,BEN,"Mixed 6/7 Heat",425,6,0,4,2,7,FAIL,no_winner
BEN_2025-07-11_4,2025-07-11,BEN,"Grade 5",390,6,0,3,2,5,FAIL,no_winner
BEN_2025-07-11_5,2025-07-11,BEN,"Grade 5",515,7,1,5,1,6,FAIL,duplicate_positions
BEN_2025-07-11_7,2025-07-11,BEN,"Tier 3 - Maiden",450,6,1,5,1,8,FAIL,duplicate_positions
BEN_2025-07-11_8,2025-07-11,BEN,"Free For All",525,6,0,4,2,7,FAIL,no_winner
BEN_2025-07-11_9,2025-07-11,BEN,"Mixed 4/5",400,4,1,4,1,8,FAIL,max_out_of_range
GARD_2025-07-11_1,2025-07-11,GARD,M,400,7,0,5,2,7,FAIL,no_winner
GARD_2025-07-11_11,2025-07-11,GARD,5,400,6,0,4,2,7,FAIL,no_winner
GARD_2025-07-11_12,2025-07-11,GARD,5,400,6,0,3,2,7,FAIL,no_winner
GARD_2025-07-11_2,2025-07-11,GARD,M2/M3,400,6,1,4,1,8,FAIL,duplicate_positions
GARD_2025-07-11_4,2025-07-11,GARD,4/5,515,5,0,4,3,8,FAIL,no_winner
GARD_2025-07-11_5,2025-07-11,GARD,5,400,5,1,5,1,7,FAIL,max_out_of_range
GARD_2025-07-11_7,2025-07-11,GARD,5,400,6,0,3,4,7,FAIL,no_winner
GARD_2025-07-11_8,2025-07-11,GARD,5,388,8,0,5,2,7,FAIL,no_winner
GARD_2025-07-11_9,2025-07-11,GARD,5,400,5,0,4,3,8,FAIL,no_winner
GEE_2025-07-11_1,2025-07-11,GEE,Maiden,435,4,0,4,2,8,FAIL,no_winner
GEE_2025-07-11_10,2025-07-11,GEE,"Free For All",300,5,1,3,1,7,FAIL,duplicate_positions
GEE_2025-07-11_11,2025-07-11,GEE,"Free For All",400,4,0,4,2,7,FAIL,no_winner
GEE_2025-07-11_12,2025-07-11,GEE,"Grade 5",435,4,0,3,2,7,FAIL,no_winner
GEE_2025-07-11_2,2025-07-11,GEE,"Mixed 6/7",390,4,0,2,2,5,FAIL,no_winner
GEE_2025-07-11_3,2025-07-11,GEE,"Grade 5",400,5,0,4,3,7,FAIL,no_winner
GEE_2025-07-11_4,2025-07-11,GEE,"Free For All",400,4,1,3,1,8,FAIL,duplicate_positions
GEE_2025-07-11_6,2025-07-11,GEE,"Grade 5",525,5,1,3,1,4,FAIL,duplicate_positions
GEE_2025-07-11_7,2025-07-11,GEE,"Grade 5",390,4,0,3,4,6,FAIL,no_winner
GEE_2025-07-11_9,2025-07-11,GEE,"Mixed 4/5",400,4,1,4,1,8,FAIL,max_out_of_range
GOUL_2025-07-11_10,2025-07-11,GOUL,5,350,8,1,6,1,7,FAIL,duplicate_positions
GOUL_2025-07-11_11,2025-07-11,GOUL,4/5,350,6,0,3,2,6,FAIL,no_winner
GOUL_2025-07-11_12,2025-07-11,GOUL,M3,520,4,0,3,4,8,FAIL,no_winner
GOUL_2025-07-11_2,2025-07-11,GOUL,M,350,3,0,3,4,8,FAIL,no_winner
GOUL_2025-07-11_3,2025-07-11,GOUL,5,401,5,1,4,1,7,FAIL,duplicate_positions
GOUL_2025-07-11_4,2025-07-11,GOUL,4,318,5,0,3,2,5,FAIL,no_winner
GOUL_2025-07-11_5,2025-07-11,GOUL,5,440,3,0,3,2,7,FAIL,no_winner
GOUL_2025-07-11_6,2025-07-11,GOUL,5,520,6,0,4,2,5,FAIL,no_winner
GOUL_2025-07-11_7,2025-07-11,GOUL,4/5,440,7,1,5,1,7,FAIL,duplicate_positions
GOUL_2025-07-11_9,2025-07-11,GOUL,5,520,4,1,4,1,6,FAIL,max_out_of_range
HEA_2025-07-11_10,2025-07-11,HEA,"Grade 5",390,6,0,4,2,6,FAIL,no_winner
HEA_2025-07-11_11,2025-07-11,HEA,"Grade 5",435,6,0,4,2,7,FAIL,no_winner
HEA_2025-07-11_12,2025-07-11,HEA,"Grade 5 T3",435,6,0,4,3,6,FAIL,no_winner
HEA_2025-07-11_2,2025-07-11,HEA,"Mixed 6/7",300,6,0,4,2,6,FAIL,no_winner
HEA_2025-07-11_3,2025-07-11,HEA,"Grade 5 T3",350,6,1,4,1,8,FAIL,duplicate_positions
HEA_2025-07-11_4,2025-07-11,HEA,"Restricted Win",450,5,1,5,1,7,FAIL,max_out_of_range
HEA_2025-07-11_5,2025-07-11,HEA,"Grade 5",390,4,0,4,2,8,FAIL,no_winner
HEA_2025-07-11_6,2025-07-11,HEA,"Grade 5 T3",350,7,0,6,2,8,FAIL,no_winner
HEA_2025-07-11_7,2025-07-11,HEA,"Grade 5 T3",350,6,0,4,3,8,FAIL,no_winner
HEA_2025-07-11_9,2025-07-11,HEA,"Grade 6",300,5,1,4,1,8,FAIL,duplicate_positions
MAND_2025-07-11_10,2025-07-11,MAND,FFA,488,4,1,4,1,6,FAIL,max_out_of_range
MAND_2025-07-11_11,2025-07-11,MAND,4/5,300,7,0,4,4,7,FAIL,no_winner
MAND_2025-07-11_12,2025-07-11,MAND,4/5,300,5,0,4,3,8,FAIL,no_winner
MAND_2025-07-11_13,2025-07-11,MAND,4/5,715,3,0,3,4,8,FAIL,no_winner
MAND_2025-07-11_2,2025-07-11,MAND,NOV,300,6,0,5,2,8,FAIL,no_winner
MAND_2025-07-11_3,2025-07-11,MAND,M,488,5,0,5,3,7,FAIL,no_winner
MAND_2025-07-11_4,2025-07-11,MAND,6,300,5,0,1,7,7,FAIL,no_winner
MAND_2025-07-11_5,2025-07-11,MAND,NOV,488,5,1,4,1,6,FAIL,duplicate_positions
MAND_2025-07-11_6,2025-07-11,MAND,5,400,5,0,4,3,7,FAIL,no_winner
MAND_2025-07-11_7,2025-07-11,MAND,FFA,400,4,0,3,2,4,FAIL,no_winner
MAND_2025-07-11_9,2025-07-11,MAND,5,400,6,1,4,1,7,FAIL,duplicate_positions
Q1L_2025-07-11_1,2025-07-11,Q1L,M,390,7,0,4,2,6,FAIL,no_winner
Q1L_2025-07-11_10,2025-07-11,Q1L,6,352,6,1,5,1,7,FAIL,duplicate_positions
Q1L_2025-07-11_11,2025-07-11,Q1L,5,390,8,0,3,6,8,FAIL,no_winner
Q1L_2025-07-11_12,2025-07-11,Q1L,5,457,6,0,5,2,7,FAIL,no_winner
Q1L_2025-07-11_3,2025-07-11,Q1L,5,300,6,1,4,1,6,FAIL,duplicate_positions
Q1L_2025-07-11_4,2025-07-11,Q1L,5,390,5,1,3,1,6,FAIL,duplicate_positions
Q1L_2025-07-11_5,2025-07-11,Q1L,5,411,6,1,4,1,7,FAIL,duplicate_positions
Q1L_2025-07-11_6,2025-07-11,Q1L,5,457,7,1,4,1,5,FAIL,duplicate_positions
Q1L_2025-07-11_7,2025-07-11,Q1L,3/4,390,6,1,4,1,6,FAIL,duplicate_positions
Q1L_2025-07-11_9,2025-07-11,Q1L,5,390,6,1,6,1,8,FAIL,max_out_of_range
RICH_2025-07-11_1,2025-07-11,RICH,M,320,5,0,5,3,7,FAIL,no_winner
RICH_2025-07-11_10,2025-07-11,RICH,5,520,5,1,5,1,7,FAIL,max_out_of_range
RICH_2025-07-11_11,2025-07-11,RICH,NG1-4,324,4,0,4,4,8,FAIL,no_winner
RICH_2025-07-11_12,2025-07-11,RICH,M,320,5,1,5,1,8,FAIL,max_out_of_range
RICH_2025-07-11_3,2025-07-11,RICH,M3,401,6,0,4,5,8,FAIL,no_winner
RICH_2025-07-11_4,2025-07-11,RICH,5,515,4,0,4,4,7,FAIL,no_winner
RICH_2025-07-11_5,2025-07-11,RICH,5,401,5,0,3,2,8,FAIL,no_winner
RICH_2025-07-11_6,2025-07-11,RICH,5,401,5,1,3,1,5,FAIL,duplicate_positions
RICH_2025-07-11_7,2025-07-11,RICH,5,320,5,1,4,1,8,FAIL,duplicate_positions
RICH_2025-07-11_9,2025-07-11,RICH,5,320,6,0,6,2,8,FAIL,no_winner
WAG_2025-07-11_1,2025-07-11,WAG,M,330,6,0,4,3,7,FAIL,no_winner
WAG_2025-07-11_10,2025-07-11,WAG,4/5,330,5,1,3,1,5,FAIL,duplicate_positions
WAG_2025-07-11_2,2025-07-11,WAG,5,320,7,0,4,4,8,FAIL,no_winner
WAG_2025-07-11_3,2025-07-11,WAG,5,320,7,1,5,1,8,FAIL,duplicate_positions
WAG_2025-07-11_4,2025-07-11,WAG,5,400,4,0,3,3,6,FAIL,no_winner
WAG_2025-07-11_6,2025-07-11,WAG,5,520,3,0,2,4,5,FAIL,no_winner
WAG_2025-07-11_7,2025-07-11,WAG,5,320,6,1,4,1,6,FAIL,duplicate_positions
WAG_2025-07-11_8,2025-07-11,WAG,5,330,7,0,5,2,8,FAIL,no_winner
WAG_2025-07-11_9,2025-07-11,WAG,5,400,6,0,4,2,7,FAIL,no_winner
WRGL_2025-07-11_1,2025-07-11,WRGL,Maiden,460,6,0,5,2,8,FAIL,no_winner
WRGL_2025-07-11_11,2025-07-11,WRGL,"Grade 5",400,6,0,3,3,8,FAIL,no_winner
WRGL_2025-07-11_12,2025-07-11,WRGL,"Grade 5",400,7,0,4,2,8,FAIL,no_winner
WRGL_2025-07-11_2,2025-07-11,WRGL,Maiden,435,4,0,3,4,7,FAIL,no_winner
WRGL_2025-07-11_4,2025-07-11,WRGL,"Grade 5 Heat",400,8,1,5,1,7,FAIL,duplicate_positions
WRGL_2025-07-11_5,2025-07-11,WRGL,Maiden,510,6,1,5,1,6,FAIL,duplicate_positions
WRGL_2025-07-11_6,2025-07-11,WRGL,"Grade 5",425,6,1,4,1,8,FAIL,duplicate_positions
WRGL_2025-07-11_7,2025-07-11,WRGL,"Grade 5",400,4,0,3,3,6,FAIL,no_winner
WRGL_2025-07-11_8,2025-07-11,WRGL,"Grade 5",510,4,1,4,1,6,FAIL,max_out_of_range
WRGL_2025-07-11_9,2025-07-11,WRGL,"Group Listed",425,5,0,3,2,4,FAIL,no_winner
AP_K_2025-07-10_1,2025-07-10,AP_K,TG1-4W,400,5,0,4,2,6,FAIL,no_winner
AP_K_2025-07-10_10,2025-07-10,AP_K,6,595,3,0,3,4,8,FAIL,no_winner
AP_K_2025-07-10_12,2025-07-10,AP_K,I,530,6,0,5,2,7,FAIL,no_winner
AP_K_2025-07-10_2,2025-07-10,AP_K,SE,595,5,1,3,1,3,FAIL,duplicate_positions
AP_K_2025-07-10_3,2025-07-10,AP_K,"Mixed 6/7",515,4,1,3,1,3,FAIL,duplicate_positions
AP_K_2025-07-10_4,2025-07-10,AP_K,6,530,5,1,4,1,5,FAIL,duplicate_positions
AP_K_2025-07-10_6,2025-07-10,AP_K,4/5,455,7,1,6,1,7,FAIL,duplicate_positions
AP_K_2025-07-10_7,2025-07-10,AP_K,OPEN,530,6,1,4,1,5,FAIL,duplicate_positions
AP_K_2025-07-10_8,2025-07-10,AP_K,5/6,530,5,0,3,2,4,FAIL,no_winner
AP_K_2025-07-10_9,2025-07-10,AP_K,4,342,3,0,3,3,8,FAIL,no_winner
DAPT_2025-07-10_1,2025-07-10,DAPT,M,320,4,0,4,2,8,FAIL,no_winner
DAPT_2025-07-10_10,2025-07-10,DAPT,5,297,5,1,4,1,4,FAIL,duplicate_positions
DAPT_2025-07-10_2,2025-07-10,DAPT,5,520,5,0,3,2,5,FAIL,no_winner
DAPT_2025-07-10_3,2025-07-10,DAPT,3/4,297,5,1,4,1,7,FAIL,duplicate_positions
DAPT_2025-07-10_4,2025-07-10,DAPT,5,350,4,1,3,1,8,FAIL,duplicate_positions
DAPT_2025-07-10_5,2025-07-10,DAPT,5,400,4,0,3,2,6,FAIL,no_winner
DAPT_2025-07-10_6,2025-07-10,DAPT,5,297,6,0,3,2,6,FAIL,no_winner
DAPT_2025-07-10_8,2025-07-10,DAPT,M1/M2/M3,520,6,0,4,2,7,FAIL,no_winner
DAPT_2025-07-10_9,2025-07-10,DAPT,5,297,6,0,5,2,7,FAIL,no_winner
GRAF_2025-07-10_1,2025-07-10,GRAF,M,450,4,0,3,5,7,FAIL,no_winner
GRAF_2025-07-10_10,2025-07-10,GRAF,5,350,6,0,5,3,7,FAIL,no_winner
GRAF_2025-07-10_11,2025-07-10,GRAF,4/5,300,7,1,6,1,6,FAIL,duplicate_positions
GRAF_2025-07-10_12,2025-07-10,GRAF,5,450,7,1,5,1,7,FAIL,duplicate_positions
GRAF_2025-07-10_2,2025-07-10,GRAF,M,450,3,0,3,2,7,FAIL,no_winner
GRAF_2025-07-10_3,2025-07-10,GRAF,5,300,5,1,5,1,7,FAIL,max_out_of_range
GRAF_2025-07-10_4,2025-07-10,GRAF,M1/M2/M3,300,5,0,4,3,6,FAIL,no_winner
GRAF_2025-07-10_5,2025-07-10,GRAF,4/5,450,5,1,4,1,8,FAIL,duplicate_positions
GRAF_2025-07-10_6,2025-07-10,GRAF,5,350,4,1,4,1,5,FAIL,max_out_of_range
GRAF_2025-07-10_7,2025-07-10,GRAF,4/5,400,5,0,4,2,7,FAIL,no_winner
HOB_2025-07-10_1,2025-07-10,HOB,6,278,7,1,5,1,8,FAIL,duplicate_positions
HOB_2025-07-10_10,2025-07-10,HOB,5,278,7,1,7,1,8,FAIL,max_out_of_range
HOB_2025-07-10_2,2025-07-10,HOB,FFA,515,7,1,5,1,7,FAIL,duplicate_positions
HOB_2025-07-10_3,2025-07-10,HOB,5,340,6,0,4,3,8,FAIL,no_winner
HOB_2025-07-10_4,2025-07-10,HOB,R/W,278,4,0,3,3,8,FAIL,no_winner
HOB_2025-07-10_5,2025-07-10,HOB,INV,278,6,1,5,1,6,FAIL,duplicate_positions
HOB_2025-07-10_7,2025-07-10,HOB,4,278,6,1,5,1,7,FAIL,duplicate_positions
HOB_2025-07-10_8,2025-07-10,HOB,4,278,6,1,4,1,5,FAIL,duplicate_positions
HOB_2025-07-10_9,2025-07-10,HOB,4,278,7,1,4,1,7,FAIL,duplicate_positions
MAND_2025-07-10_1,2025-07-10,MAND,M,300,6,0,5,2,8,FAIL,no_winner
MAND_2025-07-10_11,2025-07-10,MAND,6,300,6,0,3,2,6,FAIL,no_winner
MAND_2025-07-10_12,2025-07-10,MAND,NOV,300,5,1,4,1,6,FAIL,duplicate_positions
MAND_2025-07-10_2,2025-07-10,MAND,NOV,300,6,0,3,5,8,FAIL,no_winner
MAND_2025-07-10_5,2025-07-10,MAND,4/5,300,6,1,5,1,6,FAIL,duplicate_positions
MAND_2025-07-10_6,2025-07-10,MAND,6,530,7,1,6,1,7,FAIL,duplicate_positions
MAND_2025-07-10_7,2025-07-10,MAND,FFA,300,7,0,4,2,6,FAIL,no_winner
MAND_2025-07-10_8,2025-07-10,MAND,FFA,300,7,0,3,2,7,FAIL,no_winner
MAND_2025-07-10_9,2025-07-10,MAND,FFA,300,6,0,3,4,8,FAIL,no_winner
MOUNT_2025-07-10_1,2025-07-10,MOUNT,Maiden,400,3,0,3,4,7,FAIL,no_winner
MOUNT_2025-07-10_10,2025-07-10,MOUNT,TG1-4W,512,5,0,3,4,7,FAIL,no_winner
MOUNT_2025-07-10_12,2025-07-10,MOUNT,TG1-4W,305,4,0,3,2,8,FAIL,no_winner
MOUNT_2025-07-10_2,2025-07-10,MOUNT,TG1-4W,305,4,0,2,6,7,FAIL,no_winner
MOUNT_2025-07-10_3,2025-07-10,MOUNT,"Grade 5",400,5,0,3,3,8,FAIL,no_winner
MOUNT_2025-07-10_4,2025-07-10,MOUNT,TG1-4W,400,6,0,3,2,6,FAIL,no_winner
MOUNT_2025-07-10_6,2025-07-10,MOUNT,5,305,5,1,4,1,7,FAIL,duplicate_positions
MOUNT_2025-07-10_7,2025-07-10,MOUNT,TG5+W,400,7,0,5,2,6,FAIL,no_winner
MOUNT_2025-07-10_8,2025-07-10,MOUNT,TG5+W,400,6,0,4,3,7,FAIL,no_winner
MOUNT_2025-07-10_9,2025-07-10,MOUNT,TG5+W,400,5,1,4,1,6,FAIL,duplicate_positions
Q1L_2025-07-10_1,2025-07-10,Q1L,6,457,5,0,5,2,7,FAIL,no_winner
Q1L_2025-07-10_10,2025-07-10,Q1L,5,520,8,1,6,1,8,FAIL,duplicate_positions
Q1L_2025-07-10_12,2025-07-10,Q1L,M5,457,5,0,4,2,8,FAIL,no_winner
Q1L_2025-07-10_2,2025-07-10,Q1L,4/5,642,6,1,5,1,6,FAIL,duplicate_positions
Q1L_2025-07-10_3,2025-07-10,Q1L,5,550,7,1,6,1,8,FAIL,duplicate_positions
Q1L_2025-07-10_4,2025-07-10,Q1L,5,600,7,1,5,1,6,FAIL,duplicate_positions
Q1L_2025-07-10_6,2025-07-10,Q1L,5,457,6,1,4,1,7,FAIL,duplicate_positions
Q1L_2025-07-10_7,2025-07-10,Q1L,R/W,600,7,1,6,1,8,FAIL,duplicate_positions
Q1L_2025-07-10_8,2025-07-10,Q1L,5,366,8,1,6,1,7,FAIL,duplicate_positions
Q1L_2025-07-10_9,2025-07-10,Q1L,5,457,7,0,4,2,6,FAIL,no_winner
QST_2025-07-10_1,2025-07-10,QST,M,366,6,0,5,2,6,FAIL,no_winner
QST_2025-07-10_10,2025-07-10,QST,5,331,6,0,5,3,8,FAIL,no_winner
QST_2025-07-10_11,2025-07-10,QST,5,350,6,0,5,2,7,FAIL,no_winner
QST_2025-07-10_2,2025-07-10,QST,M,350,5,0,3,4,8,FAIL,no_winner
QST_2025-07-10_3,2025-07-10,QST,6,366,7,1,6,1,8,FAIL,duplicate_positions
QST_2025-07-10_4,2025-07-10,QST,6,350,6,0,4,2,7,FAIL,no_winner
QST_2025-07-10_5,2025-07-10,QST,M,331,6,1,5,1,8,FAIL,duplicate_positions
QST_2025-07-10_6,2025-07-10,QST,FFA,352,6,1,5,1,7,FAIL,duplicate_positions
QST_2025-07-10_7,2025-07-10,QST,5,390,6,1,4,1,7,FAIL,duplicate_positions
QST_2025-07-10_8,2025-07-10,QST,5,350,6,0,3,2,5,FAIL,no_winner
QST_2025-07-10_9,2025-07-10,QST,5,366,6,0,4,2,7,FAIL,no_winner
RICH_2025-07-10_10,2025-07-10,RICH,NG1-4,324,5,1,4,1,7,FAIL,duplicate_positions
RICH_2025-07-10_11,2025-07-10,RICH,NG1-4,324,5,1,4,1,5,FAIL,duplicate_positions
RICH_2025-07-10_12,2025-07-10,RICH,5,401,5,0,4,2,7,FAIL,no_winner
RICH_2025-07-10_2,2025-07-10,RICH,M,324,5,0,5,2,8,FAIL,no_winner
RICH_2025-07-10_3,2025-07-10,RICH,M,324,6,1,5,1,7,FAIL,duplicate_positions
RICH_2025-07-10_4,2025-07-10,RICH,M,324,6,0,3,2,4,FAIL,no_winner
RICH_2025-07-10_5,2025-07-10,RICH,5,324,7,0,5,2,8,FAIL,no_winner
RICH_2025-07-10_6,2025-07-10,RICH,5,324,6,1,6,1,8,FAIL,max_out_of_range
RICH_2025-07-10_8,2025-07-10,RICH,5,324,6,1,4,1,6,FAIL,duplicate_positions
RICH_2025-07-10_9,2025-07-10,RICH,M3,400,8,0,5,4,8,FAIL,no_winner
SAN_2025-07-10_1,2025-07-10,SAN,"Mixed 6/7",515,5,0,3,2,4,FAIL,no_winner
SAN_2025-07-10_10,2025-07-10,SAN,"S/E Group 2",595,5,1,5,1,7,FAIL,max_out_of_range
SAN_2025-07-10_12,2025-07-10,SAN,"Free For All",525,6,1,5,1,8,FAIL,duplicate_positions
SAN_2025-07-10_2,2025-07-10,SAN,"Grade 5",595,4,0,3,2,4,FAIL,no_winner
SAN_2025-07-10_3,2025-07-10,SAN,"Mixed 4/5",595,4,1,4,1,7,FAIL,max_out_of_range
SAN_2025-07-10_5,2025-07-10,SAN,"Grade 5",525,6,1,5,1,5,FAIL,duplicate_positions
SAN_2025-07-10_6,2025-07-10,SAN,"Grade 5",515,6,0,5,2,7,FAIL,no_winner
SAN_2025-07-10_7,2025-07-10,SAN,"Grade 5",515,5,0,4,2,6,FAIL,no_winner
SAN_2025-07-10_8,2025-07-10,SAN,"Grade 5",515,6,0,4,2,6,FAIL,no_winner
SAN_2025-07-10_9,2025-07-10,SAN,"Grade 5",600,5,1,4,1,5,FAIL,duplicate_positions
SHEP_2025-07-10_1,2025-07-10,SHEP,Maiden,390,6,0,3,4,8,FAIL,no_winner
SHEP_2025-07-10_10,2025-07-10,SHEP,"Grade 5 T3",425,5,0,5,3,8,FAIL,no_winner
SHEP_2025-07-10_12,2025-07-10,SHEP,"Grade 5 T3",450,6,0,2,4,7,FAIL,no_winner
SHEP_2025-07-10_13,2025-07-10,SHEP,"Grade 5",390,7,0,6,2,8,FAIL,no_winner
SHEP_2025-07-10_2,2025-07-10,SHEP,Maiden,390,6,0,3,4,6,FAIL,no_winner
SHEP_2025-07-10_3,2025-07-10,SHEP,"Tier 3 - Grade 6",450,7,0,4,3,8,FAIL,no_winner
SHEP_2025-07-10_5,2025-07-10,SHEP,"Grade 6",390,6,0,4,3,7,FAIL,no_winner
SHEP_2025-07-10_6,2025-07-10,SHEP,"Grade 5",450,7,1,7,1,8,FAIL,max_out_of_range
SHEP_2025-07-10_7,2025-07-10,SHEP,"Tier 3 - Restricted Win",500,5,1,4,1,6,FAIL,duplicate_positions
SHEP_2025-07-10_8,2025-07-10,SHEP,"Grade 5",390,6,0,4,2,7,FAIL,no_winner
SHEP_2025-07-10_9,2025-07-10,SHEP,"Tier 3 - Grade 7",390,5,1,5,1,8,FAIL,max_out_of_range
WAR_2025-07-10_1,2025-07-10,WAR,Maiden,390,6,0,5,2,8,FAIL,no_winner
WAR_2025-07-10_10,2025-07-10,WAR,"Grade 5",390,7,0,5,2,8,FAIL,no_winner
WAR_2025-07-10_11,2025-07-10,WAR,"Grade 5",390,6,1,5,1,5,FAIL,duplicate_positions
WAR_2025-07-10_12,2025-07-10,WAR,"Mixed 4/5",390,8,1,5,1,7,FAIL,duplicate_positions
WAR_2025-07-10_3,2025-07-10,WAR,"Mixed 4/5",390,6,0,5,2,8,FAIL,no_winner
WAR_2025-07-10_4,2025-07-10,WAR,"Restricted Win",390,6,1,5,1,8,FAIL,duplicate_positions
WAR_2025-07-10_5,2025-07-10,WAR,"Grade 5",450,6,0,4,2,5,FAIL,no_winner
WAR_2025-07-10_6,2025-07-10,WAR,"Mixed 6/7",450,3,1,3,1,8,FAIL,max_out_of_range
WAR_2025-07-10_7,2025-07-10,WAR,6,512,5,0,4,2,8,FAIL,no_winner
WAR_2025-07-10_8,2025-07-10,WAR,"Grade 5",400,6,1,6,1,7,FAIL,max_out_of_range
WRGL_2025-07-10_1,2025-07-10,WRGL,"Tier 3 - Maiden",435,7,0,4,2,7,FAIL,no_winner
WRGL_2025-07-10_10,2025-07-10,WRGL,"Grade 5",390,6,0,5,2,7,FAIL,no_winner
WRGL_2025-07-10_11,2025-07-10,WRGL,"Grade 5",400,5,0,5,2,7,FAIL,no_winner
WRGL_2025-07-10_12,2025-07-10,WRGL,"Grade 5 Heat",400,6,0,4,3,7,FAIL,no_winner
WRGL_2025-07-10_2,2025-07-10,WRGL,"Mixed 6/7",400,5,0,4,2,6,FAIL,no_winner
WRGL_2025-07-10_3,2025-07-10,WRGL,"Tier 3 - Grade 6",450,7,0,4,3,7,FAIL,no_winner
WRGL_2025-07-10_4,2025-07-10,WRGL,"Mixed 4/5",400,5,0,3,2,6,FAIL,no_winner
WRGL_2025-07-10_5,2025-07-10,WRGL,"Mixed 6/7",400,5,1,5,1,8,FAIL,max_out_of_range
WRGL_2025-07-10_6,2025-07-10,WRGL,"Grade 5 T3",460,4,0,2,4,5,FAIL,no_winner
WRGL_2025-07-10_8,2025-07-10,WRGL,"Grade 5 T3",460,5,1,5,1,8,FAIL,max_out_of_range
WRGL_2025-07-10_9,2025-07-10,WRGL,"Grade 5",400,6,0,4,5,8,FAIL,no_winner
W_PK_2025-07-10_1,2025-07-10,W_PK,M,520,5,1,4,1,6,FAIL,duplicate_positions
W_PK_2025-07-10_2,2025-07-10,W_PK,5,520,5,0,4,3,6,FAIL,no_winner
W_PK_2025-07-10_4,2025-07-10,W_PK,NG,520,8,0,4,3,7,FAIL,no_winner
W_PK_2025-07-10_5,2025-07-10,W_PK,5,600,5,1,5,1,7,FAIL,max_out_of_range
W_PK_2025-07-10_6,2025-07-10,W_PK,NG,720,6,1,3,1,4,FAIL,duplicate_positions
W_PK_2025-07-10_7,2025-07-10,W_PK,5,520,7,0,4,2,7,FAIL,no_winner
W_PK_2025-07-10_8,2025-07-10,W_PK,5,520,5,0,3,2,7,FAIL,no_winner
W_PK_2025-07-10_9,2025-07-10,W_PK,FFA,520,4,1,4,1,6,FAIL,max_out_of_range
BAL_2025-07-09_1,2025-07-09,BAL,Maiden,400,6,0,5,3,8,FAIL,no_winner
BAL_2025-07-09_10,2025-07-09,BAL,"Grade 5",400,4,1,3,1,7,FAIL,duplicate_positions
BAL_2025-07-09_11,2025-07-09,BAL,"Mixed 4/5",390,5,1,4,1,6,FAIL,duplicate_positions
BAL_2025-07-09_12,2025-07-09,BAL,"Grade 5",390,5,0,3,2,7,FAIL,no_winner
BAL_2025-07-09_13,2025-07-09,BAL,"Mixed 6/7 Heat",390,5,0,3,4,6,FAIL,no_winner
BAL_2025-07-09_14,2025-07-09,BAL,"Grade 6",390,6,0,4,2,8,FAIL,no_winner
BAL_2025-07-09_2,2025-07-09,BAL,"Mixed 6/7 Heat",390,6,1,4,1,5,FAIL,duplicate_positions
BAL_2025-07-09_3,2025-07-09,BAL,"Grade 5 Heat",400,5,0,4,4,8,FAIL,no_winner
BAL_2025-07-09_4,2025-07-09,BAL,"Free For All",400,4,0,4,3,8,FAIL,no_winner
BAL_2025-07-09_5,2025-07-09,BAL,"Mixed 6/7 Final",515,6,0,3,4,6,FAIL,no_winner
BAL_2025-07-09_6,2025-07-09,BAL,"Grade 5",390,3,0,2,2,5,FAIL,no_winner
BAL_2025-07-09_8,2025-07-09,BAL,"Mixed 4/5",545,6,0,3,3,8,FAIL,no_winner
BAL_2025-07-09_9,2025-07-09,BAL,"Mixed 4/5",400,5,1,4,1,7,FAIL,duplicate_positions
CANN_2025-07-09_1,2025-07-09,CANN,4/5,297,5,1,5,1,8,FAIL,max_out_of_range
CANN_2025-07-09_10,2025-07-09,CANN,6,297,7,0,4,4,8,FAIL,no_winner
CANN_2025-07-09_11,2025-07-09,CANN,5,381,4,1,4,1,7,FAIL,max_out_of_range
CANN_2025-07-09_2,2025-07-09,CANN,M,381,6,0,3,2,6,FAIL,no_winner
CANN_2025-07-09_3,2025-07-09,CANN,M,520,3,0,3,5,7,FAIL,no_winner
CANN_2025-07-09_4,2025-07-09,CANN,NOV,381,6,0,4,2,8,FAIL,no_winner
CANN_2025-07-09_6,2025-07-09,CANN,6,381,7,1,6,1,8,FAIL,duplicate_positions
CANN_2025-07-09_7,2025-07-09,CANN,5,488,6,0,4,2,5,FAIL,no_winner
CANN_2025-07-09_8,2025-07-09,CANN,6,381,4,0,2,3,8,FAIL,no_winner
CANN_2025-07-09_9,2025-07-09,CANN,6,275,5,0,4,2,8,FAIL,no_winner
DAR_2025-07-09_1,2025-07-09,DAR,5/M,312,3,0,2,3,4,FAIL,no_winner
DAR_2025-07-09_3,2025-07-09,DAR,OPEN,383,5,1,5,1,8,FAIL,max_out_of_range
DAR_2025-07-09_4,2025-07-09,DAR,5/M,312,3,0,3,4,6,FAIL,no_winner
DAR_2025-07-09_5,2025-07-09,DAR,3/4,312,4,1,3,1,6,FAIL,duplicate_positions
DAR_2025-07-09_6,2025-07-09,DAR,OPEN,383,3,0,3,2,5,FAIL,no_winner
DAR_2025-07-09_7,2025-07-09,DAR,4/5,383,6,1,5,1,6,FAIL,duplicate_positions
HEA_2025-07-09_1,2025-07-09,HEA,Maiden,435,5,0,5,3,8,FAIL,no_winner
HEA_2025-07-09_11,2025-07-09,HEA,"Grade 5",425,5,0,4,5,8,FAIL,no_winner
HEA_2025-07-09_12,2025-07-09,HEA,"Grade 5",300,5,0,2,7,8,FAIL,no_winner
HEA_2025-07-09_2,2025-07-09,HEA,"Tier 3 - Maiden",390,4,0,3,5,7,FAIL,no_winner
HEA_2025-07-09_4,2025-07-09,HEA,"Grade 5",400,5,0,4,3,6,FAIL,no_winner
HEA_2025-07-09_5,2025-07-09,HEA,"Tier 3 - Restricted Win",510,7,0,5,3,8,FAIL,no_winner
HEA_2025-07-09_6,2025-07-09,HEA,"Grade 5",300,5,0,3,2,6,FAIL,no_winner
HEA_2025-07-09_7,2025-07-09,HEA,"Tier 3 - Grade 6",500,7,0,4,4,8,FAIL,no_winner
HEA_2025-07-09_8,2025-07-09,HEA,"Grade 5",300,5,0,3,3,8,FAIL,no_winner
HEA_2025-07-09_9,2025-07-09,HEA,"Grade 5",510,5,1,4,1,8,FAIL,duplicate_positions
MEA_2025-07-09_1,2025-07-09,MEA,Maiden,525,5,0,3,2,5,FAIL,no_winner
MEA_2025-07-09_10,2025-07-09,MEA,"Grade 5",450,7,0,4,2,7,FAIL,no_winner
MEA_2025-07-09_11,2025-07-09,MEA,"Grade 5 T3",525,7,0,4,3,8,FAIL,no_winner
MEA_2025-07-09_12,2025-07-09,MEA,"Grade 5 Tier 3 Heat",515,5,0,4,4,8,FAIL,no_winner
MEA_2025-07-09_3,2025-07-09,MEA,"Mixed 6/7",450,5,1,3,1,8,FAIL,duplicate_positions
MEA_2025-07-09_4,2025-07-09,MEA,"Grade 5",525,5,1,5,1,7,FAIL,max_out_of_range
MEA_2025-07-09_5,2025-07-09,MEA,"Grade 5",680,5,0,3,4,7,FAIL,no_winner
MEA_2025-07-09_6,2025-07-09,MEA,"Mixed 4/5",515,6,1,5,1,8,FAIL,duplicate_positions
MEA_2025-07-09_7,2025-07-09,MEA,"Grade 5 Heat",525,5,1,5,1,6,FAIL,max_out_of_range
MEA_2025-07-09_8,2025-07-09,MEA,"Grade 5",600,5,0,2,2,5,FAIL,no_winner
Q1L_2025-07-09_1,2025-07-09,Q1L,PM,352,4,0,3,3,8,FAIL,no_winner
Q1L_2025-07-09_10,2025-07-09,Q1L,5,331,6,0,4,2,8,FAIL,no_winner
Q1L_2025-07-09_11,2025-07-09,Q1L,5,331,6,1,4,1,8,FAIL,duplicate_positions
Q1L_2025-07-09_2,2025-07-09,Q1L,M,352,6,0,4,2,7,FAIL,no_winner
Q1L_2025-07-09_3,2025-07-09,Q1L,M,352,7,1,5,1,5,FAIL,duplicate_positions
Q1L_2025-07-09_4,2025-07-09,Q1L,5,331,6,0,6,2,8,FAIL,no_winner
Q1L_2025-07-09_5,2025-07-09,Q1L,5,366,5,0,4,2,6,FAIL,no_winner
Q1L_2025-07-09_7,2025-07-09,Q1L,5,350,7,0,4,2,8,FAIL,no_winner
Q1L_2025-07-09_8,2025-07-09,Q1L,3/4,352,5,1,4,1,4,FAIL,duplicate_positions
Q1L_2025-07-09_9,2025-07-09,Q1L,5,300,6,0,4,2,8,FAIL,no_winner
RICH_2025-07-09_1,2025-07-09,RICH,M,450,6,0,3,4,6,FAIL,no_winner
RICH_2025-07-09_10,2025-07-09,RICH,5,400,6,1,5,1,7,FAIL,duplicate_positions
RICH_2025-07-09_11,2025-07-09,RICH,5,320,5,0,3,2,7,FAIL,no_winner
RICH_2025-07-09_12,2025-07-09,RICH,M,320,8,1,6,1,7,FAIL,duplicate_positions
RICH_2025-07-09_3,2025-07-09,RICH,5,520,4,0,3,2,4,FAIL,no_winner
RICH_2025-07-09_4,2025-07-09,RICH,5,515,4,0,4,2,6,FAIL,no_winner
RICH_2025-07-09_5,2025-07-09,RICH,5,520,4,0,3,2,6,FAIL,no_winner
RICH_2025-07-09_6,2025-07-09,RICH,5,622,6,0,4,2,7,FAIL,no_winner
RICH_2025-07-09_7,2025-07-09,RICH,4/5,401,6,1,5,1,7,FAIL,duplicate_positions
RICH_2025-07-09_8,2025-07-09,RICH,5,401,4,1,4,1,7,FAIL,max_out_of_range
ROCK_2025-07-09_1,2025-07-09,ROCK,M,407,4,0,3,2,6,FAIL,no_winner
ROCK_2025-07-09_11,2025-07-09,ROCK,5,407,7,0,4,2,6,FAIL,no_winner
ROCK_2025-07-09_12,2025-07-09,ROCK,M5,407,5,0,4,2,7,FAIL,no_winner
ROCK_2025-07-09_2,2025-07-09,ROCK,M,331,3,0,3,5,8,FAIL,no_winner
ROCK_2025-07-09_4,2025-07-09,ROCK,M,407,6,1,4,1,6,FAIL,duplicate_positions
ROCK_2025-07-09_5,2025-07-09,ROCK,5,407,6,1,5,1,7,FAIL,duplicate_positions
ROCK_2025-07-09_6,2025-07-09,ROCK,4/5,510,5,0,4,2,5,FAIL,no_winner
ROCK_2025-07-09_7,2025-07-09,ROCK,4/5,407,7,1,6,1,8,FAIL,duplicate_positions
ROCK_2025-07-09_8,2025-07-09,ROCK,FFA,407,4,0,4,2,7,FAIL,no_winner
SAL_2025-07-09_1,2025-07-09,SAL,Maiden,435,7,0,6,3,8,FAIL,no_winner
SAL_2025-07-09_10,2025-07-09,SAL,"Tier 3 - Grade 6",435,6,1,5,1,8,FAIL,duplicate_positions
SAL_2025-07-09_11,2025-07-09,SAL,"Grade 5 Heat",400,6,0,4,3,8,FAIL,no_winner
SAL_2025-07-09_2,2025-07-09,SAL,Maiden,400,5,0,3,3,8,FAIL,no_winner
SAL_2025-07-09_3,2025-07-09,SAL,"Tier 3 - Maiden",435,6,0,5,2,8,FAIL,no_winner
SAL_2025-07-09_4,2025-07-09,SAL,"Grade 7",400,5,0,5,2,8,FAIL,no_winner
SAL_2025-07-09_6,2025-07-09,SAL,"Grade 5",435,6,0,4,2,6,FAIL,no_winner
SAL_2025-07-09_7,2025-07-09,SAL,"Tier 3 - Restricted Win",460,3,0,2,3,8,FAIL,no_winner
SAL_2025-07-09_8,2025-07-09,SAL,"Grade 5 T3",460,8,1,6,1,8,FAIL,duplicate_positions
SAL_2025-07-09_9,2025-07-09,SAL,"Grade 7",435,5,1,5,1,8,FAIL,max_out_of_range
TAR_2025-07-09_1,2025-07-09,TAR,M,300,6,0,4,2,8,FAIL,no_winner
TAR_2025-07-09_10,2025-07-09,TAR,5,300,5,0,3,2,6,FAIL,no_winner
TAR_2025-07-09_11,2025-07-09,TAR,5,300,7,0,3,3,7,FAIL,no_winner
TAR_2025-07-09_12,2025-07-09,TAR,5,400,7,1,5,1,7,FAIL,duplicate_positions
TAR_2025-07-09_2,2025-07-09,TAR,MX,525,5,0,4,3,6,FAIL,no_winner
TAR_2025-07-09_3,2025-07-09,TAR,5,300,4,0,3,4,7,FAIL,no_winner
TAR_2025-07-09_4,2025-07-09,TAR,5,300,6,0,5,2,7,FAIL,no_winner
TAR_2025-07-09_5,2025-07-09,TAR,M3,300,6,0,5,2,7,FAIL,no_winner
TAR_2025-07-09_6,2025-07-09,TAR,M3,300,6,1,4,1,4,FAIL,duplicate_positions
TAR_2025-07-09_8,2025-07-09,TAR,NG1-4,300,5,1,4,1,8,FAIL,duplicate_positions
TAR_2025-07-09_9,2025-07-09,TAR,NG1-4,300,5,1,4,1,5,FAIL,duplicate_positions
TEM_2025-07-09_1,2025-07-09,TEM,M,440,4,0,4,2,8,FAIL,no_winner
TEM_2025-07-09_10,2025-07-09,TEM,5,320,7,0,3,4,6,FAIL,no_winner
TEM_2025-07-09_11,2025-07-09,TEM,5,300,7,1,4,1,6,FAIL,duplicate_positions
TEM_2025-07-09_12,2025-07-09,TEM,M,330,6,1,5,1,8,FAIL,duplicate_positions
TEM_2025-07-09_2,2025-07-09,TEM,M,350,7,0,5,3,8,FAIL,no_winner
TEM_2025-07-09_3,2025-07-09,TEM,M2/M3,330,6,1,6,1,8,FAIL,max_out_of_range
TEM_2025-07-09_4,2025-07-09,TEM,NG1-4,330,5,1,5,1,7,FAIL,max_out_of_range
TEM_2025-07-09_5,2025-07-09,TEM,4/5,400,4,0,4,5,8,FAIL,no_winner
TEM_2025-07-09_6,2025-07-09,TEM,5,457,6,1,5,1,7,FAIL,duplicate_positions
TEM_2025-07-09_8,2025-07-09,TEM,5,440,5,1,4,1,6,FAIL,duplicate_positions
TEM_2025-07-09_9,2025-07-09,TEM,5,350,7,1,3,1,4,FAIL,duplicate_positions
AP_K_2025-07-08_1,2025-07-08,AP_K,M,400,3,0,2,2,4,FAIL,no_winner
AP_K_2025-07-08_10,2025-07-08,AP_K,TG1-4W,342,5,0,3,2,6,FAIL,no_winner
AP_K_2025-07-08_3,2025-07-08,AP_K,6,300,6,0,3,2,6,FAIL,no_winner
AP_K_2025-07-08_4,2025-07-08,AP_K,TG5+W,342,6,0,3,4,6,FAIL,no_winner
AP_K_2025-07-08_5,2025-07-08,AP_K,6,400,3,0,3,3,8,FAIL,no_winner
AP_K_2025-07-08_6,2025-07-08,AP_K,TG5+W,342,5,1,5,1,6,FAIL,max_out_of_range
AP_K_2025-07-08_7,2025-07-08,AP_K,TG5+W,342,6,0,3,3,6,FAIL,no_winner
AP_K_2025-07-08_9,2025-07-08,AP_K,6,342,4,0,4,2,6,FAIL,no_winner
BAL_2025-07-08_1,2025-07-08,BAL,"Grade 5",450,7,1,4,1,7,FAIL,duplicate_positions
BAL_2025-07-08_10,2025-07-08,BAL,"Grade 5",425,4,0,3,2,7,FAIL,no_winner
BAL_2025-07-08_11,2025-07-08,BAL,"Grade 5 T3",390,6,0,4,4,8,FAIL,no_winner
BAL_2025-07-08_13,2025-07-08,BAL,"Grade 5",390,5,0,4,2,6,FAIL,no_winner
BAL_2025-07-08_14,2025-07-08,BAL,"Mixed 4/5",390,6,0,6,2,8,FAIL,no_winner
BAL_2025-07-08_2,2025-07-08,BAL,"Grade 5",390,6,0,5,3,8,FAIL,no_winner
BAL_2025-07-08_3,2025-07-08,BAL,"Grade 5 T3",390,4,1,3,1,7,FAIL,duplicate_positions
BAL_2025-07-08_6,2025-07-08,BAL,"Grade 5",450,6,0,5,3,7,FAIL,no_winner
BAL_2025-07-08_7,2025-07-08,BAL,"Grade 5",450,7,0,4,3,6,FAIL,no_winner
BAL_2025-07-08_8,2025-07-08,BAL,"Mixed 4/5",390,7,0,4,2,8,FAIL,no_winner
BAL_2025-07-08_9,2025-07-08,BAL,"Grade 5",425,5,0,4,2,8,FAIL,no_winner
BUL_2025-07-08_1,2025-07-08,BUL,M,365,4,0,3,2,8,FAIL,no_winner
BUL_2025-07-08_10,2025-07-08,BUL,4/5,320,4,0,3,2,6,FAIL,no_winner
BUL_2025-07-08_11,2025-07-08,BUL,5,340,6,1,4,1,7,FAIL,duplicate_positions
BUL_2025-07-08_12,2025-07-08,BUL,5,297,7,0,5,3,8,FAIL,no_winner
BUL_2025-07-08_2,2025-07-08,BUL,M,400,6,0,5,2,6,FAIL,no_winner
BUL_2025-07-08_3,2025-07-08,BUL,M,350,5,0,4,3,8,FAIL,no_winner
BUL_2025-07-08_5,2025-07-08,BUL,M1/M2/M3,324,5,0,2,5,6,FAIL,no_winner
BUL_2025-07-08_7,2025-07-08,BUL,5,400,6,1,5,1,7,FAIL,duplicate_positions
BUL_2025-07-08_8,2025-07-08,BUL,5,350,6,0,4,2,7,FAIL,no_winner
BUL_2025-07-08_9,2025-07-08,BUL,5,330,6,1,5,1,8,FAIL,duplicate_positions
GEE_2025-07-08_1,2025-07-08,GEE,Maiden,400,5,0,3,3,6,FAIL,no_winner
GEE_2025-07-08_11,2025-07-08,GEE,Maiden,400,4,1,4,1,5,FAIL,max_out_of_range
GEE_2025-07-08_12,2025-07-08,GEE,"Tier 3 - Grade 6",350,6,0,5,2,7,FAIL,no_winner
GEE_2025-07-08_13,2025-07-08,GEE,"Grade 5",390,6,1,6,1,7,FAIL,max_out_of_range
GEE_2025-07-08_2,2025-07-08,GEE,Maiden,400,3,0,2,2,7,FAIL,no_winner
GEE_2025-07-08_4,2025-07-08,GEE,Maiden,515,4,0,4,3,7,FAIL,no_winner
GEE_2025-07-08_5,2025-07-08,GEE,"Restricted Win",450,4,0,2,4,5,FAIL,no_winner
GEE_2025-07-08_6,2025-07-08,GEE,Maiden,500,6,0,4,3,6,FAIL,no_winner
GEE_2025-07-08_7,2025-07-08,GEE,"Mixed 6/7 Heat",450,5,0,4,2,6,FAIL,no_winner
GEE_2025-07-08_8,2025-07-08,GEE,"Grade 5 T3",545,7,0,4,2,6,FAIL,no_winner
GEE_2025-07-08_9,2025-07-08,GEE,Maiden,525,4,1,4,1,6,FAIL,max_out_of_range
GRAF_2025-07-08_1,2025-07-08,GRAF,M,350,5,0,4,2,8,FAIL,no_winner
GRAF_2025-07-08_10,2025-07-08,GRAF,5,350,4,0,3,2,6,FAIL,no_winner
GRAF_2025-07-08_2,2025-07-08,GRAF,5,350,4,0,3,2,7,FAIL,no_winner
GRAF_2025-07-08_4,2025-07-08,GRAF,5,400,5,0,3,4,7,FAIL,no_winner
GRAF_2025-07-08_5,2025-07-08,GRAF,4/5,450,5,0,4,4,7,FAIL,no_winner
GRAF_2025-07-08_6,2025-07-08,GRAF,5,350,6,0,4,4,7,FAIL,no_winner
GRAF_2025-07-08_7,2025-07-08,GRAF,4/5,350,4,0,3,2,8,FAIL,no_winner
GRAF_2025-07-08_8,2025-07-08,GRAF,4/5,450,5,0,5,2,8,FAIL,no_winner
GRAF_2025-07-08_9,2025-07-08,GRAF,NG1-4,350,5,1,5,1,7,FAIL,max_out_of_range
HOB_2025-07-08_1,2025-07-08,HOB,6,461,5,0,5,3,8,FAIL,no_winner
HOB_2025-07-08_10,2025-07-08,HOB,MI4/5MA,340,5,1,4,1,8,FAIL,duplicate_positions
HOB_2025-07-08_2,2025-07-08,HOB,5,278,7,0,4,4,8,FAIL,no_winner
HOB_2025-07-08_3,2025-07-08,HOB,4,340,7,0,4,3,7,FAIL,no_winner
HOB_2025-07-08_4,2025-07-08,HOB,MI4/5MA,340,5,0,4,3,7,FAIL,no_winner
HOB_2025-07-08_5,2025-07-08,HOB,5,278,6,0,5,2,8,FAIL,no_winner
HOB_2025-07-08_7,2025-07-08,HOB,5,461,6,1,5,1,8,FAIL,duplicate_positions
HOB_2025-07-08_8,2025-07-08,HOB,BT8,461,7,0,3,3,7,FAIL,no_winner
HOB_2025-07-08_9,2025-07-08,HOB,5,461,6,1,4,1,8,FAIL,duplicate_positions
MAND_2025-07-08_1,2025-07-08,MAND,M,300,7,0,5,2,7,FAIL,no_winner
MAND_2025-07-08_10,2025-07-08,MAND,NOV,300,4,0,2,2,6,FAIL,no_winner
MAND_2025-07-08_11,2025-07-08,MAND,5,488,5,0,5,2,7,FAIL,no_winner
MAND_2025-07-08_2,2025-07-08,MAND,M,400,4,0,2,5,7,FAIL,no_winner
MAND_2025-07-08_3,2025-07-08,MAND,M,400,7,1,4,1,4,FAIL,duplicate_positions
MAND_2025-07-08_4,2025-07-08,MAND,NOV,300,6,1,5,1,8,FAIL,duplicate_positions
MAND_2025-07-08_6,2025-07-08,MAND,4/5,488,7,1,5,1,7,FAIL,duplicate_positions
MAND_2025-07-08_7,2025-07-08,MAND,NOV,520,4,0,4,2,6,FAIL,no_winner
MAND_2025-07-08_8,2025-07-08,MAND,5/6,400,6,1,5,1,6,FAIL,duplicate_positions
MAND_2025-07-08_9,2025-07-08,MAND,5/6,300,6,1,4,1,7,FAIL,duplicate_positions
MURR_2025-07-08_1,2025-07-08,MURR,M,342,4,0,3,2,6,FAIL,no_winner
MURR_2025-07-08_2,2025-07-08,MURR,5,342,4,0,3,3,6,FAIL,no_winner
MURR_2025-07-08_3,2025-07-08,MURR,TG5+W,342,4,0,4,2,6,FAIL,no_winner
MURR_2025-07-08_4,2025-07-08,MURR,6,400,3,0,3,2,7,FAIL,no_winner
MURR_2025-07-08_6,2025-07-08,MURR,6,531,5,1,3,1,4,FAIL,duplicate_positions
MURR_2025-07-08_7,2025-07-08,MURR,TG1-4W,342,6,0,4,2,6,FAIL,no_winner
MURR_2025-07-08_8,2025-07-08,MURR,OPEN,300,4,1,3,1,3,FAIL,duplicate_positions
MURR_2025-07-08_9,2025-07-08,MURR,TG1-4W,342,4,1,3,1,6,FAIL,duplicate_positions
Q1L_2025-07-08_1,2025-07-08,Q1L,M,390,5,0,3,3,6,FAIL,no_winner
Q1L_2025-07-08_10,2025-07-08,Q1L,5,390,7,0,5,2,8,FAIL,no_winner
Q1L_2025-07-08_11,2025-07-08,Q1L,4/5,457,4,0,4,2,8,FAIL,no_winner
Q1L_2025-07-08_2,2025-07-08,Q1L,M,390,4,0,2,5,6,FAIL,no_winner
Q1L_2025-07-08_3,2025-07-08,Q1L,6,457,6,0,3,6,8,FAIL,no_winner
Q1L_2025-07-08_4,2025-07-08,Q1L,6,352,6,0,4,3,6,FAIL,no_winner
Q1L_2025-07-08_5,2025-07-08,Q1L,6,457,6,0,4,2,8,FAIL,no_winner
Q1L_2025-07-08_7,2025-07-08,Q1L,6,390,7,0,5,2,7,FAIL,no_winner
Q1L_2025-07-08_8,2025-07-08,Q1L,5,457,8,1,6,1,8,FAIL,duplicate_positions
Q1L_2025-07-08_9,2025-07-08,Q1L,5,457,6,1,4,1,5,FAIL,duplicate_positions
WOL_2025-07-08_4,2025-07-08,WOL,4/5,520,8,0,5,2,7,FAIL,no_winner
WRGL_2025-07-08_1,2025-07-08,WRGL,Maiden,400,7,1,5,1,8,FAIL,duplicate_positions
WRGL_2025-07-08_10,2025-07-08,WRGL,"Grade 5",400,6,1,4,1,8,FAIL,duplicate_positions
WRGL_2025-07-08_11,2025-07-08,WRGL,"Grade 5",400,4,0,3,3,5,FAIL,no_winner
WRGL_2025-07-08_12,2025-07-08,WRGL,"Grade 5",400,7,0,5,2,6,FAIL,no_winner
WRGL_2025-07-08_2,2025-07-08,WRGL,"Tier 3 - Maiden",460,7,0,5,3,7,FAIL,no_winner
WRGL_2025-07-08_3,2025-07-08,WRGL,"Mixed 6/7",400,6,1,5,1,8,FAIL,duplicate_positions
WRGL_2025-07-08_4,2025-07-08,WRGL,"Mixed 6/7",435,6,1,6,1,7,FAIL,max_out_of_range
WRGL_2025-07-08_5,2025-07-08,WRGL,"Mixed 6/7",460,7,0,5,2,6,FAIL,no_winner
WRGL_2025-07-08_6,2025-07-08,WRGL,"Mixed 4/5",425,7,1,5,1,7,FAIL,duplicate_positions
WRGL_2025-07-08_8,2025-07-08,WRGL,"Grade 5",515,5,0,4,2,5,FAIL,no_winner
WRGL_2025-07-08_9,2025-07-08,WRGL,"Grade 5 T3",350,7,0,3,2,4,FAIL,no_winner
AP_K_2025-07-07_1,2025-07-07,AP_K,M,342,3,0,3,3,7,FAIL,no_winner
AP_K_2025-07-07_10,2025-07-07,AP_K,6,680,4,0,4,2,6,FAIL,no_winner
AP_K_2025-07-07_11,2025-07-07,AP_K,6,342,4,1,4,1,5,FAIL,max_out_of_range
AP_K_2025-07-07_12,2025-07-07,AP_K,SE,531,4,0,4,2,8,FAIL,no_winner
AP_K_2025-07-07_3,2025-07-07,AP_K,6,342,4,1,3,1,3,FAIL,duplicate_positions
AP_K_2025-07-07_4,2025-07-07,AP_K,SE,643,4,0,4,2,8,FAIL,no_winner
AP_K_2025-07-07_5,2025-07-07,AP_K,6,530,4,0,2,2,4,FAIL,no_winner
AP_K_2025-07-07_6,2025-07-07,AP_K,5,342,7,1,4,1,5,FAIL,duplicate_positions
AP_K_2025-07-07_7,2025-07-07,AP_K,3/4,342,6,1,5,1,5,FAIL,duplicate_positions
AP_K_2025-07-07_9,2025-07-07,AP_K,I,400,5,1,4,1,6,FAIL,duplicate_positions
DUB_2025-07-07_1,2025-07-07,DUB,M,400,6,0,4,5,8,FAIL,no_winner
DUB_2025-07-07_10,2025-07-07,DUB,5,330,6,0,3,6,8,FAIL,no_winner
DUB_2025-07-07_3,2025-07-07,DUB,5,400,4,0,4,2,7,FAIL,no_winner
DUB_2025-07-07_4,2025-07-07,DUB,5,400,5,0,2,5,7,FAIL,no_winner
DUB_2025-07-07_5,2025-07-07,DUB,5,340,4,0,4,4,7,FAIL,no_winner
DUB_2025-07-07_6,2025-07-07,DUB,5,340,5,0,4,3,8,FAIL,no_winner
DUB_2025-07-07_7,2025-07-07,DUB,5,330,4,0,4,2,7,FAIL,no_winner
DUB_2025-07-07_8,2025-07-07,DUB,NG1-4,340,7,0,5,4,8,FAIL,no_winner
HOR_2025-07-07_1,2025-07-07,HOR,Maiden,410,4,0,3,3,6,FAIL,no_winner
HOR_2025-07-07_10,2025-07-07,HOR,"Grade 5 Final",390,5,0,3,3,6,FAIL,no_winner
HOR_2025-07-07_11,2025-07-07,HOR,"Grade 5",390,6,1,4,1,8,FAIL,duplicate_positions
HOR_2025-07-07_2,2025-07-07,HOR,"Grade 7",390,4,0,3,2,7,FAIL,no_winner
HOR_2025-07-07_3,2025-07-07,HOR,"Tier 3 - Grade 6",390,4,0,3,2,5,FAIL,no_winner
HOR_2025-07-07_4,2025-07-07,HOR,"Grade 5",450,4,1,2,1,4,FAIL,duplicate_positions
HOR_2025-07-07_5,2025-07-07,HOR,"Grade 5",390,5,1,5,1,8,FAIL,max_out_of_range
HOR_2025-07-07_6,2025-07-07,HOR,"Mixed 4/5",450,5,1,5,1,6,FAIL,max_out_of_range
HOR_2025-07-07_8,2025-07-07,HOR,"Grade 5",485,5,1,4,1,8,FAIL,duplicate_positions
HOR_2025-07-07_9,2025-07-07,HOR,"Grade 5",450,5,1,5,1,7,FAIL,max_out_of_range
LAU_2025-07-07_1,2025-07-07,LAU,6,340,5,0,5,3,8,FAIL,no_winner
LAU_2025-07-07_10,2025-07-07,LAU,5,461,7,1,5,1,6,FAIL,duplicate_positions
LAU_2025-07-07_4,2025-07-07,LAU,4,461,5,1,4,1,5,FAIL,duplicate_positions
LAU_2025-07-07_5,2025-07-07,LAU,5,278,6,0,5,2,8,FAIL,no_winner
LAU_2025-07-07_6,2025-07-07,LAU,FFA,340,6,1,4,1,5,FAIL,duplicate_positions
LAU_2025-07-07_7,2025-07-07,LAU,MI4/5MA,340,4,0,4,3,8,FAIL,no_winner
LAU_2025-07-07_8,2025-07-07,LAU,R/W,515,8,0,5,2,8,FAIL,no_winner
LAU_2025-07-07_9,2025-07-07,LAU,5,278,7,1,5,1,8,FAIL,duplicate_positions
NOR_2025-07-07_1,2025-07-07,NOR,M,300,6,0,4,3,8,FAIL,no_winner
NOR_2025-07-07_10,2025-07-07,NOR,FFA,509,5,0,3,2,6,FAIL,no_winner
NOR_2025-07-07_11,2025-07-07,NOR,FFA,275,5,1,4,1,6,FAIL,duplicate_positions
NOR_2025-07-07_2,2025-07-07,NOR,NOV,297,7,0,5,2,7,FAIL,no_winner
NOR_2025-07-07_3,2025-07-07,NOR,6,297,7,0,6,3,8,FAIL,no_winner
NOR_2025-07-07_4,2025-07-07,NOR,6,300,6,0,5,2,6,FAIL,no_winner
NOR_2025-07-07_5,2025-07-07,NOR,6,297,7,1,5,1,8,FAIL,duplicate_positions
NOR_2025-07-07_6,2025-07-07,NOR,FFA,509,5,0,4,2,8,FAIL,no_winner
NOR_2025-07-07_8,2025-07-07,NOR,6,509,5,1,4,1,6,FAIL,duplicate_positions
NOR_2025-07-07_9,2025-07-07,NOR,5,509,6,1,5,1,7,FAIL,duplicate_positions
NOW_2025-07-07_1,2025-07-07,NOW,M,365,3,0,3,2,8,FAIL,no_winner
NOW_2025-07-07_10,2025-07-07,NOW,5,520,6,1,4,1,5,FAIL,duplicate_positions
NOW_2025-07-07_11,2025-07-07,NOW,5,297,6,0,5,2,8,FAIL,no_winner
NOW_2025-07-07_2,2025-07-07,NOW,M,365,5,0,5,3,8,FAIL,no_winner
NOW_2025-07-07_3,2025-07-07,NOW,M,365,5,0,5,2,6,FAIL,no_winner
NOW_2025-07-07_4,2025-07-07,NOW,5,297,6,0,5,2,8,FAIL,no_winner
NOW_2025-07-07_5,2025-07-07,NOW,5,297,7,0,4,3,6,FAIL,no_winner
NOW_2025-07-07_7,2025-07-07,NOW,5,520,6,1,4,1,5,FAIL,duplicate_positions
NOW_2025-07-07_8,2025-07-07,NOW,5,365,3,1,3,1,7,FAIL,max_out_of_range
NOW_2025-07-07_9,2025-07-07,NOW,NG1-4,365,5,1,5,1,8,FAIL,max_out_of_range
SAN_2025-07-07_10,2025-07-07,SAN,"Mixed 6/7",400,6,0,4,3,6,FAIL,no_winner
SAN_2025-07-07_11,2025-07-07,SAN,"Grade 5 Tier 3 Heat",515,6,1,5,1,6,FAIL,duplicate_positions
SAN_2025-07-07_12,2025-07-07,SAN,"Grade 5 No Penalty",515,7,0,5,2,7,FAIL,no_winner
SAN_2025-07-07_2,2025-07-07,SAN,"Maiden Heat",460,6,0,3,2,5,FAIL,no_winner
SAN_2025-07-07_3,2025-07-07,SAN,Maiden,515,6,1,5,1,6,FAIL,duplicate_positions
SAN_2025-07-07_4,2025-07-07,SAN,"Restricted Win",600,4,0,4,3,8,FAIL,no_winner
SAN_2025-07-07_5,2025-07-07,SAN,"Grade 5 Tier 3 Heat",515,7,1,3,1,6,FAIL,duplicate_positions
SAN_2025-07-07_6,2025-07-07,SAN,"Grade 5 Tier 3 Heat",515,6,1,5,1,5,FAIL,duplicate_positions
SAN_2025-07-07_7,2025-07-07,SAN,"Mixed 6/7",460,4,1,4,1,6,FAIL,max_out_of_range
SAN_2025-07-07_9,2025-07-07,SAN,"Restricted Win",595,5,1,4,1,6,FAIL,duplicate_positions
SHEP_2025-07-07_1,2025-07-07,SHEP,Maiden,390,6,0,4,2,5,FAIL,no_winner
SHEP_2025-07-07_11,2025-07-07,SHEP,"Grade 5",390,7,1,5,1,6,FAIL,duplicate_positions
SHEP_2025-07-07_12,2025-07-07,SHEP,5,400,6,1,5,1,7,FAIL,duplicate_positions
SHEP_2025-07-07_13,2025-07-07,SHEP,"Mixed 6/7",390,6,1,5,1,8,FAIL,duplicate_positions
SHEP_2025-07-07_2,2025-07-07,SHEP,Maiden,525,3,0,2,3,6,FAIL,no_winner
SHEP_2025-07-07_4,2025-07-07,SHEP,"Grade 5 T3",525,4,1,4,1,7,FAIL,max_out_of_range
SHEP_2025-07-07_5,2025-07-07,SHEP,"Grade 5",460,5,0,5,2,6,FAIL,no_winner
SHEP_2025-07-07_6,2025-07-07,SHEP,"Grade 5",450,7,1,3,1,3,FAIL,duplicate_positions
SHEP_2025-07-07_7,2025-07-07,SHEP,"Grade 5 Heat",450,6,1,5,1,6,FAIL,duplicate_positions
SHEP_2025-07-07_8,2025-07-07,SHEP,"Grade 5",425,7,1,4,1,7,FAIL,duplicate_positions
SHEP_2025-07-07_9,2025-07-07,SHEP,"Mixed 6/7",450,5,0,3,2,5,FAIL,no_winner
WAR_2025-07-07_1,2025-07-07,WAR,Maiden,390,5,0,3,4,7,FAIL,no_winner
WAR_2025-07-07_10,2025-07-07,WAR,TG1-4W,400,6,0,3,2,4,FAIL,no_winner
WAR_2025-07-07_11,2025-07-07,WAR,"Grade 7",390,5,1,5,1,8,FAIL,max_out_of_range
WAR_2025-07-07_13,2025-07-07,WAR,"Grade 5",390,5,0,5,4,8,FAIL,no_winner
WAR_2025-07-07_2,2025-07-07,WAR,"Tier 3 - Maiden",390,5,0,3,4,7,FAIL,no_winner
WAR_2025-07-07_3,2025-07-07,WAR,"Tier 3 - Maiden",450,7,0,6,2,8,FAIL,no_winner
WAR_2025-07-07_4,2025-07-07,WAR,"Mixed 6/7",390,6,0,4,4,8,FAIL,no_winner
WAR_2025-07-07_6,2025-07-07,WAR,"Grade 5 T3",390,4,0,3,3,8,FAIL,no_winner
WAR_2025-07-07_7,2025-07-07,WAR,"Tier 3 - Restricted Win",425,5,0,5,2,8,FAIL,no_winner
WAR_2025-07-07_8,2025-07-07,WAR,"Grade 5 T3",525,6,1,4,1,4,FAIL,duplicate_positions
WAR_2025-07-07_9,2025-07-07,WAR,"Mixed 6/7",390,5,1,4,1,6,FAIL,duplicate_positions
APWE_2025-07-06_1,2025-07-06,APWE,M,395,3,0,2,2,5,FAIL,no_winner
APWE_2025-07-06_10,2025-07-06,APWE,6,331,6,1,5,1,8,FAIL,duplicate_positions
APWE_2025-07-06_11,2025-07-06,APWE,6,331,7,1,6,1,6,FAIL,duplicate_positions
APWE_2025-07-06_12,2025-07-06,APWE,FFA,331,5,1,5,1,8,FAIL,max_out_of_range
APWE_2025-07-06_2,2025-07-06,APWE,M,331,6,0,4,3,7,FAIL,no_winner
APWE_2025-07-06_3,2025-07-06,APWE,6,331,7,1,6,1,8,FAIL,duplicate_positions
APWE_2025-07-06_4,2025-07-06,APWE,M,331,8,1,6,1,8,FAIL,duplicate_positions
APWE_2025-07-06_5,2025-07-06,APWE,5,331,8,1,5,1,6,FAIL,duplicate_positions
APWE_2025-07-06_6,2025-07-06,APWE,5,352,7,0,4,3,7,FAIL,no_winner
APWE_2025-07-06_8,2025-07-06,APWE,FFA,331,7,0,6,2,8,FAIL,no_winner
APWE_2025-07-06_9,2025-07-06,APWE,5,331,7,1,6,1,7,FAIL,duplicate_positions
AP_K_2025-07-06_6,2025-07-06,AP_K,5,455,5,1,4,1,7,FAIL,duplicate_positions
AP_K_2025-07-06_7,2025-07-06,AP_K,6,350,4,0,3,3,7,FAIL,no_winner
BH_2025-07-06_1,2025-07-06,BH,TG1-4W,342,6,1,5,1,7,FAIL,duplicate_positions
BH_2025-07-06_3,2025-07-06,BH,5,525,3,0,3,2,6,FAIL,no_winner
BH_2025-07-06_4,2025-07-06,BH,NG1-4,525,5,1,3,1,5,FAIL,duplicate_positions
BH_2025-07-06_6,2025-07-06,BH,5,375,4,0,4,2,7,FAIL,no_winner
BH_2025-07-06_7,2025-07-06,BH,5,375,5,0,4,3,6,FAIL,no_winner
BH_2025-07-06_8,2025-07-06,BH,5,375,5,0,5,2,6,FAIL,no_winner
CAP_2025-07-06_1,2025-07-06,CAP,M,366,6,0,5,4,8,FAIL,no_winner
CAP_2025-07-06_11,2025-07-06,CAP,M5,366,5,0,5,2,8,FAIL,no_winner
CAP_2025-07-06_12,2025-07-06,CAP,4/5,407,5,0,5,2,7,FAIL,no_winner
CAP_2025-07-06_2,2025-07-06,CAP,M,366,5,0,5,2,8,FAIL,no_winner
CAP_2025-07-06_4,2025-07-06,CAP,6,366,4,1,4,1,8,FAIL,max_out_of_range
CAP_2025-07-06_5,2025-07-06,CAP,4,331,5,0,4,3,7,FAIL,no_winner
CAP_2025-07-06_6,2025-07-06,CAP,5,366,6,1,3,1,5,FAIL,duplicate_positions
CAP_2025-07-06_8,2025-07-06,CAP,5,366,8,1,5,1,6,FAIL,duplicate_positions
CAP_2025-07-06_9,2025-07-06,CAP,P5,366,6,1,5,1,6,FAIL,duplicate_positions
DAR_2025-07-06_1,2025-07-06,DAR,5/M,312,3,1,3,1,6,FAIL,max_out_of_range
DAR_2025-07-06_10,2025-07-06,DAR,5/M,312,4,1,4,1,5,FAIL,max_out_of_range
DAR_2025-07-06_3,2025-07-06,DAR,5,312,5,0,3,2,5,FAIL,no_winner
DAR_2025-07-06_4,2025-07-06,DAR,4/5,383,7,0,4,2,5,FAIL,no_winner
DAR_2025-07-06_5,2025-07-06,DAR,OPEN,312,3,0,2,3,4,FAIL,no_winner
DAR_2025-07-06_6,2025-07-06,DAR,FFA,537,5,1,3,1,3,FAIL,duplicate_positions
DAR_2025-07-06_7,2025-07-06,DAR,OPEN,383,4,1,3,1,5,FAIL,duplicate_positions
DAR_2025-07-06_9,2025-07-06,DAR,3/4,312,4,0,4,2,6,FAIL,no_winner
GRAF_2025-07-06_1,2025-07-06,GRAF,M,350,4,0,4,3,8,FAIL,no_winner
GRAF_2025-07-06_11,2025-07-06,GRAF,5,400,7,0,5,4,8,FAIL,no_winner
GRAF_2025-07-06_12,2025-07-06,GRAF,5,484,5,0,3,4,7,FAIL,no_winner
GRAF_2025-07-06_2,2025-07-06,GRAF,M,350,3,0,3,4,8,FAIL,no_winner
GRAF_2025-07-06_4,2025-07-06,GRAF,M,411,4,0,3,3,8,FAIL,no_winner
GRAF_2025-07-06_5,2025-07-06,GRAF,M,350,4,0,4,3,7,FAIL,no_winner
GRAF_2025-07-06_6,2025-07-06,GRAF,5,350,4,1,4,1,6,FAIL,max_out_of_range
GRAF_2025-07-06_7,2025-07-06,GRAF,5,350,7,1,5,1,8,FAIL,duplicate_positions
GRAF_2025-07-06_8,2025-07-06,GRAF,5,350,7,0,4,2,5,FAIL,no_winner
GRAF_2025-07-06_9,2025-07-06,GRAF,5,411,6,0,4,2,5,FAIL,no_winner
HEA_2025-07-06_10,2025-07-06,HEA,"Tier 3 - Grade 7",435,5,0,3,2,4,FAIL,no_winner
HEA_2025-07-06_11,2025-07-06,HEA,"Mixed 4/5",300,5,1,4,1,8,FAIL,duplicate_positions
HEA_2025-07-06_12,2025-07-06,HEA,"Free For All",400,6,0,5,2,8,FAIL,no_winner
HEA_2025-07-06_2,2025-07-06,HEA,Maiden,300,3,0,3,2,6,FAIL,no_winner
HEA_2025-07-06_3,2025-07-06,HEA,"Grade 5",300,6,0,4,4,8,FAIL,no_winner
HEA_2025-07-06_4,2025-07-06,HEA,"Mixed 6/7",350,5,1,4,1,8,FAIL,duplicate_positions
HEA_2025-07-06_5,2025-07-06,HEA,"Grade 5",350,7,1,6,1,7,FAIL,duplicate_positions
HEA_2025-07-06_6,2025-07-06,HEA,"Grade 5",435,6,1,5,1,5,FAIL,duplicate_positions
HEA_2025-07-06_7,2025-07-06,HEA,"Mixed 4/5",300,5,0,4,2,6,FAIL,no_winner
HEA_2025-07-06_9,2025-07-06,HEA,"S/E Veteran",435,7,1,5,1,6,FAIL,duplicate_positions
MOUNT_2025-07-06_1,2025-07-06,MOUNT,M,305,6,0,3,2,5,FAIL,no_winner
MOUNT_2025-07-06_2,2025-07-06,MOUNT,TG1-4W,512,5,1,4,1,5,FAIL,duplicate_positions
MOUNT_2025-07-06_3,2025-07-06,MOUNT,5,400,5,0,3,2,4,FAIL,no_winner
MOUNT_2025-07-06_5,2025-07-06,MOUNT,"Grade 5",390,7,1,5,1,6,FAIL,duplicate_positions
MOUNT_2025-07-06_7,2025-07-06,MOUNT,4/5,512,5,1,4,1,7,FAIL,duplicate_positions
MOUNT_2025-07-06_8,2025-07-06,MOUNT,"Mixed 6/7",450,6,1,6,1,7,FAIL,max_out_of_range
MOUNT_2025-07-06_9,2025-07-06,MOUNT,5,512,4,0,4,3,8,FAIL,no_winner
MURR_2025-07-06_1,2025-07-06,MURR,6,350,5,1,5,1,8,FAIL,max_out_of_range
MURR_2025-07-06_10,2025-07-06,MURR,6,530,3,1,3,1,4,FAIL,max_out_of_range
MURR_2025-07-06_3,2025-07-06,MURR,I,530,4,0,3,3,7,FAIL,no_winner
MURR_2025-07-06_5,2025-07-06,MURR,OPEN,512,6,0,4,3,8,FAIL,no_winner
MURR_2025-07-06_9,2025-07-06,MURR,5,455,4,1,3,1,5,FAIL,duplicate_positions
RICH_2025-07-06_1,2025-07-06,RICH,M,320,6,1,6,1,7,FAIL,max_out_of_range
RICH_2025-07-06_10,2025-07-06,RICH,5,320,7,0,6,2,7,FAIL,no_winner
RICH_2025-07-06_2,2025-07-06,RICH,5,320,6,0,5,3,8,FAIL,no_winner
RICH_2025-07-06_3,2025-07-06,RICH,5,401,7,0,4,2,6,FAIL,no_winner
RICH_2025-07-06_5,2025-07-06,RICH,5,320,5,0,5,2,8,FAIL,no_winner
RICH_2025-07-06_6,2025-07-06,RICH,5,401,6,1,4,1,7,FAIL,duplicate_positions
RICH_2025-07-06_7,2025-07-06,RICH,5,388,4,1,3,1,3,FAIL,duplicate_positions
RICH_2025-07-06_8,2025-07-06,RICH,4/5,401,6,0,5,2,7,FAIL,no_winner
RICH_2025-07-06_9,2025-07-06,RICH,5,320,6,1,5,1,7,FAIL,duplicate_positions
ROCK_2025-07-06_1,2025-07-06,ROCK,M,407,4,0,2,6,7,FAIL,no_winner
ROCK_2025-07-06_10,2025-07-06,ROCK,4,380,5,1,5,1,8,FAIL,max_out_of_range
ROCK_2025-07-06_2,2025-07-06,ROCK,M,331,4,0,3,3,8,FAIL,no_winner
ROCK_2025-07-06_3,2025-07-06,ROCK,6,366,4,0,4,5,8,FAIL,no_winner
ROCK_2025-07-06_5,2025-07-06,ROCK,5,407,4,1,4,1,7,FAIL,max_out_of_range
ROCK_2025-07-06_6,2025-07-06,ROCK,5,407,5,1,5,1,6,FAIL,max_out_of_range
ROCK_2025-07-06_7,2025-07-06,ROCK,R/W,407,6,1,5,1,7,FAIL,duplicate_positions
ROCK_2025-07-06_8,2025-07-06,ROCK,4,407,4,1,4,1,6,FAIL,max_out_of_range
ROCK_2025-07-06_9,2025-07-06,ROCK,5,407,6,1,5,1,8,FAIL,duplicate_positions
SAL_2025-07-06_1,2025-07-06,SAL,Maiden,435,4,0,3,3,8,FAIL,no_winner
SAL_2025-07-06_10,2025-07-06,SAL,"Grade 5",435,5,1,5,1,7,FAIL,max_out_of_range
SAL_2025-07-06_11,2025-07-06,SAL,"Grade 5",435,5,0,4,2,6,FAIL,no_winner
SAL_2025-07-06_12,2025-07-06,SAL,"Mixed 4/5",400,6,1,6,1,8,FAIL,max_out_of_range
SAL_2025-07-06_2,2025-07-06,SAL,Maiden,435,7,0,5,2,7,FAIL,no_winner
SAL_2025-07-06_3,2025-07-06,SAL,Maiden,510,4,1,4,1,8,FAIL,max_out_of_range
SAL_2025-07-06_4,2025-07-06,SAL,"Mixed 6/7 Final",435,5,1,4,1,6,FAIL,duplicate_positions
SAL_2025-07-06_5,2025-07-06,SAL,"Grade 5",510,6,1,5,1,7,FAIL,duplicate_positions
SAL_2025-07-06_6,2025-07-06,SAL,"Mixed 3/4",400,4,1,3,1,3,FAIL,duplicate_positions
SAL_2025-07-06_8,2025-07-06,SAL,"Restricted Win Heat",400,6,0,3,2,7,FAIL,no_winner
SAL_2025-07-06_9,2025-07-06,SAL,"Tier 3 - Grade 6",435,4,1,4,1,8,FAIL,max_out_of_range
AP_K_2025-07-05_1,2025-07-05,AP_K,M,400,5,0,3,2,4,FAIL,no_winner
AP_K_2025-07-05_10,2025-07-05,AP_K,TG5+W,342,5,0,4,3,6,FAIL,no_winner
AP_K_2025-07-05_2,2025-07-05,AP_K,TG1-4W,342,4,0,2,3,5,FAIL,no_winner
AP_K_2025-07-05_4,2025-07-05,AP_K,TG1-4W,342,4,1,3,1,4,FAIL,duplicate_positions
AP_K_2025-07-05_5,2025-07-05,AP_K,SE,400,5,0,3,3,6,FAIL,no_winner
AP_K_2025-07-05_6,2025-07-05,AP_K,TG1-4W,342,4,0,3,2,5,FAIL,no_winner
AP_K_2025-07-05_7,2025-07-05,AP_K,TG5+W,342,5,1,4,1,4,FAIL,duplicate_positions
AP_K_2025-07-05_8,2025-07-05,AP_K,TG5+W,342,4,1,3,1,3,FAIL,duplicate_positions
CANN_2025-07-05_11,2025-07-05,CANN,NOV,381,5,0,2,2,7,FAIL,no_winner
CANN_2025-07-05_12,2025-07-05,CANN,FFA,715,4,0,4,3,6,FAIL,no_winner
CANN_2025-07-05_2,2025-07-05,CANN,NOV,520,7,1,6,1,7,FAIL,duplicate_positions
CANN_2025-07-05_3,2025-07-05,CANN,5,601,6,0,4,2,5,FAIL,no_winner
CANN_2025-07-05_4,2025-07-05,CANN,5,520,6,0,4,2,6,FAIL,no_winner
CANN_2025-07-05_5,2025-07-05,CANN,NOV,520,8,1,6,1,8,FAIL,duplicate_positions
CANN_2025-07-05_6,2025-07-05,CANN,NOV,520,6,0,3,3,6,FAIL,no_winner
CANN_2025-07-05_7,2025-07-05,CANN,5,520,6,1,5,1,6,FAIL,duplicate_positions
CANN_2025-07-05_9,2025-07-05,CANN,M,381,4,1,3,1,8,FAIL,duplicate_positions
DUB_2025-07-05_1,2025-07-05,DUB,MX,516,4,0,3,4,6,FAIL,no_winner
DUB_2025-07-05_10,2025-07-05,DUB,NG1-4,340,6,1,6,1,8,FAIL,max_out_of_range
DUB_2025-07-05_11,2025-07-05,DUB,5,318,6,0,4,2,8,FAIL,no_winner
DUB_2025-07-05_12,2025-07-05,DUB,5,318,6,0,4,2,8,FAIL,no_winner
DUB_2025-07-05_2,2025-07-05,DUB,M,318,6,0,5,3,7,FAIL,no_winner
DUB_2025-07-05_3,2025-07-05,DUB,M,400,4,0,3,2,4,FAIL,no_winner
DUB_2025-07-05_4,2025-07-05,DUB,5,318,7,0,5,2,7,FAIL,no_winner
DUB_2025-07-05_5,2025-07-05,DUB,5,340,6,0,4,2,8,FAIL,no_winner
DUB_2025-07-05_7,2025-07-05,DUB,M,400,6,1,4,1,8,FAIL,duplicate_positions
DUB_2025-07-05_8,2025-07-05,DUB,5,516,5,0,3,3,6,FAIL,no_winner
DUB_2025-07-05_9,2025-07-05,DUB,NG1-4,400,6,1,4,1,6,FAIL,duplicate_positions
GARD_2025-07-05_1,2025-07-05,GARD,M,515,5,0,4,2,6,FAIL,no_winner
GARD_2025-07-05_10,2025-07-05,GARD,NG1-4,340,5,0,3,2,5,FAIL,no_winner
GARD_2025-07-05_11,2025-07-05,GARD,M3,400,7,1,6,1,8,FAIL,duplicate_positions
GARD_2025-07-05_12,2025-07-05,GARD,5,401,7,1,6,1,8,FAIL,duplicate_positions
GARD_2025-07-05_2,2025-07-05,GARD,M,400,5,0,4,2,8,FAIL,no_winner
GARD_2025-07-05_3,2025-07-05,GARD,5,515,6,0,3,2,5,FAIL,no_winner
GARD_2025-07-05_4,2025-07-05,GARD,5,431,5,1,3,1,4,FAIL,duplicate_positions
GARD_2025-07-05_5,2025-07-05,GARD,5,400,6,1,5,1,6,FAIL,duplicate_positions
GARD_2025-07-05_6,2025-07-05,GARD,5,515,7,1,6,1,8,FAIL,duplicate_positions
GARD_2025-07-05_7,2025-07-05,GARD,M1/M2/M3,400,5,1,4,1,5,FAIL,duplicate_positions
GARD_2025-07-05_8,2025-07-05,GARD,4/5,320,5,0,4,3,6,FAIL,no_winner
MEA_2025-07-05_1,2025-07-05,MEA,M,336,6,1,6,1,8,FAIL,max_out_of_range
MEA_2025-07-05_10,2025-07-05,MEA,"Grade 5",525,6,0,4,3,7,FAIL,no_winner
MEA_2025-07-05_11,2025-07-05,MEA,"Grade 5",510,7,1,6,1,8,FAIL,duplicate_positions
MEA_2025-07-05_12,2025-07-05,MEA,"Grade 5",525,6,0,4,2,7,FAIL,no_winner
MEA_2025-07-05_2,2025-07-05,MEA,"Restricted Win",515,5,1,3,1,3,FAIL,duplicate_positions
MEA_2025-07-05_3,2025-07-05,MEA,"Restricted Win Heat",460,6,0,4,3,8,FAIL,no_winner
MEA_2025-07-05_4,2025-07-05,MEA,"Grade 5",525,8,1,6,1,8,FAIL,duplicate_positions
MEA_2025-07-05_5,2025-07-05,MEA,"Restricted Win Heat",600,7,1,6,1,8,FAIL,duplicate_positions
MEA_2025-07-05_7,2025-07-05,MEA,"Grade 5",500,5,0,4,2,7,FAIL,no_winner
MEA_2025-07-05_8,2025-07-05,MEA,"Free For All",515,5,0,2,2,6,FAIL,no_winner
MEA_2025-07-05_9,2025-07-05,MEA,"Free For All",525,6,0,6,2,8,FAIL,no_winner
SHEP_2025-07-05_1,2025-07-05,SHEP,"Tier 3 - Maiden",425,7,0,5,2,8,FAIL,no_winner
SHEP_2025-07-05_10,2025-07-05,SHEP,"Grade 5 T3",390,6,0,5,4,8,FAIL,no_winner
SHEP_2025-07-05_11,2025-07-05,SHEP,"Grade 5",410,6,0,4,2,7,FAIL,no_winner
SHEP_2025-07-05_12,2025-07-05,SHEP,"Grade 5",400,6,0,3,4,6,FAIL,no_winner
SHEP_2025-07-05_2,2025-07-05,SHEP,"Tier 3 - Grade 7",450,5,0,3,6,8,FAIL,no_winner
SHEP_2025-07-05_3,2025-07-05,SHEP,"Mixed 6/7",460,6,1,4,1,7,FAIL,duplicate_positions
SHEP_2025-07-05_4,2025-07-05,SHEP,"Grade 5 T3",390,5,0,4,2,6,FAIL,no_winner
SHEP_2025-07-05_5,2025-07-05,SHEP,"Grade 5",390,3,0,3,4,7,FAIL,no_winner
SHEP_2025-07-05_7,2025-07-05,SHEP,"Grade 5",460,7,0,5,3,8,FAIL,no_winner
SHEP_2025-07-05_8,2025-07-05,SHEP,"Restricted Win Heat",390,7,0,5,3,8,FAIL,no_winner
SHEP_2025-07-05_9,2025-07-05,SHEP,"Grade 5 T3",400,5,1,4,1,8,FAIL,duplicate_positions
TAR_2025-07-05_1,2025-07-05,TAR,M,400,5,0,4,4,7,FAIL,no_winner
TAR_2025-07-05_11,2025-07-05,TAR,5,300,7,0,5,3,7,FAIL,no_winner
TAR_2025-07-05_2,2025-07-05,TAR,M,336,4,0,3,3,8,FAIL,no_winner
TAR_2025-07-05_3,2025-07-05,TAR,5,300,5,1,4,1,6,FAIL,duplicate_positions
TAR_2025-07-05_4,2025-07-05,TAR,5,300,4,1,3,1,6,FAIL,duplicate_positions
TAR_2025-07-05_5,2025-07-05,TAR,5,300,6,1,5,1,6,FAIL,duplicate_positions
TAR_2025-07-05_6,2025-07-05,TAR,5,300,5,0,4,3,8,FAIL,no_winner
TAR_2025-07-05_7,2025-07-05,TAR,NG1-4,300,5,1,5,1,8,FAIL,max_out_of_range
TAR_2025-07-05_8,2025-07-05,TAR,FFA,300,7,0,4,2,7,FAIL,no_winner
TAR_2025-07-05_9,2025-07-05,TAR,5,300,5,0,4,2,5,FAIL,no_winner
W_PK_2025-07-05_10,2025-07-05,W_PK,M1/M2/M3,365,4,0,2,2,3,FAIL,no_winner
W_PK_2025-07-05_11,2025-07-05,W_PK,4/5,515,6,0,5,3,8,FAIL,no_winner
W_PK_2025-07-05_2,2025-07-05,W_PK,5,365,6,1,4,1,6,FAIL,duplicate_positions
W_PK_2025-07-05_3,2025-07-05,W_PK,4/5,720,5,1,4,1,6,FAIL,duplicate_positions
W_PK_2025-07-05_4,2025-07-05,W_PK,4/5,515,7,1,5,1,5,FAIL,duplicate_positions
W_PK_2025-07-05_6,2025-07-05,W_PK,NG,520,7,1,4,1,4,FAIL,duplicate_positions
W_PK_2025-07-05_8,2025-07-05,W_PK,NG,520,6,0,2,2,3,FAIL,no_winner
W_PK_2025-07-05_9,2025-07-05,W_PK,5,400,6,1,5,1,5,FAIL,duplicate_positions
AP_K_2025-07-04_1,2025-07-04,AP_K,TG1-4W,342,4,1,4,1,6,FAIL,max_out_of_range
AP_K_2025-07-04_10,2025-07-04,AP_K,5/6,730,4,0,3,3,6,FAIL,no_winner
AP_K_2025-07-04_11,2025-07-04,AP_K,6,455,4,0,4,3,7,FAIL,no_winner
AP_K_2025-07-04_12,2025-07-04,AP_K,6,400,5,1,4,1,6,FAIL,duplicate_positions
AP_K_2025-07-04_2,2025-07-04,AP_K,TG1-4W,400,6,0,4,2,8,FAIL,no_winner
AP_K_2025-07-04_4,2025-07-04,AP_K,3/4/5,350,4,1,4,1,7,FAIL,max_out_of_range
AP_K_2025-07-04_5,2025-07-04,AP_K,SE,530,6,1,5,1,7,FAIL,duplicate_positions
AP_K_2025-07-04_6,2025-07-04,AP_K,FFA,531,5,1,5,1,7,FAIL,max_out_of_range
AP_K_2025-07-04_7,2025-07-04,AP_K,5,342,5,0,3,3,5,FAIL,no_winner
AP_K_2025-07-04_8,2025-07-04,AP_K,TG5+W,342,4,0,3,2,8,FAIL,no_winner
BEN_2025-07-04_1,2025-07-04,BEN,Maiden,425,4,0,2,2,5,FAIL,no_winner
BEN_2025-07-04_10,2025-07-04,BEN,"Grade 5",600,8,1,6,1,8,FAIL,duplicate_positions
BEN_2025-07-04_12,2025-07-04,BEN,"Mixed 6/7",450,5,1,4,1,7,FAIL,duplicate_positions
BEN_2025-07-04_2,2025-07-04,BEN,"Grade 7",425,4,0,3,2,8,FAIL,no_winner
BEN_2025-07-04_3,2025-07-04,BEN,"Grade 6",425,3,0,3,2,7,FAIL,no_winner
BEN_2025-07-04_5,2025-07-04,BEN,"Grade 5",410,5,0,4,2,7,FAIL,no_winner
BEN_2025-07-04_6,2025-07-04,BEN,"S/E Heat",425,5,1,3,1,3,FAIL,duplicate_positions
BEN_2025-07-04_7,2025-07-04,BEN,"S/E Heat",425,5,1,3,1,3,FAIL,duplicate_positions
BEN_2025-07-04_8,2025-07-04,BEN,"Mixed 4/5 Heat",660,5,1,3,1,4,FAIL,duplicate_positions
BEN_2025-07-04_9,2025-07-04,BEN,"Mixed 4/5",500,5,0,4,2,6,FAIL,no_winner
GARD_2025-07-04_1,2025-07-04,GARD,M,340,6,0,3,3,6,FAIL,no_winner
GARD_2025-07-04_10,2025-07-04,GARD,5,400,5,1,5,1,8,FAIL,max_out_of_range
GARD_2025-07-04_11,2025-07-04,GARD,5,431,6,0,4,2,7,FAIL,no_winner
GARD_2025-07-04_2,2025-07-04,GARD,4/5,515,5,1,4,1,5,FAIL,duplicate_positions
GARD_2025-07-04_3,2025-07-04,GARD,5,400,6,0,3,2,5,FAIL,no_winner
GARD_2025-07-04_4,2025-07-04,GARD,M1/M2/M3,320,7,0,5,2,7,FAIL,no_winner
GARD_2025-07-04_6,2025-07-04,GARD,5,400,7,1,5,1,7,FAIL,duplicate_positions
GARD_2025-07-04_7,2025-07-04,GARD,5,340,5,1,5,1,8,FAIL,max_out_of_range
GARD_2025-07-04_8,2025-07-04,GARD,5,400,5,0,2,3,8,FAIL,no_winner
GARD_2025-07-04_9,2025-07-04,GARD,5,400,6,1,4,1,8,FAIL,duplicate_positions
GEE_2025-07-04_1,2025-07-04,GEE,Maiden,525,5,0,2,2,3,FAIL,no_winner
GEE_2025-07-04_10,2025-07-04,GEE,"Grade 5 Final",390,6,0,4,3,8,FAIL,no_winner
GEE_2025-07-04_11,2025-07-04,GEE,"Mixed 4/5",400,7,0,5,2,7,FAIL,no_winner
GEE_2025-07-04_12,2025-07-04,GEE,"Grade 5 T3",390,6,0,5,3,8,FAIL,no_winner
GEE_2025-07-04_2,2025-07-04,GEE,Maiden,400,6,0,5,2,8,FAIL,no_winner
GEE_2025-07-04_3,2025-07-04,GEE,"Grade 5",400,7,1,6,1,8,FAIL,duplicate_positions
GEE_2025-07-04_4,2025-07-04,GEE,"Mixed 4/5",410,6,1,4,1,7,FAIL,duplicate_positions
GEE_2025-07-04_7,2025-07-04,GEE,"Grade 5 Heat",450,6,1,5,1,7,FAIL,duplicate_positions
GEE_2025-07-04_8,2025-07-04,GEE,"Restricted Win",715,6,0,4,3,7,FAIL,no_winner
GEE_2025-07-04_9,2025-07-04,GEE,"Tier 3 - Restricted Win",450,6,1,5,1,6,FAIL,duplicate_positions
GOUL_2025-07-04_1,2025-07-04,GOUL,M,320,5,0,4,3,7,FAIL,no_winner
GOUL_2025-07-04_10,2025-07-04,GOUL,5,520,6,1,3,1,5,FAIL,duplicate_positions
GOUL_2025-07-04_11,2025-07-04,GOUL,4/5,440,5,1,5,1,7,FAIL,max_out_of_range
GOUL_2025-07-04_2,2025-07-04,GOUL,M,350,4,0,4,2,7,FAIL,no_winner
GOUL_2025-07-04_3,2025-07-04,GOUL,5,440,4,0,4,5,8,FAIL,no_winner
GOUL_2025-07-04_4,2025-07-04,GOUL,5,350,5,0,4,2,8,FAIL,no_winner
GOUL_2025-07-04_5,2025-07-04,GOUL,5,520,5,1,5,1,6,FAIL,max_out_of_range
GOUL_2025-07-04_6,2025-07-04,GOUL,5,350,8,1,6,1,8,FAIL,duplicate_positions
GOUL_2025-07-04_7,2025-07-04,GOUL,M,520,7,1,6,1,8,FAIL,duplicate_positions
GOUL_2025-07-04_8,2025-07-04,GOUL,NG,520,5,0,5,3,7,FAIL,no_winner
HEA_2025-07-04_1,2025-07-04,HEA,"Tier 3 - Maiden",300,6,0,4,2,7,FAIL,no_winner
HEA_2025-07-04_10,2025-07-04,HEA,"Grade 5",300,5,0,4,5,8,FAIL,no_winner
HEA_2025-07-04_12,2025-07-04,HEA,"Grade 5 T3",300,7,1,6,1,8,FAIL,duplicate_positions
HEA_2025-07-04_2,2025-07-04,HEA,Maiden,400,7,0,4,2,6,FAIL,no_winner
HEA_2025-07-04_3,2025-07-04,HEA,"Tier 3 - Grade 7",400,9,1,6,1,8,FAIL,duplicate_positions
HEA_2025-07-04_5,2025-07-04,HEA,"Grade 5",400,7,0,4,2,8,FAIL,no_winner
HEA_2025-07-04_6,2025-07-04,HEA,"Grade 5 T3",390,6,1,4,1,5,FAIL,duplicate_positions
HEA_2025-07-04_7,2025-07-04,HEA,"Restricted Win",390,7,1,5,1,7,FAIL,duplicate_positions
HEA_2025-07-04_8,2025-07-04,HEA,"Grade 5 T3",350,5,0,3,2,6,FAIL,no_winner
HEA_2025-07-04_9,2025-07-04,HEA,"Tier 3 - Grade 6",425,6,1,4,1,6,FAIL,duplicate_positions
MAND_2025-07-04_1,2025-07-04,MAND,M,488,4,1,4,1,6,FAIL,max_out_of_range
MAND_2025-07-04_2,2025-07-04,MAND,5/6,400,6,0,4,2,8,FAIL,no_winner
MAND_2025-07-04_3,2025-07-04,MAND,6,300,6,1,6,1,8,FAIL,max_out_of_range
MAND_2025-07-04_4,2025-07-04,MAND,5/6,400,5,0,4,4,7,FAIL,no_winner
MAND_2025-07-04_5,2025-07-04,MAND,NOV,488,6,1,5,1,5,FAIL,duplicate_positions
MAND_2025-07-04_7,2025-07-04,MAND,3/4,488,7,0,5,2,8,FAIL,no_winner
MAND_2025-07-04_8,2025-07-04,MAND,4/5,400,7,0,4,2,8,FAIL,no_winner
MAND_2025-07-04_9,2025-07-04,MAND,5,400,5,1,4,1,7,FAIL,duplicate_positions
Q1L_2025-07-04_1,2025-07-04,Q1L,M,366,4,0,3,4,6,FAIL,no_winner
Q1L_2025-07-04_10,2025-07-04,Q1L,5,390,6,0,6,2,7,FAIL,no_winner
Q1L_2025-07-04_11,2025-07-04,Q1L,3/4,331,7,0,4,2,8,FAIL,no_winner
Q1L_2025-07-04_12,2025-07-04,Q1L,M5,390,7,0,5,3,8,FAIL,no_winner
Q1L_2025-07-04_2,2025-07-04,Q1L,M,457,7,0,6,2,8,FAIL,no_winner
Q1L_2025-07-04_4,2025-07-04,Q1L,5,366,5,0,4,2,5,FAIL,no_winner
Q1L_2025-07-04_5,2025-07-04,Q1L,5,457,7,1,4,1,6,FAIL,duplicate_positions
Q1L_2025-07-04_6,2025-07-04,Q1L,5,390,7,1,5,1,8,FAIL,duplicate_positions
Q1L_2025-07-04_7,2025-07-04,Q1L,5,350,7,0,4,2,6,FAIL,no_winner
Q1L_2025-07-04_8,2025-07-04,Q1L,3/4,390,8,1,7,1,7,FAIL,duplicate_positions
RICH_2025-07-04_1,2025-07-04,RICH,M,320,4,0,3,2,8,FAIL,no_winner
RICH_2025-07-04_11,2025-07-04,RICH,5,320,7,0,4,4,8,FAIL,no_winner
RICH_2025-07-04_12,2025-07-04,RICH,M1/M2/M3,401,6,0,5,2,7,FAIL,no_winner
RICH_2025-07-04_2,2025-07-04,RICH,M,401,4,0,3,3,6,FAIL,no_winner
RICH_2025-07-04_4,2025-07-04,RICH,3/4,320,6,1,3,1,5,FAIL,duplicate_positions
RICH_2025-07-04_5,2025-07-04,RICH,5,401,6,1,5,1,5,FAIL,duplicate_positions
RICH_2025-07-04_6,2025-07-04,RICH,5,431,5,1,3,1,7,FAIL,duplicate_positions
RICH_2025-07-04_7,2025-07-04,RICH,5,520,7,0,5,2,8,FAIL,no_winner
RICH_2025-07-04_8,2025-07-04,RICH,5,320,6,0,4,2,7,FAIL,no_winner
RICH_2025-07-04_9,2025-07-04,RICH,5,388,7,1,7,1,8,FAIL,max_out_of_range
WAG_2025-07-04_1,2025-07-04,WAG,M,330,6,0,5,2,8,FAIL,no_winner
WAG_2025-07-04_10,2025-07-04,WAG,4/5,320,6,0,5,2,6,FAIL,no_winner
WAG_2025-07-04_11,2025-07-04,WAG,5,320,4,0,2,3,6,FAIL,no_winner
WAG_2025-07-04_2,2025-07-04,WAG,5,330,5,1,4,1,8,FAIL,duplicate_positions
WAG_2025-07-04_3,2025-07-04,WAG,5,400,6,1,4,1,6,FAIL,duplicate_positions
WAG_2025-07-04_5,2025-07-04,WAG,5,400,6,1,6,1,8,FAIL,max_out_of_range
WAG_2025-07-04_6,2025-07-04,WAG,NG1-4,350,5,0,2,4,5,FAIL,no_winner
WAG_2025-07-04_8,2025-07-04,WAG,5,330,6,1,4,1,6,FAIL,duplicate_positions
WAG_2025-07-04_9,2025-07-04,WAG,5,400,5,0,5,3,7,FAIL,no_winner
WRGL_2025-07-04_10,2025-07-04,WRGL,"Grade 5",460,5,1,4,1,4,FAIL,duplicate_positions
WRGL_2025-07-04_11,2025-07-04,WRGL,"Grade 4",390,6,1,4,1,8,FAIL,duplicate_positions
WRGL_2025-07-04_12,2025-07-04,WRGL,"Grade 5 T3",400,6,1,4,1,6,FAIL,duplicate_positions
WRGL_2025-07-04_2,2025-07-04,WRGL,Maiden,400,5,0,4,3,6,FAIL,no_winner
WRGL_2025-07-04_3,2025-07-04,WRGL,Maiden,400,5,0,4,2,8,FAIL,no_winner
WRGL_2025-07-04_4,2025-07-04,WRGL,"Tier 3 - Maiden",390,6,1,4,1,5,FAIL,duplicate_positions
WRGL_2025-07-04_5,2025-07-04,WRGL,"Mixed 6/7",515,6,1,6,1,8,FAIL,max_out_of_range
WRGL_2025-07-04_6,2025-07-04,WRGL,"Mixed 4/5",510,7,1,5,1,7,FAIL,duplicate_positions
WRGL_2025-07-04_7,2025-07-04,WRGL,"S/E Heat",500,5,0,4,3,6,FAIL,no_winner
WRGL_2025-07-04_9,2025-07-04,WRGL,"Grade 5",400,4,1,3,1,6,FAIL,duplicate_positions
AP_K_2025-07-03_1,2025-07-03,AP_K,5/6,730,6,1,5,1,6,FAIL,duplicate_positions
AP_K_2025-07-03_10,2025-07-03,AP_K,3/4/5,342,6,0,5,2,6,FAIL,no_winner
AP_K_2025-07-03_11,2025-07-03,AP_K,TG1-4W,342,4,0,3,3,6,FAIL,no_winner
AP_K_2025-07-03_12,2025-07-03,AP_K,5,342,4,1,3,1,6,FAIL,duplicate_positions
AP_K_2025-07-03_3,2025-07-03,AP_K,SE,531,5,0,3,4,8,FAIL,no_winner
AP_K_2025-07-03_4,2025-07-03,AP_K,6,455,4,1,3,1,7,FAIL,duplicate_positions
AP_K_2025-07-03_5,2025-07-03,AP_K,TG5+W,342,4,0,4,2,6,FAIL,no_winner
AP_K_2025-07-03_6,2025-07-03,AP_K,I,400,4,0,3,3,7,FAIL,no_winner
AP_K_2025-07-03_7,2025-07-03,AP_K,I,530,5,0,4,3,7,FAIL,no_winner
AP_K_2025-07-03_9,2025-07-03,AP_K,6,530,3,0,3,2,6,FAIL,no_winner
CAS_2025-07-03_10,2025-07-03,CAS,5,390,5,0,4,2,8,FAIL,no_winner
CAS_2025-07-03_2,2025-07-03,CAS,4/5,411,6,0,4,2,7,FAIL,no_winner
CAS_2025-07-03_3,2025-07-03,CAS,4/5,411,4,0,3,2,5,FAIL,no_winner
CAS_2025-07-03_5,2025-07-03,CAS,5,300,5,0,4,2,8,FAIL,no_winner
CAS_2025-07-03_6,2025-07-03,CAS,5,300,4,1,4,1,7,FAIL,max_out_of_range
CAS_2025-07-03_7,2025-07-03,CAS,5,300,6,1,5,1,5,FAIL,duplicate_positions
CAS_2025-07-03_8,2025-07-03,CAS,5,350,4,1,4,1,7,FAIL,max_out_of_range
CAS_2025-07-03_9,2025-07-03,CAS,4/5,411,4,0,4,5,8,FAIL,no_winner
DAPT_2025-07-03_1,2025-07-03,DAPT,M,297,6,0,5,3,8,FAIL,no_winner
DAPT_2025-07-03_10,2025-07-03,DAPT,5,297,4,0,2,2,4,FAIL,no_winner
DAPT_2025-07-03_11,2025-07-03,DAPT,5,365,5,0,4,4,7,FAIL,no_winner
DAPT_2025-07-03_2,2025-07-03,DAPT,5,520,6,0,5,2,7,FAIL,no_winner
DAPT_2025-07-03_3,2025-07-03,DAPT,5,440,5,1,4,1,5,FAIL,duplicate_positions
DAPT_2025-07-03_4,2025-07-03,DAPT,NG1-4,297,6,0,5,4,8,FAIL,no_winner
DAPT_2025-07-03_5,2025-07-03,DAPT,5,297,5,1,5,1,7,FAIL,max_out_of_range
DAPT_2025-07-03_6,2025-07-03,DAPT,M1/M2/M3,401,5,1,4,1,8,FAIL,duplicate_positions
DAPT_2025-07-03_7,2025-07-03,DAPT,NG,520,5,1,4,1,8,FAIL,duplicate_positions
DAPT_2025-07-03_8,2025-07-03,DAPT,5,297,5,0,5,3,8,FAIL,no_winner
HOB_2025-07-03_1,2025-07-03,HOB,J/M,278,5,1,4,1,5,FAIL,duplicate_positions
HOB_2025-07-03_10,2025-07-03,HOB,5,340,8,1,6,1,8,FAIL,duplicate_positions
HOB_2025-07-03_3,2025-07-03,HOB,J/M,278,7,0,4,3,6,FAIL,no_winner
HOB_2025-07-03_4,2025-07-03,HOB,R/W,340,8,1,5,1,7,FAIL,duplicate_positions
HOB_2025-07-03_5,2025-07-03,HOB,INV,340,5,1,4,1,7,FAIL,duplicate_positions
HOB_2025-07-03_6,2025-07-03,HOB,5,461,5,1,4,1,8,FAIL,duplicate_positions
HOB_2025-07-03_7,2025-07-03,HOB,BT8,600,6,0,4,2,7,FAIL,no_winner
HOB_2025-07-03_8,2025-07-03,HOB,FFA,515,4,0,3,6,8,FAIL,no_winner
MAND_2025-07-03_1,2025-07-03,MAND,M,297,6,0,5,2,7,FAIL,no_winner
MAND_2025-07-03_10,2025-07-03,MAND,5,381,6,1,5,1,8,FAIL,duplicate_positions
MAND_2025-07-03_11,2025-07-03,MAND,6,300,6,1,5,1,7,FAIL,duplicate_positions
MAND_2025-07-03_12,2025-07-03,MAND,M5,400,5,1,5,1,8,FAIL,max_out_of_range
MAND_2025-07-03_2,2025-07-03,MAND,NOV,300,6,0,5,2,8,FAIL,no_winner
MAND_2025-07-03_3,2025-07-03,MAND,M,300,6,1,5,1,7,FAIL,duplicate_positions
MAND_2025-07-03_4,2025-07-03,MAND,NOV,400,5,1,3,1,7,FAIL,duplicate_positions
MAND_2025-07-03_5,2025-07-03,MAND,4/5,488,6,0,5,2,8,FAIL,no_winner
MAND_2025-07-03_7,2025-07-03,MAND,4,300,6,1,5,1,6,FAIL,duplicate_positions
MAND_2025-07-03_8,2025-07-03,MAND,OPEN,520,5,0,4,2,8,FAIL,no_winner
MAND_2025-07-03_9,2025-07-03,MAND,6,400,5,0,5,2,8,FAIL,no_winner
MOUNT_2025-07-03_1,2025-07-03,MOUNT,"Grade 5",410,5,0,4,2,7,FAIL,no_winner
MOUNT_2025-07-03_10,2025-07-03,MOUNT,TG5+W,400,5,1,4,1,6,FAIL,duplicate_positions
MOUNT_2025-07-03_2,2025-07-03,MOUNT,6,305,4,1,4,1,8,FAIL,max_out_of_range
MOUNT_2025-07-03_4,2025-07-03,MOUNT,"Tier 3 - Restricted Win",425,5,1,4,1,8,FAIL,duplicate_positions
MOUNT_2025-07-03_6,2025-07-03,MOUNT,SE,530,5,0,4,3,7,FAIL,no_winner
MOUNT_2025-07-03_7,2025-07-03,MOUNT,5,342,4,0,3,3,8,FAIL,no_winner
MOUNT_2025-07-03_8,2025-07-03,MOUNT,TG1-4W,400,5,1,4,1,5,FAIL,duplicate_positions
MOUNT_2025-07-03_9,2025-07-03,MOUNT,TG5+W,400,6,0,5,2,6,FAIL,no_winner
Q1L_2025-07-03_1,2025-07-03,Q1L,6,520,6,1,4,1,5,FAIL,duplicate_positions
Q1L_2025-07-03_11,2025-07-03,Q1L,5,390,7,0,4,2,6,FAIL,no_winner
Q1L_2025-07-03_12,2025-07-03,Q1L,M5,366,6,1,5,1,8,FAIL,duplicate_positions
Q1L_2025-07-03_3,2025-07-03,Q1L,4/5,550,5,0,4,3,7,FAIL,no_winner
Q1L_2025-07-03_4,2025-07-03,Q1L,5,331,7,1,4,1,7,FAIL,duplicate_positions
Q1L_2025-07-03_5,2025-07-03,Q1L,OPEN,710,6,1,6,1,7,FAIL,max_out_of_range
Q1L_2025-07-03_6,2025-07-03,Q1L,5,457,6,0,5,2,7,FAIL,no_winner
Q1L_2025-07-03_7,2025-07-03,Q1L,5,457,8,0,3,2,7,FAIL,no_winner
Q1L_2025-07-03_9,2025-07-03,Q1L,5,350,6,1,4,1,7,FAIL,duplicate_positions
QST_2025-07-03_10,2025-07-03,QST,5,390,7,1,4,1,7,FAIL,duplicate_positions
QST_2025-07-03_11,2025-07-03,QST,5,300,7,0,3,5,7,FAIL,no_winner
QST_2025-07-03_12,2025-07-03,QST,5,300,7,0,5,2,8,FAIL,no_winner
QST_2025-07-03_2,2025-07-03,QST,M,350,4,0,4,2,7,FAIL,no_winner
QST_2025-07-03_3,2025-07-03,QST,M,331,5,1,5,1,6,FAIL,max_out_of_range
QST_2025-07-03_4,2025-07-03,QST,6,390,7,1,6,1,7,FAIL,duplicate_positions
QST_2025-07-03_5,2025-07-03,QST,5,366,6,1,5,1,7,FAIL,duplicate_positions
QST_2025-07-03_6,2025-07-03,QST,4/5,431,5,1,5,1,6,FAIL,max_out_of_range
QST_2025-07-03_7,2025-07-03,QST,OPEN,366,8,0,3,3,7,FAIL,no_winner
QST_2025-07-03_9,2025-07-03,QST,5,352,7,1,5,1,8,FAIL,duplicate_positions
RICH_2025-07-03_1,2025-07-03,RICH,M,324,6,0,5,2,6,FAIL,no_winner
RICH_2025-07-03_10,2025-07-03,RICH,5,400,5,1,5,1,6,FAIL,max_out_of_range
RICH_2025-07-03_11,2025-07-03,RICH,M1/M2/M3,320,5,0,4,2,7,FAIL,no_winner
RICH_2025-07-03_12,2025-07-03,RICH,5,400,5,1,4,1,6,FAIL,duplicate_positions
RICH_2025-07-03_3,2025-07-03,RICH,M,324,5,0,3,2,7,FAIL,no_winner
RICH_2025-07-03_4,2025-07-03,RICH,M,324,4,0,4,3,7,FAIL,no_winner
RICH_2025-07-03_5,2025-07-03,RICH,M3,324,5,1,3,1,5,FAIL,duplicate_positions
RICH_2025-07-03_7,2025-07-03,RICH,5,324,5,0,3,2,7,FAIL,no_winner
RICH_2025-07-03_9,2025-07-03,RICH,5,388,7,1,5,1,8,FAIL,duplicate_positions
SAN_2025-07-03_1,2025-07-03,SAN,"Grade 7",525,7,1,5,1,6,FAIL,duplicate_positions
SAN_2025-07-03_10,2025-07-03,SAN,"Mixed 4/5",510,5,1,4,1,6,FAIL,duplicate_positions
SAN_2025-07-03_11,2025-07-03,SAN,"Grade 5",485,6,1,5,1,6,FAIL,duplicate_positions
SAN_2025-07-03_12,2025-07-03,SAN,"Grade 5",500,5,0,3,4,8,FAIL,no_winner
SAN_2025-07-03_2,2025-07-03,SAN,"Mixed 6/7 Heat",515,5,1,4,1,4,FAIL,duplicate_positions
SAN_2025-07-03_3,2025-07-03,SAN,"Mixed 4/5",460,6,1,5,1,8,FAIL,duplicate_positions
SAN_2025-07-03_4,2025-07-03,SAN,"Grade 5",515,6,0,4,2,7,FAIL,no_winner
SAN_2025-07-03_5,2025-07-03,SAN,"Grade 5",515,5,1,4,1,5,FAIL,duplicate_positions
SAN_2025-07-03_6,2025-07-03,SAN,"Grade 5",460,6,1,3,1,6,FAIL,duplicate_positions
SAN_2025-07-03_8,2025-07-03,SAN,"S/E Heat",595,5,1,4,1,5,FAIL,duplicate_positions
SAN_2025-07-03_9,2025-07-03,SAN,"Mixed 3/4",525,4,0,3,3,6,FAIL,no_winner
SHEP_2025-07-03_1,2025-07-03,SHEP,Maiden,390,6,0,3,2,4,FAIL,no_winner
SHEP_2025-07-03_10,2025-07-03,SHEP,"Grade 5",390,6,1,5,1,6,FAIL,duplicate_positions
SHEP_2025-07-03_12,2025-07-03,SHEP,"Grade 5 T3",390,7,1,3,1,4,FAIL,duplicate_positions
SHEP_2025-07-03_13,2025-07-03,SHEP,"Grade 5 T3",390,4,0,3,3,7,FAIL,no_winner
SHEP_2025-07-03_2,2025-07-03,SHEP,"Tier 3 - Maiden",425,7,0,4,2,6,FAIL,no_winner
SHEP_2025-07-03_3,2025-07-03,SHEP,"Grade 7",390,6,1,4,1,7,FAIL,duplicate_positions
SHEP_2025-07-03_5,2025-07-03,SHEP,"Mixed 6/7",450,7,1,4,1,8,FAIL,duplicate_positions
SHEP_2025-07-03_6,2025-07-03,SHEP,"Grade 5",450,7,1,6,1,8,FAIL,duplicate_positions
SHEP_2025-07-03_7,2025-07-03,SHEP,Maiden,350,7,1,5,1,8,FAIL,duplicate_positions
SHEP_2025-07-03_8,2025-07-03,SHEP,"Grade 4",435,5,1,3,1,5,FAIL,duplicate_positions
SHEP_2025-07-03_9,2025-07-03,SHEP,Maiden,390,5,1,2,1,2,FAIL,duplicate_positions
WAR_2025-07-03_1,2025-07-03,WAR,Maiden,390,5,0,4,2,6,FAIL,no_winner
WAR_2025-07-03_10,2025-07-03,WAR,OPEN,400,6,1,5,1,7,FAIL,duplicate_positions
WAR_2025-07-03_11,2025-07-03,WAR,4/5,512,5,0,4,2,5,FAIL,no_winner
WAR_2025-07-03_13,2025-07-03,WAR,"Grade 5 T3",400,5,0,2,2,3,FAIL,no_winner
WAR_2025-07-03_2,2025-07-03,WAR,Maiden,425,6,1,5,1,6,FAIL,duplicate_positions
WAR_2025-07-03_3,2025-07-03,WAR,"Restricted Win",390,4,0,4,2,7,FAIL,no_winner
WAR_2025-07-03_4,2025-07-03,WAR,"Mixed 6/7 Final",450,7,0,4,2,7,FAIL,no_winner
WAR_2025-07-03_6,2025-07-03,WAR,"Mixed 4/5",400,5,1,4,1,6,FAIL,duplicate_positions
WAR_2025-07-03_7,2025-07-03,WAR,"Grade 5",450,7,0,4,2,7,FAIL,no_winner
WAR_2025-07-03_8,2025-07-03,WAR,"S/E Veteran",390,5,1,5,1,8,FAIL,max_out_of_range
WAR_2025-07-03_9,2025-07-03,WAR,"Grade 5",400,5,0,5,2,8,FAIL,no_winner
WRGL_2025-07-03_1,2025-07-03,WRGL,"Tier 3 - Maiden",400,8,0,4,3,8,FAIL,no_winner
WRGL_2025-07-03_11,2025-07-03,WRGL,"Mixed 6/7",525,7,1,6,1,8,FAIL,duplicate_positions
WRGL_2025-07-03_12,2025-07-03,WRGL,"Grade 5",435,5,0,4,4,8,FAIL,no_winner
WRGL_2025-07-03_2,2025-07-03,WRGL,Maiden,390,7,0,5,3,8,FAIL,no_winner
WRGL_2025-07-03_4,2025-07-03,WRGL,"Grade 5",390,5,0,5,2,8,FAIL,no_winner
WRGL_2025-07-03_5,2025-07-03,WRGL,"Grade 5 T3",400,6,1,5,1,8,FAIL,duplicate_positions
WRGL_2025-07-03_6,2025-07-03,WRGL,"Grade 5 T3",460,5,0,4,3,6,FAIL,no_winner
WRGL_2025-07-03_7,2025-07-03,WRGL,"Grade 5 Heat",435,6,0,4,4,8,FAIL,no_winner
WRGL_2025-07-03_8,2025-07-03,WRGL,"Mixed 4/5",400,7,1,4,1,8,FAIL,duplicate_positions
WRGL_2025-07-03_9,2025-07-03,WRGL,"Mixed 6/7",460,4,0,3,4,6,FAIL,no_winner
W_PK_2025-07-03_10,2025-07-03,W_PK,5,520,4,1,3,1,5,FAIL,duplicate_positions
W_PK_2025-07-03_11,2025-07-03,W_PK,5,520,5,1,4,1,7,FAIL,duplicate_positions
W_PK_2025-07-03_2,2025-07-03,W_PK,M3,520,6,0,4,2,7,FAIL,no_winner
W_PK_2025-07-03_3,2025-07-03,W_PK,5,520,4,1,4,1,5,FAIL,max_out_of_range
W_PK_2025-07-03_4,2025-07-03,W_PK,5,720,5,0,5,2,8,FAIL,no_winner
W_PK_2025-07-03_5,2025-07-03,W_PK,5,520,6,1,4,1,6,FAIL,duplicate_positions
W_PK_2025-07-03_6,2025-07-03,W_PK,5,520,6,0,4,3,8,FAIL,no_winner
W_PK_2025-07-03_8,2025-07-03,W_PK,5,520,5,1,4,1,5,FAIL,duplicate_positions
W_PK_2025-07-03_9,2025-07-03,W_PK,5,520,4,0,2,2,4,FAIL,no_winner
BAL_2025-07-02_1,2025-07-02,BAL,"Maiden Final",525,5,0,4,3,8,FAIL,no_winner
BAL_2025-07-02_10,2025-07-02,BAL,"S/E Heat",390,5,1,4,1,4,FAIL,duplicate_positions
BAL_2025-07-02_11,2025-07-02,BAL,"Grade 5",390,6,1,5,1,5,FAIL,duplicate_positions
BAL_2025-07-02_13,2025-07-02,BAL,"Grade 5",425,6,1,6,1,8,FAIL,max_out_of_range
BAL_2025-07-02_2,2025-07-02,BAL,"Tier 3 - Maiden",390,4,0,2,4,5,FAIL,no_winner
BAL_2025-07-02_3,2025-07-02,BAL,"Grade 5",435,4,0,3,2,6,FAIL,no_winner
BAL_2025-07-02_4,2025-07-02,BAL,"Maiden Final",525,4,1,4,1,7,FAIL,max_out_of_range
BAL_2025-07-02_6,2025-07-02,BAL,"Mixed 4/5",450,7,1,4,1,4,FAIL,duplicate_positions
BAL_2025-07-02_7,2025-07-02,BAL,"Grade 5",450,5,0,4,2,7,FAIL,no_winner
BAL_2025-07-02_8,2025-07-02,BAL,"Grade 5 T3",545,6,1,4,1,6,FAIL,duplicate_positions
BAL_2025-07-02_9,2025-07-02,BAL,"Grade 5",410,4,0,4,2,8,FAIL,no_winner
BEN_2025-07-02_11,2025-07-02,BEN,"Grade 5",425,5,0,3,2,7,FAIL,no_winner
BEN_2025-07-02_12,2025-07-02,BEN,"Grade 5 T3",450,5,0,3,5,7,FAIL,no_winner
BEN_2025-07-02_13,2025-07-02,BEN,"Grade 5 T3",425,5,0,4,4,8,FAIL,no_winner
BEN_2025-07-02_2,2025-07-02,BEN,Maiden,425,5,0,3,6,8,FAIL,no_winner
BEN_2025-07-02_4,2025-07-02,BEN,"Mixed 6/7",300,5,0,3,5,8,FAIL,no_winner
BEN_2025-07-02_5,2025-07-02,BEN,"Grade 5",390,6,1,6,1,8,FAIL,max_out_of_range
BEN_2025-07-02_6,2025-07-02,BEN,"Grade 5 T3",350,4,1,4,1,7,FAIL,max_out_of_range
BEN_2025-07-02_7,2025-07-02,BEN,"Tier 3 - Restricted Win",500,6,0,3,3,7,FAIL,no_winner
BEN_2025-07-02_8,2025-07-02,BEN,"Grade 5 T3",525,4,0,4,3,8,FAIL,no_winner
BEN_2025-07-02_9,2025-07-02,BEN,"Tier 3 - Grade 7",425,6,1,5,1,8,FAIL,duplicate_positions
CANN_2025-07-02_1,2025-07-02,CANN,M,400,7,0,5,2,8,FAIL,no_winner
CANN_2025-07-02_10,2025-07-02,CANN,6,381,7,0,6,2,7,FAIL,no_winner
CANN_2025-07-02_12,2025-07-02,CANN,5,400,7,1,5,1,7,FAIL,duplicate_positions
CANN_2025-07-02_2,2025-07-02,CANN,5,300,5,0,5,2,8,FAIL,no_winner
CANN_2025-07-02_3,2025-07-02,CANN,NOV,381,6,0,5,2,7,FAIL,no_winner
CANN_2025-07-02_5,2025-07-02,CANN,5,520,5,0,4,4,8,FAIL,no_winner
CANN_2025-07-02_6,2025-07-02,CANN,FFA,381,6,0,5,2,7,FAIL,no_winner
CANN_2025-07-02_7,2025-07-02,CANN,NOV,520,8,1,6,1,8,FAIL,duplicate_positions
CANN_2025-07-02_8,2025-07-02,CANN,FFA,275,6,1,5,1,8,FAIL,duplicate_positions
CANN_2025-07-02_9,2025-07-02,CANN,NOV,400,6,0,4,4,8,FAIL,no_winner
CAP_2025-07-02_1,2025-07-02,CAP,M,366,6,0,4,2,8,FAIL,no_winner
CAP_2025-07-02_10,2025-07-02,CAP,M5,366,5,0,4,3,8,FAIL,no_winner
CAP_2025-07-02_2,2025-07-02,CAP,M,366,6,0,4,3,7,FAIL,no_winner
CAP_2025-07-02_3,2025-07-02,CAP,6,366,5,0,3,4,8,FAIL,no_winner
CAP_2025-07-02_4,2025-07-02,CAP,6,366,7,0,5,3,8,FAIL,no_winner
CAP_2025-07-02_5,2025-07-02,CAP,5,366,5,1,5,1,7,FAIL,max_out_of_range
CAP_2025-07-02_7,2025-07-02,CAP,4/5,366,4,1,4,1,8,FAIL,max_out_of_range
CAP_2025-07-02_8,2025-07-02,CAP,P5,366,9,1,6,1,8,FAIL,duplicate_positions
CAP_2025-07-02_9,2025-07-02,CAP,5,352,7,0,3,6,8,FAIL,no_winner
MEA_2025-07-02_1,2025-07-02,MEA,Maiden,460,3,0,3,5,8,FAIL,no_winner
MEA_2025-07-02_10,2025-07-02,MEA,"Grade 5 T3",500,4,0,3,2,6,FAIL,no_winner
MEA_2025-07-02_11,2025-07-02,MEA,"Grade 5",525,5,1,4,1,7,FAIL,duplicate_positions
MEA_2025-07-02_12,2025-07-02,MEA,"S/E Heat",595,5,1,4,1,7,FAIL,duplicate_positions
MEA_2025-07-02_3,2025-07-02,MEA,"Restricted Win",595,6,0,3,5,8,FAIL,no_winner
MEA_2025-07-02_4,2025-07-02,MEA,"Tier 3 - Restricted Win",500,6,0,3,2,4,FAIL,no_winner
MEA_2025-07-02_5,2025-07-02,MEA,"Grade 5 Final",525,5,1,3,1,8,FAIL,duplicate_positions
MEA_2025-07-02_6,2025-07-02,MEA,"Grade 5",515,6,1,5,1,6,FAIL,duplicate_positions
MEA_2025-07-02_7,2025-07-02,MEA,"Grade 5",400,4,0,4,2,6,FAIL,no_winner
MEA_2025-07-02_8,2025-07-02,MEA,"Grade 5",515,7,1,5,1,5,FAIL,duplicate_positions
Q1L_2025-07-02_1,2025-07-02,Q1L,M,390,6,0,4,4,8,FAIL,no_winner
Q1L_2025-07-02_10,2025-07-02,Q1L,5,352,6,1,3,1,7,FAIL,duplicate_positions
Q1L_2025-07-02_11,2025-07-02,Q1L,5,300,6,0,4,5,8,FAIL,no_winner
Q1L_2025-07-02_12,2025-07-02,Q1L,M5,352,6,0,3,2,6,FAIL,no_winner
Q1L_2025-07-02_3,2025-07-02,Q1L,M,352,4,0,3,2,6,FAIL,no_winner
Q1L_2025-07-02_5,2025-07-02,Q1L,4,352,7,0,5,2,7,FAIL,no_winner
Q1L_2025-07-02_6,2025-07-02,Q1L,5,300,6,1,5,1,7,FAIL,duplicate_positions
Q1L_2025-07-02_7,2025-07-02,Q1L,FFA,352,6,0,4,2,8,FAIL,no_winner
Q1L_2025-07-02_8,2025-07-02,Q1L,5,550,7,0,5,2,8,FAIL,no_winner
Q1L_2025-07-02_9,2025-07-02,Q1L,P5,352,5,1,4,1,7,FAIL,duplicate_positions
RICH_2025-07-02_1,2025-07-02,RICH,M,400,4,0,3,2,8,FAIL,no_winner
RICH_2025-07-02_10,2025-07-02,RICH,5,401,4,0,3,3,8,FAIL,no_winner
RICH_2025-07-02_11,2025-07-02,RICH,5,320,4,0,3,3,7,FAIL,no_winner
RICH_2025-07-02_12,2025-07-02,RICH,5,320,6,0,4,3,7,FAIL,no_winner
RICH_2025-07-02_3,2025-07-02,RICH,5,520,4,0,3,2,4,FAIL,no_winner
RICH_2025-07-02_4,2025-07-02,RICH,5,520,3,0,2,4,5,FAIL,no_winner
RICH_2025-07-02_5,2025-07-02,RICH,5,520,5,1,4,1,7,FAIL,duplicate_positions
RICH_2025-07-02_6,2025-07-02,RICH,4,520,8,1,6,1,8,FAIL,duplicate_positions
RICH_2025-07-02_7,2025-07-02,RICH,4/5,520,7,1,5,1,7,FAIL,duplicate_positions
RICH_2025-07-02_8,2025-07-02,RICH,4/5,520,7,0,4,2,7,FAIL,no_winner
ROCK_2025-07-02_1,2025-07-02,ROCK,M,407,6,0,4,2,6,FAIL,no_winner
ROCK_2025-07-02_10,2025-07-02,ROCK,5,407,7,1,5,1,7,FAIL,duplicate_positions
ROCK_2025-07-02_11,2025-07-02,ROCK,P5,407,7,0,6,2,8,FAIL,no_winner
ROCK_2025-07-02_12,2025-07-02,ROCK,M5,407,4,0,3,2,8,FAIL,no_winner
ROCK_2025-07-02_2,2025-07-02,ROCK,6,407,5,0,3,3,8,FAIL,no_winner
ROCK_2025-07-02_3,2025-07-02,ROCK,6,407,5,1,4,1,6,FAIL,duplicate_positions
ROCK_2025-07-02_4,2025-07-02,ROCK,5/6,510,5,1,5,1,8,FAIL,max_out_of_range
ROCK_2025-07-02_5,2025-07-02,ROCK,5,407,7,1,7,1,8,FAIL,max_out_of_range
ROCK_2025-07-02_6,2025-07-02,ROCK,5,407,6,1,5,1,7,FAIL,duplicate_positions
ROCK_2025-07-02_8,2025-07-02,ROCK,FFA,407,4,1,3,1,4,FAIL,duplicate_positions
ROCK_2025-07-02_9,2025-07-02,ROCK,5,407,6,1,5,1,7,FAIL,duplicate_positions
SAL_2025-07-02_1,2025-07-02,SAL,Maiden,435,5,0,3,4,8,FAIL,no_winner
SAL_2025-07-02_10,2025-07-02,SAL,"Grade 6",435,7,0,5,2,8,FAIL,no_winner
SAL_2025-07-02_12,2025-07-02,SAL,"Grade 5 T3",400,6,0,4,3,7,FAIL,no_winner
SAL_2025-07-02_2,2025-07-02,SAL,Maiden,435,6,0,6,2,8,FAIL,no_winner
SAL_2025-07-02_3,2025-07-02,SAL,"Mixed 6/7",510,5,0,3,2,6,FAIL,no_winner
SAL_2025-07-02_5,2025-07-02,SAL,"Grade 5",510,6,0,4,3,8,FAIL,no_winner
SAL_2025-07-02_6,2025-07-02,SAL,"Mixed 4/5",435,6,0,4,2,7,FAIL,no_winner
SAL_2025-07-02_7,2025-07-02,SAL,"Grade 5",435,7,0,5,3,7,FAIL,no_winner
SAL_2025-07-02_8,2025-07-02,SAL,"Grade 5",510,6,0,4,3,7,FAIL,no_winner
SAL_2025-07-02_9,2025-07-02,SAL,"Tier 3 - Grade 7",400,6,0,5,2,7,FAIL,no_winner
TAR_2025-07-02_1,2025-07-02,TAR,M,300,5,0,3,2,5,FAIL,no_winner
TAR_2025-07-02_10,2025-07-02,TAR,FFA,300,5,1,4,1,5,FAIL,duplicate_positions
TAR_2025-07-02_12,2025-07-02,TAR,5,300,7,1,3,1,5,FAIL,duplicate_positions
TAR_2025-07-02_2,2025-07-02,TAR,M,400,4,0,4,3,7,FAIL,no_winner
TAR_2025-07-02_3,2025-07-02,TAR,5,525,5,0,4,4,7,FAIL,no_winner
TAR_2025-07-02_5,2025-07-02,TAR,5,300,7,1,5,1,8,FAIL,duplicate_positions
TAR_2025-07-02_6,2025-07-02,TAR,5,388,7,0,4,2,7,FAIL,no_winner
TAR_2025-07-02_7,2025-07-02,TAR,5,300,8,0,4,2,7,FAIL,no_winner
TAR_2025-07-02_8,2025-07-02,TAR,5,300,6,1,5,1,7,FAIL,duplicate_positions
TAR_2025-07-02_9,2025-07-02,TAR,M,300,6,1,6,1,7,FAIL,max_out_of_range
TEM_2025-07-02_1,2025-07-02,TEM,M,400,6,0,5,2,8,FAIL,no_winner
TEM_2025-07-02_10,2025-07-02,TEM,5,330,6,0,4,2,8,FAIL,no_winner
TEM_2025-07-02_11,2025-07-02,TEM,NG1-4,330,6,1,5,1,6,FAIL,duplicate_positions
TEM_2025-07-02_12,2025-07-02,TEM,M2/M3,350,6,1,5,1,8,FAIL,duplicate_positions
TEM_2025-07-02_2,2025-07-02,TEM,5,457,6,0,5,4,8,FAIL,no_winner
TEM_2025-07-02_3,2025-07-02,TEM,5,320,5,0,2,5,6,FAIL,no_winner
TEM_2025-07-02_4,2025-07-02,TEM,5,340,5,0,3,3,6,FAIL,no_winner
TEM_2025-07-02_5,2025-07-02,TEM,5,515,8,0,5,2,8,FAIL,no_winner
TEM_2025-07-02_6,2025-07-02,TEM,4/5,400,5,0,4,4,7,FAIL,no_winner
TEM_2025-07-02_7,2025-07-02,TEM,NG1-4,330,5,0,3,2,4,FAIL,no_winner
TEM_2025-07-02_8,2025-07-02,TEM,5,457,7,0,5,4,8,FAIL,no_winner
AP_K_2025-07-01_1,2025-07-01,AP_K,M,342,5,0,4,2,6,FAIL,no_winner
AP_K_2025-07-01_10,2025-07-01,AP_K,TG1-4W,342,5,1,4,1,5,FAIL,duplicate_positions
AP_K_2025-07-01_2,2025-07-01,AP_K,6,395,4,0,4,2,7,FAIL,no_winner
AP_K_2025-07-01_3,2025-07-01,AP_K,M,342,4,1,4,1,5,FAIL,max_out_of_range
AP_K_2025-07-01_4,2025-07-01,AP_K,TG1-4W,400,5,1,4,1,6,FAIL,duplicate_positions
AP_K_2025-07-01_5,2025-07-01,AP_K,TG5+W,342,3,0,2,3,6,FAIL,no_winner
AP_K_2025-07-01_7,2025-07-01,AP_K,TG5+W,342,4,1,4,1,5,FAIL,max_out_of_range
AP_K_2025-07-01_8,2025-07-01,AP_K,5,400,4,1,4,1,8,FAIL,max_out_of_range
AP_K_2025-07-01_9,2025-07-01,AP_K,TG5+W,400,4,1,3,1,4,FAIL,duplicate_positions
BAL_2025-07-01_10,2025-07-01,BAL,"Tier 3 - Grade 7",350,6,1,5,1,6,FAIL,duplicate_positions
BAL_2025-07-01_11,2025-07-01,BAL,"Grade 7",390,5,0,5,3,8,FAIL,no_winner
BAL_2025-07-01_12,2025-07-01,BAL,"Tier 3 - Restricted Win",460,5,0,3,3,6,FAIL,no_winner
BAL_2025-07-01_13,2025-07-01,BAL,"Grade 5 T3",390,5,1,5,1,7,FAIL,max_out_of_range
BAL_2025-07-01_2,2025-07-01,BAL,Maiden,390,5,1,4,1,7,FAIL,duplicate_positions
BAL_2025-07-01_3,2025-07-01,BAL,"Mixed 4/5",450,3,0,3,4,7,FAIL,no_winner
BAL_2025-07-01_4,2025-07-01,BAL,"S/E Heat",425,5,0,3,2,5,FAIL,no_winner
BAL_2025-07-01_5,2025-07-01,BAL,"Grade 5",485,4,0,3,2,5,FAIL,no_winner
BAL_2025-07-01_6,2025-07-01,BAL,"Grade 5",450,4,0,3,5,8,FAIL,no_winner
BAL_2025-07-01_7,2025-07-01,BAL,"Grade 5",390,3,1,3,1,6,FAIL,max_out_of_range
BAL_2025-07-01_9,2025-07-01,BAL,"Grade 6",425,4,0,4,3,8,FAIL,no_winner
BUL_2025-07-01_1,2025-07-01,BUL,M,365,7,0,3,2,8,FAIL,no_winner
BUL_2025-07-01_10,2025-07-01,BUL,5,400,4,0,3,3,7,FAIL,no_winner
BUL_2025-07-01_11,2025-07-01,BUL,5,520,6,0,4,2,7,FAIL,no_winner
BUL_2025-07-01_12,2025-07-01,BUL,5,400,5,0,3,3,7,FAIL,no_winner
BUL_2025-07-01_2,2025-07-01,BUL,M,520,7,0,6,2,8,FAIL,no_winner
BUL_2025-07-01_3,2025-07-01,BUL,M3,297,6,0,3,2,6,FAIL,no_winner
BUL_2025-07-01_5,2025-07-01,BUL,4/5,440,4,0,3,3,5,FAIL,no_winner
BUL_2025-07-01_6,2025-07-01,BUL,5,400,4,1,4,1,8,FAIL,max_out_of_range
BUL_2025-07-01_8,2025-07-01,BUL,5,350,6,0,3,2,4,FAIL,no_winner
BUL_2025-07-01_9,2025-07-01,BUL,MX,472,5,0,3,3,8,FAIL,no_winner
CAS_2025-07-01_1,2025-07-01,CAS,M,320,5,0,4,2,8,FAIL,no_winner
CAS_2025-07-01_10,2025-07-01,CAS,5,411,6,1,6,1,8,FAIL,max_out_of_range
CAS_2025-07-01_11,2025-07-01,CAS,5,300,6,1,4,1,5,FAIL,duplicate_positions
CAS_2025-07-01_3,2025-07-01,CAS,M2/M3,300,5,1,4,1,6,FAIL,duplicate_positions
CAS_2025-07-01_4,2025-07-01,CAS,5,300,5,0,2,4,7,FAIL,no_winner
CAS_2025-07-01_5,2025-07-01,CAS,5,300,5,0,3,3,6,FAIL,no_winner
CAS_2025-07-01_7,2025-07-01,CAS,4/5,484,5,0,5,2,6,FAIL,no_winner
CAS_2025-07-01_8,2025-07-01,CAS,5,484,6,1,3,1,3,FAIL,duplicate_positions
CAS_2025-07-01_9,2025-07-01,CAS,5,411,6,0,4,2,7,FAIL,no_winner
GEE_2025-07-01_1,2025-07-01,GEE,Maiden,450,4,0,3,2,8,FAIL,no_winner
GEE_2025-07-01_11,2025-07-01,GEE,"Grade 5 T3",425,3,1,3,1,8,FAIL,max_out_of_range
GEE_2025-07-01_12,2025-07-01,GEE,"Grade 5",410,6,0,4,4,8,FAIL,no_winner
GEE_2025-07-01_13,2025-07-01,GEE,"Grade 5",400,6,0,4,3,7,FAIL,no_winner
GEE_2025-07-01_2,2025-07-01,GEE,"Maiden Final",410,4,0,3,3,6,FAIL,no_winner
GEE_2025-07-01_4,2025-07-01,GEE,"Mixed 6/7",425,5,0,3,2,5,FAIL,no_winner
GEE_2025-07-01_5,2025-07-01,GEE,"Grade 5",400,4,0,4,2,7,FAIL,no_winner
GEE_2025-07-01_6,2025-07-01,GEE,"Grade 5",425,3,0,3,4,8,FAIL,no_winner
GEE_2025-07-01_7,2025-07-01,GEE,"Grade 5",350,6,0,5,3,8,FAIL,no_winner
GEE_2025-07-01_8,2025-07-01,GEE,"Grade 5",460,5,0,4,5,8,FAIL,no_winner
GEE_2025-07-01_9,2025-07-01,GEE,"Mixed 6/7",400,6,1,5,1,7,FAIL,duplicate_positions
LAU_2025-07-01_1,2025-07-01,LAU,R/W,340,6,0,2,3,8,FAIL,no_winner
LAU_2025-07-01_10,2025-07-01,LAU,5,340,7,1,5,1,8,FAIL,duplicate_positions
LAU_2025-07-01_2,2025-07-01,LAU,5,340,6,0,4,2,7,FAIL,no_winner
LAU_2025-07-01_3,2025-07-01,LAU,"Mixed 6/7",350,9,0,5,2,8,FAIL,no_winner
LAU_2025-07-01_5,2025-07-01,LAU,MI4/5MA,340,6,0,4,5,8,FAIL,no_winner
LAU_2025-07-01_6,2025-07-01,LAU,4/5,515,5,0,4,2,7,FAIL,no_winner
LAU_2025-07-01_7,2025-07-01,LAU,INV,278,6,0,6,2,7,FAIL,no_winner
LAU_2025-07-01_8,2025-07-01,LAU,R/W,461,7,1,5,1,6,FAIL,duplicate_positions
LAU_2025-07-01_9,2025-07-01,LAU,FTAMA,278,5,1,5,1,7,FAIL,max_out_of_range
MAND_2025-07-01_1,2025-07-01,MAND,M,300,6,0,5,2,6,FAIL,no_winner
MAND_2025-07-01_10,2025-07-01,MAND,5/6,509,6,0,3,2,7,FAIL,no_winner
MAND_2025-07-01_12,2025-07-01,MAND,5/6,300,7,1,7,1,8,FAIL,max_out_of_range
MAND_2025-07-01_2,2025-07-01,MAND,NOV,300,7,0,6,2,8,FAIL,no_winner
MAND_2025-07-01_3,2025-07-01,MAND,M,381,5,0,5,2,7,FAIL,no_winner
MAND_2025-07-01_4,2025-07-01,MAND,M,520,4,0,3,2,7,FAIL,no_winner
MAND_2025-07-01_5,2025-07-01,MAND,NOV,381,4,1,4,1,8,FAIL,max_out_of_range
MAND_2025-07-01_6,2025-07-01,MAND,M,400,6,1,4,1,8,FAIL,duplicate_positions
MAND_2025-07-01_7,2025-07-01,MAND,NOV,400,7,0,6,2,8,FAIL,no_winner
MAND_2025-07-01_8,2025-07-01,MAND,5,400,7,0,5,2,8,FAIL,no_winner
MURR_2025-07-01_2,2025-07-01,MURR,6,300,5,1,5,1,7,FAIL,max_out_of_range
MURR_2025-07-01_3,2025-07-01,MURR,4/5,300,5,0,3,2,5,FAIL,no_winner
MURR_2025-07-01_4,2025-07-01,MURR,6,395,4,1,3,1,7,FAIL,duplicate_positions
MURR_2025-07-01_5,2025-07-01,MURR,6,400,5,1,4,1,5,FAIL,duplicate_positions
MURR_2025-07-01_6,2025-07-01,MURR,I,530,5,1,5,1,7,FAIL,max_out_of_range
MURR_2025-07-01_8,2025-07-01,MURR,TG5+W,531,5,0,3,2,7,FAIL,no_winner
MURR_2025-07-01_9,2025-07-01,MURR,6,530,5,0,2,2,6,FAIL,no_winner
Q1L_2025-07-01_1,2025-07-01,Q1L,M,457,8,1,6,1,8,FAIL,duplicate_positions
Q1L_2025-07-01_10,2025-07-01,Q1L,P5,390,7,0,4,3,7,FAIL,no_winner
Q1L_2025-07-01_11,2025-07-01,Q1L,5,457,6,1,6,1,8,FAIL,max_out_of_range
Q1L_2025-07-01_12,2025-07-01,Q1L,5,457,6,1,6,1,8,FAIL,max_out_of_range
Q1L_2025-07-01_2,2025-07-01,Q1L,M,457,7,1,4,1,5,FAIL,duplicate_positions
Q1L_2025-07-01_3,2025-07-01,Q1L,6,457,5,0,4,3,7,FAIL,no_winner
Q1L_2025-07-01_4,2025-07-01,Q1L,6,331,7,0,6,2,8,FAIL,no_winner
Q1L_2025-07-01_5,2025-07-01,Q1L,M,390,7,0,5,2,6,FAIL,no_winner
Q1L_2025-07-01_6,2025-07-01,Q1L,6,366,7,1,5,1,7,FAIL,duplicate_positions
Q1L_2025-07-01_7,2025-07-01,Q1L,6,457,6,0,4,4,8,FAIL,no_winner
Q1L_2025-07-01_9,2025-07-01,Q1L,4/5,457,6,0,5,2,7,FAIL,no_winner
RICH_2025-07-01_2,2025-07-01,RICH,NG,350,5,1,4,1,7,FAIL,duplicate_positions
WOL_2025-07-01_4,2025-07-01,WOL,5,300,8,1,6,1,7,FAIL,duplicate_positions
WRGL_2025-07-01_1,2025-07-01,WRGL,Maiden,460,4,1,3,1,3,FAIL,duplicate_positions
WRGL_2025-07-01_10,2025-07-01,WRGL,"Grade 5",390,7,0,5,2,7,FAIL,no_winner
WRGL_2025-07-01_11,2025-07-01,WRGL,"Mixed 4/5",450,5,0,4,2,5,FAIL,no_winner
WRGL_2025-07-01_2,2025-07-01,WRGL,"Restricted Win Final",300,6,1,4,1,5,FAIL,duplicate_positions
WRGL_2025-07-01_3,2025-07-01,WRGL,"Mixed 6/7 Final",435,6,0,4,2,8,FAIL,no_winner
WRGL_2025-07-01_4,2025-07-01,WRGL,Maiden,400,6,1,5,1,7,FAIL,duplicate_positions
WRGL_2025-07-01_6,2025-07-01,WRGL,"Mixed 4/5",460,6,0,5,2,8,FAIL,no_winner
WRGL_2025-07-01_7,2025-07-01,WRGL,"Mixed 4/5",435,7,0,5,2,8,FAIL,no_winner
WRGL_2025-07-01_8,2025-07-01,WRGL,"Mixed 4/5",500,6,0,4,2,7,FAIL,no_winner
WRGL_2025-07-01_9,2025-07-01,WRGL,"Grade 7",425,7,1,5,1,5,FAIL,duplicate_positions
AP_K_2025-06-30_10,2025-06-30,AP_K,5,342,6,1,4,1,7,FAIL,duplicate_positions
AP_K_2025-06-30_2,2025-06-30,AP_K,I,400,5,1,5,1,6,FAIL,max_out_of_range
AP_K_2025-06-30_3,2025-06-30,AP_K,5,601,3,0,3,2,5,FAIL,no_winner
AP_K_2025-06-30_4,2025-06-30,AP_K,5,530,5,1,3,1,4,FAIL,duplicate_positions
AP_K_2025-06-30_5,2025-06-30,AP_K,6,342,7,0,5,2,7,FAIL,no_winner
AP_K_2025-06-30_6,2025-06-30,AP_K,6,342,6,0,4,2,8,FAIL,no_winner
AP_K_2025-06-30_8,2025-06-30,AP_K,TG1-4W,342,4,0,2,2,3,FAIL,no_winner
AP_K_2025-06-30_9,2025-06-30,AP_K,5,342,4,0,3,3,7,FAIL,no_winner
BAL_2025-06-30_1,2025-06-30,BAL,Maiden,390,6,0,3,2,7,FAIL,no_winner
BAL_2025-06-30_10,2025-06-30,BAL,"Tier 3 - Grade 6",390,5,1,4,1,7,FAIL,duplicate_positions
BAL_2025-06-30_11,2025-06-30,BAL,"Grade 5",450,6,0,5,2,8,FAIL,no_winner
BAL_2025-06-30_12,2025-06-30,BAL,"Grade 5 No Penalty",515,6,1,5,1,8,FAIL,duplicate_positions
BAL_2025-06-30_13,2025-06-30,BAL,"Grade 5 T3",425,6,0,4,3,7,FAIL,no_winner
BAL_2025-06-30_14,2025-06-30,BAL,"Grade 5",390,7,0,5,4,8,FAIL,no_winner
BAL_2025-06-30_2,2025-06-30,BAL,Maiden,460,6,0,3,3,6,FAIL,no_winner
BAL_2025-06-30_3,2025-06-30,BAL,"Tier 3 - Grade 7",390,7,0,4,2,8,FAIL,no_winner
BAL_2025-06-30_5,2025-06-30,BAL,"Grade 5",400,6,0,6,2,8,FAIL,no_winner
BAL_2025-06-30_7,2025-06-30,BAL,"Tier 3 - Maiden",450,7,1,6,1,7,FAIL,duplicate_positions
BAL_2025-06-30_8,2025-06-30,BAL,"Grade 5",450,4,0,3,2,6,FAIL,no_winner
BAL_2025-06-30_9,2025-06-30,BAL,"Mixed 6/7",400,6,0,3,2,5,FAIL,no_winner
LAU_2025-06-30_1,2025-06-30,LAU,6,461,6,0,3,4,8,FAIL,no_winner
LAU_2025-06-30_10,2025-06-30,LAU,INV,278,6,1,5,1,8,FAIL,duplicate_positions
LAU_2025-06-30_2,2025-06-30,LAU,6,340,4,0,2,5,7,FAIL,no_winner
LAU_2025-06-30_3,2025-06-30,LAU,6,340,4,0,4,2,7,FAIL,no_winner
LAU_2025-06-30_5,2025-06-30,LAU,5,515,6,0,3,2,4,FAIL,no_winner
LAU_2025-06-30_6,2025-06-30,LAU,R/W,461,7,0,5,2,6,FAIL,no_winner
LAU_2025-06-30_7,2025-06-30,LAU,FFA,515,7,1,3,1,3,FAIL,duplicate_positions
LAU_2025-06-30_8,2025-06-30,LAU,4,515,7,0,4,2,5,FAIL,no_winner
LAU_2025-06-30_9,2025-06-30,LAU,4,461,6,1,5,1,7,FAIL,duplicate_positions
NOR_2025-06-30_1,2025-06-30,NOR,NOV,297,6,1,4,1,7,FAIL,duplicate_positions
NOR_2025-06-30_10,2025-06-30,NOR,4/5,601,5,1,5,1,8,FAIL,max_out_of_range
NOR_2025-06-30_11,2025-06-30,NOR,4/5,297,6,1,4,1,5,FAIL,duplicate_positions
NOR_2025-06-30_2,2025-06-30,NOR,6,297,6,0,5,2,8,FAIL,no_winner
NOR_2025-06-30_3,2025-06-30,NOR,LS6,297,7,0,5,3,7,FAIL,no_winner
NOR_2025-06-30_4,2025-06-30,NOR,5/6,297,5,0,5,3,7,FAIL,no_winner
NOR_2025-06-30_6,2025-06-30,NOR,5/6,509,5,0,4,4,7,FAIL,no_winner
NOR_2025-06-30_7,2025-06-30,NOR,5,297,5,0,2,2,6,FAIL,no_winner
NOR_2025-06-30_8,2025-06-30,NOR,5/6,509,5,1,4,1,8,FAIL,duplicate_positions
NOR_2025-06-30_9,2025-06-30,NOR,6,300,5,1,5,1,7,FAIL,max_out_of_range
NOW_2025-06-30_1,2025-06-30,NOW,M,365,5,0,3,3,5,FAIL,no_winner
NOW_2025-06-30_10,2025-06-30,NOW,5,365,6,1,5,1,8,FAIL,duplicate_positions
NOW_2025-06-30_2,2025-06-30,NOW,5,365,7,0,4,2,8,FAIL,no_winner
NOW_2025-06-30_3,2025-06-30,NOW,4/5,365,5,1,4,1,5,FAIL,duplicate_positions
NOW_2025-06-30_5,2025-06-30,NOW,5,630,5,1,5,1,6,FAIL,max_out_of_range
NOW_2025-06-30_6,2025-06-30,NOW,5,365,4,1,3,1,4,FAIL,duplicate_positions
NOW_2025-06-30_7,2025-06-30,NOW,4/5,515,4,0,4,2,7,FAIL,no_winner
NOW_2025-06-30_8,2025-06-30,NOW,5,365,7,1,4,1,6,FAIL,duplicate_positions
NOW_2025-06-30_9,2025-06-30,NOW,5,297,6,0,3,2,4,FAIL,no_winner
SAN_2025-06-30_1,2025-06-30,SAN,"Maiden Heat",460,3,0,3,5,8,FAIL,no_winner
SAN_2025-06-30_10,2025-06-30,SAN,"Grade 5 T3",500,5,0,4,2,7,FAIL,no_winner
SAN_2025-06-30_11,2025-06-30,SAN,"Grade 5",450,7,1,5,1,7,FAIL,duplicate_positions
SAN_2025-06-30_12,2025-06-30,SAN,"Grade 5 Heat",435,6,0,5,4,8,FAIL,no_winner
SAN_2025-06-30_3,2025-06-30,SAN,"Grade 7",525,6,0,4,3,7,FAIL,no_winner
SAN_2025-06-30_4,2025-06-30,SAN,"Restricted Win",595,7,1,5,1,7,FAIL,duplicate_positions
SAN_2025-06-30_5,2025-06-30,SAN,"Grade 5",460,6,1,5,1,7,FAIL,duplicate_positions
SAN_2025-06-30_6,2025-06-30,SAN,"Grade 5",435,4,1,3,1,6,FAIL,duplicate_positions
SAN_2025-06-30_7,2025-06-30,SAN,"Grade 5",510,6,0,5,2,8,FAIL,no_winner
SAN_2025-06-30_8,2025-06-30,SAN,"Grade 5",640,5,0,3,2,6,FAIL,no_winner
SHEP_2025-06-30_1,2025-06-30,SHEP,Maiden,390,4,0,4,3,7,FAIL,no_winner
SHEP_2025-06-30_11,2025-06-30,SHEP,"Tier 3 - Restricted Win",425,5,1,4,1,6,FAIL,duplicate_positions
SHEP_2025-06-30_12,2025-06-30,SHEP,"Mixed 4/5",390,5,1,4,1,8,FAIL,duplicate_positions
SHEP_2025-06-30_13,2025-06-30,SHEP,"Grade 5",350,7,1,5,1,6,FAIL,duplicate_positions
SHEP_2025-06-30_2,2025-06-30,SHEP,Maiden,400,4,0,4,2,7,FAIL,no_winner
SHEP_2025-06-30_4,2025-06-30,SHEP,"Grade 5",390,6,1,5,1,8,FAIL,duplicate_positions
SHEP_2025-06-30_5,2025-06-30,SHEP,"Mixed 4/5",390,6,1,4,1,4,FAIL,duplicate_positions
SHEP_2025-06-30_6,2025-06-30,SHEP,"Grade 5",410,5,1,3,1,5,FAIL,duplicate_positions
SHEP_2025-06-30_7,2025-06-30,SHEP,"Grade 5",450,6,1,6,1,8,FAIL,max_out_of_range
SHEP_2025-06-30_8,2025-06-30,SHEP,"Grade 5 Final",525,5,0,4,2,6,FAIL,no_winner
SHEP_2025-06-30_9,2025-06-30,SHEP,"Mixed 6/7",450,5,0,4,2,7,FAIL,no_winner
WAR_2025-06-30_10,2025-06-30,WAR,"Tier 3 - Grade 6",350,6,0,5,2,8,FAIL,no_winner
WAR_2025-06-30_11,2025-06-30,WAR,"Grade 5 T3",425,4,1,4,1,5,FAIL,max_out_of_range
WAR_2025-06-30_12,2025-06-30,WAR,"Grade 5",390,5,0,3,3,5,FAIL,no_winner
WAR_2025-06-30_13,2025-06-30,WAR,"Grade 5",390,5,1,4,1,6,FAIL,duplicate_positions
WAR_2025-06-30_2,2025-06-30,WAR,Maiden,390,5,0,5,2,7,FAIL,no_winner
WAR_2025-06-30_3,2025-06-30,WAR,"Restricted Win",390,6,0,5,2,8,FAIL,no_winner
WAR_2025-06-30_4,2025-06-30,WAR,"Mixed 6/7",390,7,1,5,1,8,FAIL,duplicate_positions
WAR_2025-06-30_5,2025-06-30,WAR,"Grade 5",390,4,0,2,4,5,FAIL,no_winner
WAR_2025-06-30_6,2025-06-30,WAR,"Grade 5",390,5,0,5,2,7,FAIL,no_winner
WAR_2025-06-30_7,2025-06-30,WAR,"Grade 5",390,4,0,3,4,7,FAIL,no_winner
WAR_2025-06-30_9,2025-06-30,WAR,TG1-4W,400,5,0,4,2,8,FAIL,no_winner
