Type,Name,Request Count,Failure Count,Median Response Time,Average Response Time,Min Response Time,Max Response Time,Average Content Size,Requests/s,Failures/s,50%,66%,75%,80%,90%,95%,98%,99%,99.9%,99.99%,100%
GET,/api/enable-explain-analyze,500,0,68,475.9337458938244,13.547606999054551,12070.279015999404,62.0,1.716239566886181,0.0,68,110,180,370,1200,2100,5200,9000,12000,12000,12000
POST,/api/ml-predict,299,78,160.0,27587.32799465239,15.418173003126867,136573.40188299713,313.53846153846155,1.0263112609979363,0.2677333724342442,160,3300,70000,79000,113000,130000,133000,134000,137000,137000,137000
GET,/api/stats,8,0,274000.0,268269.8519726273,239087.64304300712,281673.57501000515,464.0,0.027459833070178897,0.0,277000,277000,279000,279000,282000,282000,282000,282000,282000,282000,282000
GET,/ws,131,40,210.0,30781.778132763797,14.528261992381886,136490.349248008,181.3206106870229,0.4496547665241794,0.13729916535089448,210,3900,76000,83000,117000,132000,133000,136000,136000,136000,136000
,Aggregated,938,118,90,15634.48794725059,13.547606999054551,281673.57501000515,162.27398720682302,3.2196654274784757,0.4050325377851387,91,250,1000,2100,82000,119000,133000,136000,282000,282000,282000
