dog_name,raw_strength_score,normalized_strength_score,strength_rank
HANDOVER,0.5569094665262,100.0,1
Hayride Ramps,0.5225632410095086,78.65812311640654,2
Taz Maniac,0.5068643252928998,68.90321347525978,3
Sky Chaser,0.46460887949260055,42.64674690972448,4
Nordic Queen,0.3959759848833786,0.0,5
