dog_name,raw_strength_score,normalized_strength_score,strength_rank
Taz Maniac,0.2147367189416917,50.0,1
Hayride Ramps,0.2147367189416917,50.0,2
Nordic Queen,0.2147367189416917,50.0,3
Sky Chaser,0.2147367189416917,50.0,4
HANDOVER,0.2147367189416917,50.0,5
