race_id,race_date,outer,box,y,odds,market,favorite_selected,outsider_selected,p_market,p_refit_base16,p_refit_box,p_refit_half,p_selected_ensemble,p_selected_linear,p_selected_market_calibration,p_selected_nonlinear,p_uniform,limited_history,layoff_21,faster_neighbors,margin_recent_long_gap,time_field_rank
Race 3 - CAPALABA - 2026-06-24,2026-06-24,period1,1,0,1.7,0.45010750289560114,False,False,0.45010750289560114,0.43571137362973994,0.4412288849039136,0.4429545075370185,0.45209613676994526,0.45209613676994526,0.45010750289560114,0.4765397507093723,0.125,0.0,0.0,,-2.833333333333333,0.0
Race 3 - CAPALABA - 2026-06-24,2026-06-24,period1,2,0,101.0,0.007576066880421009,False,False,0.007576066880421009,0.0072463097819201105,0.007323437100449657,0.007411086786587905,0.007278732336399534,0.007278732336399534,0.007576066880421006,0.007115393795635977,0.125,0.0,0.0,,2.25,1.0
Race 3 - CAPALABA - 2026-06-24,2026-06-24,period1,3,0,9.0,0.08502030610250243,False,False,0.08502030610250243,0.08247801048412134,0.08280955284345028,0.08375909404586904,0.08179340782765546,0.08179340782765546,0.08502030610250244,0.07961736755447181,0.125,0.0,0.0,,-1.333333333333333,0.14285714285714285
Race 3 - CAPALABA - 2026-06-24,2026-06-24,period1,4,0,12.0,0.06376522957687682,False,False,0.06376522957687682,0.06176778467513979,0.06171009592130949,0.06277323746200479,0.05947130155273735,0.05947130155273735,0.06376522957687682,0.059887897779936125,0.125,0.0,0.0,,0.916666666666667,0.42857142857142855
Race 3 - CAPALABA - 2026-06-24,2026-06-24,period1,5,0,61.0,0.012543979588893802,False,False,0.012543979588893802,0.015230329575352851,0.01518951291190066,0.013825277937390006,0.01680027888193785,0.01680027888193785,0.012543979588893805,0.012023359362479634,0.125,0.0,0.0,,-4.166666666666666,0.8571428571428571
Race 3 - CAPALABA - 2026-06-24,2026-06-24,period1,6,0,61.0,0.012543979588893802,False,False,0.012543979588893802,0.013354131891278324,0.013207533659199881,0.012945745079452606,0.012468350555425924,0.012468350555425924,0.012543979588893805,0.011781225792774323,0.125,0.0,0.0,,1.0,0.5714285714285714
Race 3 - CAPALABA - 2026-06-24,2026-06-24,period1,7,1,2.15,0.35589895577791714,False,False,0.35589895577791714,0.3706932808562281,0.3652060282308369,0.36330574451178765,0.35632439818083483,0.35632439818083483,0.3558989557779171,0.3409875807597099,0.125,0.0,0.0,,-7.916666666666666,0.2857142857142857
Race 3 - CAPALABA - 2026-06-24,2026-06-24,period1,8,0,61.0,0.012543979588893802,False,False,0.012543979588893802,0.013518779106219566,0.013324954428939445,0.013025306639889668,0.013767393895063826,0.013767393895063826,0.012543979588893805,0.012047424245619944,0.125,0.0,1.0,,1.666666666666667,0.7142857142857143
Race 6 - CAPALABA - 2026-06-24,2026-06-24,period1,1,0,4.6,0.1635330323247299,False,False,0.1635330323247299,0.12134904235786266,0.12366551587839394,0.1412633043091756,0.12308925699993599,0.12308925699993599,0.16353303232472988,0.14628359566328542,0.125,0.0,0.0,,0.125,0.2857142857142857
Race 6 - CAPALABA - 2026-06-24,2026-06-24,period1,2,0,16.0,0.04701574679335984,False,False,0.04701574679335984,0.053026632105687144,0.053545297878372464,0.05006994689295955,0.057377322908735436,0.057377322908735436,0.047015746793359826,0.04562037322720691,0.125,1.0,0.0,,,0.7142857142857143
Race 6 - CAPALABA - 2026-06-24,2026-06-24,period1,3,0,13.0,0.05786553451490443,False,False,0.05786553451490443,0.0549089173677116,0.05570609979231911,0.056524907992226044,0.05845790304170981,0.05845790304170981,0.05786553451490442,0.05443413442010276,0.125,0.0,0.0,,-0.25,0.42857142857142855
Race 6 - CAPALABA - 2026-06-24,2026-06-24,period1,4,0,26.0,0.028932767257452214,False,False,0.028932767257452214,0.024557092465685475,0.024843548472324797,0.026729565463351448,0.023828863707269502,0.023828863707269502,0.02893276725745221,0.025984369345434955,0.125,0.0,0.0,,1.8333333333333335,0.5714285714285714
Race 6 - CAPALABA - 2026-06-24,2026-06-24,period1,5,0,13.0,0.05786553451490443,False,True,0.05786553451490443,0.05889678766749353,0.059233815497110785,0.05854155145157316,0.06549709851638016,0.06549709851638016,0.05786553451490442,0.05470456261604136,0.125,0.0,0.0,,-4.791666666666667,0.14285714285714285
Race 6 - CAPALABA - 2026-06-24,2026-06-24,period1,6,0,13.0,0.05786553451490443,False,False,0.05786553451490443,0.04524810952839789,0.0454041398319825,0.051311964626482694,0.04295607938245777,0.04295607938245777,0.05786553451490442,0.05262756373716234,0.125,0.0,0.0,,-9.375,0.8571428571428571
Race 6 - CAPALABA - 2026-06-24,2026-06-24,period1,7,0,91.0,0.008266504930700632,False,False,0.008266504930700632,0.008702778001349842,0.008692248440658527,0.008505470767690166,0.009516733145599731,0.009516733145599731,0.008266504930700636,0.007735454283722552,0.125,0.0,0.0,,-7.208333333333334,1.0
Race 6 - CAPALABA - 2026-06-24,2026-06-24,period1,8,1,1.3,0.5786553451490442,False,False,0.5786553451490442,0.6333106405058119,0.6289093342088379,0.6070532884965413,0.6192767422979116,0.6192767422979116,0.5786553451490442,0.6126099467070437,0.125,0.0,0.0,,3.958333333333333,0.0
Race 6 - SAL - 2026-06-24,2026-06-24,period1,1,0,13.0,0.05946636348679284,False,False,0.05946636348679284,0.05487247384150027,0.055805589027714014,0.05715748354827741,0.04814417785725048,0.04814417785725048,0.05946636348679283,0.05348100166413102,0.14285714285714285,0.0,0.0,0.0,-6.125,0.8333333333333334
Race 6 - SAL - 2026-06-24,2026-06-24,period1,2,0,61.0,0.01267315943161159,False,False,0.01267315943161159,0.011183799854575006,0.011325722431890678,0.011912345520889128,0.010132817973435067,0.010132817973435067,0.012673159431611585,0.011397590518585302,0.14285714285714285,0.0,0.0,2.0,6.208333333333334,1.0
Race 6 - SAL - 2026-06-24,2026-06-24,period1,3,1,1.35,0.5726390557987459,False,False,0.5726390557987459,0.5877991729767374,0.5898674711568009,0.5805172204893626,0.5650284259354709,0.5650284259354709,0.5726390557987459,0.6148226127680502,0.14285714285714285,0.0,0.0,1.0,-4.375,0.0
Race 6 - SAL - 2026-06-24,2026-06-24,period1,4,0,11.0,0.07027842957530063,False,False,0.07027842957530063,0.07431958735948391,0.0742888109682725,0.07231407050950678,0.07429162487476054,0.07429162487476054,0.07027842957530064,0.06386421457800025,0.14285714285714285,0.0,0.0,0.0,5.125,0.6666666666666666
Race 6 - SAL - 2026-06-24,2026-06-24,period1,6,0,8.0,0.09663284066603836,False,False,0.09663284066603836,0.08528312349527455,0.08477849411209419,0.09083517591721627,0.09279555291588663,0.09279555291588663,0.09663284066603836,0.08645851718189558,0.14285714285714285,0.0,0.0,1.0,-4.416666666666666,0.5
Race 6 - SAL - 2026-06-24,2026-06-24,period1,7,0,6.0,0.12884378755471781,False,False,0.12884378755471781,0.1367662384245031,0.13492054920287058,0.13282546106157417,0.15427829375885027,0.15427829375885027,0.1288437875547178,0.11638801882489826,0.14285714285714285,0.0,0.0,0.0,-3.416666666666666,0.16666666666666666
Race 6 - SAL - 2026-06-24,2026-06-24,period1,8,0,13.0,0.05946636348679284,False,False,0.05946636348679284,0.04977560404792572,0.04901336310035717,0.054438242953173545,0.05532910668434603,0.05532910668434603,0.05946636348679283,0.05358804446443944,0.14285714285714285,0.0,0.0,1.0,9.875,0.3333333333333333
Race 6 - TEMORA - 2026-06-24,2026-06-24,period1,1,0,2.15,0.359419670893095,False,False,0.359419670893095,0.4191809883325789,0.42136317151238234,0.38926341564272793,0.4075363723878262,0.4075363723878262,0.359419670893095,0.3716162081498853,0.125,0.0,0.0,,1.333333333333333,
Race 6 - TEMORA - 2026-06-24,2026-06-24,period1,2,0,13.0,0.05944248403231957,False,False,0.05944248403231957,0.061486189649789504,0.0618588718818699,0.06062882399600702,0.06111323349397765,0.06111323349397765,0.059442484032319574,0.05838749104931602,0.125,0.0,1.0,,1.208333333333333,
Race 6 - TEMORA - 2026-06-24,2026-06-24,period1,3,0,1.95,0.39628322688213047,True,False,0.39628322688213047,0.331023413767796,0.3309275645949022,0.36322361906331935,0.324888232488745,0.324888232488745,0.3962832268821305,0.38737064003157473,0.125,0.0,0.0,,1.875,
Race 6 - TEMORA - 2026-06-24,2026-06-24,period1,4,0,11.0,0.07025020840183221,False,False,0.07025020840183221,0.07917048631175848,0.0783434141947972,0.0747906562841664,0.08212648139992229,0.08212648139992229,0.07025020840183221,0.07012173598816317,0.125,0.0,0.0,,7.625,
Race 6 - TEMORA - 2026-06-24,2026-06-24,period1,5,1,15.0,0.05151681949467696,False,False,0.05151681949467696,0.04578552273166133,0.04548474911336472,0.0487057784930438,0.05042840998248849,0.05042840998248849,0.051516819494676964,0.050501311950676156,0.125,0.0,0.0,,-4.916666666666666,
Race 6 - TEMORA - 2026-06-24,2026-06-24,period1,6,0,101.0,0.007651012796239152,False,False,0.007651012796239152,0.007036042067807206,0.006971136197510732,0.007358097821498439,0.008113271665902427,0.008113271665902427,0.0076510127962391514,0.007515221620208989,0.125,0.0,0.0,,4.708333333333333,
Race 6 - TEMORA - 2026-06-24,2026-06-24,period1,7,0,46.0,0.016798962878699007,False,False,0.016798962878699007,0.01780392849775717,0.017489785413375855,0.017343671346915092,0.021329242846109948,0.021329242846109948,0.01679896287869901,0.016500812687850176,0.125,0.0,0.0,,5.333333333333334,
Race 6 - TEMORA - 2026-06-24,2026-06-24,period1,8,0,20.0,0.03863761462100772,False,True,0.03863761462100772,0.038513428640851374,0.03756130709179709,0.03868593735232199,0.044464755735028005,0.044464755735028005,0.03863761462100771,0.03798657852232557,0.125,0.0,0.0,,-2.708333333333333,
Race 7 - CAPALABA - 2026-06-24,2026-06-24,period1,1,0,4.5,0.16659699603446296,False,False,0.16659699603446296,0.18066421885502953,0.18239046450961696,0.17374248495024325,0.19425505577626156,0.19425505577626156,0.166596996034463,0.1816888117353259,0.125,0.0,0.0,,-1.916666666666667,0.6666666666666666
Race 7 - CAPALABA - 2026-06-24,2026-06-24,period1,2,0,10.0,0.07496864821550835,False,False,0.07496864821550835,0.0813373711428767,0.08185980185750887,0.07820261537290561,0.08695355539895627,0.08695355539895627,0.07496864821550836,0.07824566965586745,0.125,0.0,0.0,,2.625,0.3333333333333333
Race 7 - CAPALABA - 2026-06-24,2026-06-24,period1,3,0,7.0,0.10709806887929761,False,False,0.10709806887929761,0.09006495952128227,0.09086553695334058,0.09835696536559038,0.09462330683147256,0.09462330683147256,0.1070980688792976,0.10495636361939283,0.125,0.0,0.0,,-0.6666666666666665,0.5
Race 7 - CAPALABA - 2026-06-24,2026-06-24,period1,4,1,4.4,0.17038329139888259,False,False,0.17038329139888259,0.17717298722756922,0.1772071992041222,0.17399975123528597,0.18044065724038907,0.18044065724038907,0.1703832913988826,0.1810460191840495,0.125,0.0,0.0,,4.0,0.16666666666666666
Race 7 - CAPALABA - 2026-06-24,2026-06-24,period1,5,0,1.85,0.405235936300045,False,False,0.405235936300045,0.41568933045608597,0.41302580671455225,0.41103119754581263,0.39481453432532343,0.39481453432532343,0.40523593630004506,0.37769147703631223,0.125,0.0,0.0,,-2.6666666666666665,0.0
Race 7 - CAPALABA - 2026-06-24,2026-06-24,period1,6,0,101.0,0.0074226384371790435,False,False,0.0074226384371790435,0.005227985127296908,0.005206566424422289,0.006238536158701551,0.004768389800265441,0.004768389800265441,0.007422638437179041,0.00750758519232104,0.125,0.0,0.0,,-5.958333333333333,
Race 7 - CAPALABA - 2026-06-24,2026-06-24,period1,7,0,21.0,0.035699356293099206,False,False,0.035699356293099206,0.026344056967023743,0.02615223500481152,0.030711985413318398,0.02343399589221425,0.02343399589221425,0.035699356293099206,0.03603570526238816,0.125,0.0,0.0,,0.875,0.8333333333333334
Race 7 - CAPALABA - 2026-06-24,2026-06-24,period1,8,0,23.0,0.032595064441525365,False,False,0.032595064441525365,0.023499090702835707,0.023292389331625384,0.02771646395814202,0.020710504735117343,0.020710504735117343,0.032595064441525365,0.03282836831434313,0.125,0.0,0.0,,-4.291666666666666,0.8333333333333334
Race 8 - CAPALABA - 2026-06-24,2026-06-24,period1,1,0,5.5,0.13638516883739335,False,False,0.13638516883739335,0.1250941877729493,0.12747034138098054,0.13105768310503246,0.14116776118003851,0.14116776118003851,0.13638516883739335,0.1223534241831065,0.125,0.0,0.0,,0.9166666666666665,0.2857142857142857
Race 8 - CAPALABA - 2026-06-24,2026-06-24,period1,2,0,23.0,0.03261384472198536,False,False,0.03261384472198536,0.030047933164089186,0.030486115543160438,0.03141005155708723,0.03272460264457127,0.03272460264457127,0.03261384472198537,0.029468799337208217,0.125,0.0,0.0,,1.5833333333333335,1.0
Race 8 - CAPALABA - 2026-06-24,2026-06-24,period1,3,0,5.0,0.1500236857211327,False,False,0.1500236857211327,0.20739719381806868,0.20795780332638034,0.17698713566391222,0.2206178865370969,0.2206178865370969,0.15002368572113273,0.14820400396064282,0.125,0.0,0.0,,-3.166666666666667,0.42857142857142855
Race 8 - CAPALABA - 2026-06-24,2026-06-24,period1,4,0,11.0,0.06819258441869668,False,False,0.06819258441869668,0.060608063525317515,0.06089576464464384,0.06450511093899058,0.059481791441449716,0.059481791441449716,0.06819258441869668,0.06161658043234445,0.125,0.0,0.0,,1.625,0.14285714285714285
Race 8 - CAPALABA - 2026-06-24,2026-06-24,period1,5,1,20.0,0.037505921430283175,False,True,0.037505921430283175,0.04705304970859781,0.047039205947545265,0.042150638305394277,0.050694412624116024,0.050694412624116024,0.03750592143028318,0.03449082554268981,0.125,0.0,0.0,,-0.708333333333333,0.5714285714285714
Race 8 - CAPALABA - 2026-06-24,2026-06-24,period1,6,0,1.5,0.5000789524037755,True,False,0.5000789524037755,0.45631018732786477,0.45338349047398424,0.47930252599970535,0.4252455034372979,0.4252455034372979,0.5000789524037755,0.5365112959496654,0.125,0.0,0.0,,-2.0416666666666665,0.0
Race 8 - CAPALABA - 2026-06-24,2026-06-24,period1,7,0,19.0,0.03947991729503491,False,False,0.03947991729503491,0.0392649841392812,0.03894362845711388,0.03950491918322184,0.03800561363128016,0.03800561363128016,0.03947991729503491,0.035079718939305345,0.125,0.0,0.0,,-2.875,0.7142857142857143
Race 8 - CAPALABA - 2026-06-24,2026-06-24,period1,8,0,21.0,0.03571992517169825,False,False,0.03571992517169825,0.03422440054383173,0.03382365022619139,0.03508193524665605,0.03206242850414964,0.03206242850414964,0.03571992517169826,0.03227535165503759,0.125,0.0,0.0,,-1.166666666666667,0.8571428571428571
Race 8 - SAL - 2026-06-24,2026-06-24,period1,1,1,3.6,0.21349149746734922,False,False,0.21349149746734922,0.21531192867593776,0.21885069744728552,0.21467473429652237,0.1900778035516394,0.1900778035516394,0.21349149746734922,0.2146771724913315,0.125,0.0,0.0,0.0,1.875,0.3333333333333333
Race 8 - SAL - 2026-06-24,2026-06-24,period1,2,0,4.4,0.17467486156419482,False,False,0.17467486156419482,0.16071827994466875,0.162188810766592,0.16776618874593704,0.14314238409840513,0.14314238409840513,0.17467486156419482,0.1711553807426339,0.125,0.0,0.0,1.0,-1.416666666666666,0.8333333333333334
Race 8 - SAL - 2026-06-24,2026-06-24,period1,3,0,14.0,0.05489781363446122,False,False,0.05489781363446122,0.0512375696847308,0.05152624048894539,0.05310414024063454,0.046975564586652134,0.046975564586652134,0.05489781363446122,0.05560776164021915,0.125,0.0,0.0,,5.75,0.16666666666666666
Race 8 - SAL - 2026-06-24,2026-06-24,period1,4,0,10.0,0.07685693908824573,False,False,0.07685693908824573,0.0655933156344997,0.06555251608907078,0.07109317841613817,0.05958673659131626,0.05958673659131626,0.07685693908824574,0.07724433474992135,0.125,0.0,0.0,,-6.25,0.0
Race 8 - SAL - 2026-06-24,2026-06-24,period1,5,0,6.5,0.11824144475114727,False,False,0.11824144475114727,0.14598755157158488,0.14534575820125467,0.1315525809327994,0.158272048989777,0.158272048989777,0.1182414447511473,0.1207783499908114,0.125,0.0,0.0,,-12.0,1.0
Race 8 - SAL - 2026-06-24,2026-06-24,period1,6,0,3.3,0.23289981541892643,False,False,0.23289981541892643,0.24167131840688003,0.2393088523522995,0.23754928334583125,0.27027845204562617,0.27027845204562617,0.23289981541892646,0.23310149534926253,0.125,0.0,0.0,,-6.875,0.5
Race 8 - SAL - 2026-06-24,2026-06-24,period1,7,0,16.0,0.04803558693015358,False,False,0.04803558693015358,0.046490489765342924,0.04574582801007228,0.047317327571426177,0.04861896272196583,0.04861896272196583,0.048035586930153584,0.04689241798780874,0.125,0.0,0.0,,-1.791666666666667,0.6666666666666666
Race 8 - SAL - 2026-06-24,2026-06-24,period1,8,0,9.5,0.08090204114552181,False,False,0.08090204114552181,0.07298954631635522,0.0714812966444798,0.07694256645071099,0.08304804741461806,0.08304804741461806,0.08090204114552181,0.08054308704801161,0.125,0.0,0.0,,1.583333333333334,
Race 1 - WRGL - 2026-06-25,2026-06-25,period1,1,0,21.0,0.0352516806033776,False,False,0.0352516806033776,0.031408539407030464,0.032118141700876984,0.03329840051770237,0.027967079659829308,0.027967079659829308,0.0352516806033776,0.03460635602472316,0.14285714285714285,0.0,1.0,,-1.916666666666666,
Race 1 - WRGL - 2026-06-25,2026-06-25,period1,2,0,14.0,0.052877520905066394,False,False,0.052877520905066394,0.056375576722535604,0.057261368363688704,0.05463747625168359,0.053184264862233536,0.053184264862233536,0.05287752090506639,0.05211960202926972,0.14285714285714285,0.0,0.0,,2.625,
Race 1 - WRGL - 2026-06-25,2026-06-25,period1,3,1,2.5,0.2961141170683719,False,False,0.2961141170683719,0.2857329377991973,0.2887262983583926,0.2910846463475166,0.25661796996879643,0.25661796996879643,0.2961141170683719,0.2957681326565332,0.14285714285714285,0.0,0.0,,-5.125,
Race 1 - WRGL - 2026-06-25,2026-06-25,period1,4,0,12.0,0.061690441055910795,False,False,0.061690441055910795,0.04951367868401453,0.04988563893369812,0.05530713013417379,0.04648362842264351,0.04648362842264351,0.061690441055910795,0.06112082483877953,0.14285714285714285,1.0,0.0,,,
Race 1 - WRGL - 2026-06-25,2026-06-25,period1,6,0,12.0,0.061690441055910795,False,False,0.061690441055910795,0.0644127066101161,0.06427726071380511,0.06308183250338681,0.06391415850566849,0.06391415850566849,0.061690441055910795,0.06080620236748135,0.14285714285714285,0.0,0.0,,1.583333333333333,
Race 1 - WRGL - 2026-06-25,2026-06-25,period1,7,0,5.0,0.14805705853418594,False,False,0.14805705853418594,0.1434407642156408,0.1424860046411627,0.14583455565285583,0.1592780816173315,0.1592780816173315,0.14805705853418594,0.1444905509683818,0.14285714285714285,1.0,0.0,,,
Race 1 - WRGL - 2026-06-25,2026-06-25,period1,8,0,2.15,0.34431874077717656,False,False,0.34431874077717656,0.36911579656146515,0.36524528728837574,0.356755958592681,0.39255481696349714,0.39255481696349714,0.3443187407771765,0.3510883311148313,0.14285714285714285,0.0,0.0,,-3.083333333333334,
Race 10 - RICHMOND-STRAIGHT - 2026-06-25,2026-06-25,period1,1,0,14.0,0.05378922822385456,False,False,0.05378922822385456,0.04585715648270216,0.046547307865595335,0.04982367914958164,0.04044253757003477,0.04044253757003477,0.053789228223854575,0.048860805266050994,0.14285714285714285,0.0,1.0,,-1.916666666666667,
Race 10 - RICHMOND-STRAIGHT - 2026-06-25,2026-06-25,period1,2,1,1.35,0.557814218617751,False,False,0.557814218617751,0.6351117278597856,0.6367497842304601,0.5971101219949286,0.6427091020853959,0.6427091020853959,0.5578142186177509,0.6130412110820017,0.14285714285714285,0.0,0.0,,2.958333333333333,
Race 10 - RICHMOND-STRAIGHT - 2026-06-25,2026-06-25,period1,3,0,71.0,0.010606326692027662,False,False,0.010606326692027662,0.007850941244995172,0.007895094415026036,0.00915435901430087,0.007223398528314709,0.007223398528314709,0.010606326692027667,0.009366543939769004,0.14285714285714285,0.0,1.0,,8.416666666666668,
Race 10 - RICHMOND-STRAIGHT - 2026-06-25,2026-06-25,period1,4,0,5.0,0.15060983902679279,False,False,0.15060983902679279,0.12183456333110029,0.12187262979219429,0.13589281799594097,0.11251464625051344,0.11251464625051344,0.15060983902679279,0.13049738321306742,0.14285714285714285,0.0,0.0,,0.5833333333333335,
Race 10 - RICHMOND-STRAIGHT - 2026-06-25,2026-06-25,period1,6,0,7.0,0.10757845644770912,False,False,0.10757845644770912,0.08695503351011413,0.08609400508001004,0.09702744484672679,0.0852519818471064,0.0852519818471064,0.1075784564477091,0.09289553158854591,0.14285714285714285,0.0,0.0,,-0.708333333333333,
Race 10 - RICHMOND-STRAIGHT - 2026-06-25,2026-06-25,period1,7,0,10.0,0.07530491951339639,False,False,0.07530491951339639,0.06650965414449721,0.06554183310614223,0.07099677083273206,0.07350218390218255,0.07350218390218255,0.07530491951339642,0.06597283796656292,0.14285714285714285,0.0,0.0,,1.4166666666666667,
Race 10 - RICHMOND-STRAIGHT - 2026-06-25,2026-06-25,period1,8,0,17.0,0.044297011478468463,False,False,0.044297011478468463,0.03588092342680542,0.035299345510571706,0.039994806165788946,0.03835614981645228,0.03835614981645228,0.04429701147846844,0.03936568694400179,0.14285714285714285,0.0,0.0,,2.541666666666667,
Race 2 - CASO - 2026-06-25,2026-06-25,period1,2,0,6.5,0.11814086762532325,False,False,0.11814086762532325,0.13088272578426205,0.13318688278917476,0.1244091642898929,0.13121771943547186,0.13121771943547186,0.11814086762532325,0.11993919164214835,0.16666666666666666,0.0,0.0,1.0,1.416666666666667,0.0
Race 2 - CASO - 2026-06-25,2026-06-25,period1,3,0,10.0,0.07679156395646011,False,False,0.07679156395646011,0.07489599544525587,0.0761752233388711,0.07587473446439578,0.07361726311203674,0.07361726311203674,0.07679156395646011,0.07753534681968353,0.16666666666666666,0.0,0.0,0.0,4.166666666666667,0.8
Race 2 - CASO - 2026-06-25,2026-06-25,period1,4,0,23.0,0.033387636502808744,False,False,0.033387636502808744,0.03256655007505647,0.03300596452314303,0.03299057192916985,0.032999675105501294,0.032999675105501294,0.03338763650280874,0.03385439153408903,0.16666666666666666,0.0,1.0,1.0,5.416666666666667,1.0
Race 2 - CASO - 2026-06-25,2026-06-25,period1,6,0,4.0,0.19197890989115027,False,False,0.19197890989115027,0.17921041543011906,0.17946538196169803,0.1855750187663825,0.17647874309839384,0.17647874309839384,0.19197890989115027,0.19354986175240152,0.16666666666666666,0.0,0.0,0.0,-4.5,0.6
Race 2 - CASO - 2026-06-25,2026-06-25,period1,7,0,6.0,0.1279859399274335,False,False,0.1279859399274335,0.11605314453331496,0.11574157957231544,0.12193284765072397,0.10943664826689602,0.10943664826689602,0.1279859399274335,0.1285904747086186,0.16666666666666666,0.0,0.0,0.0,0.0,0.4
Race 2 - CASO - 2026-06-25,2026-06-25,period1,8,1,1.7,0.4517150820968242,False,False,0.4517150820968242,0.4663911687319916,0.4624249678147975,0.459217662899435,0.47624995098170025,0.47624995098170025,0.4517150820968242,0.4465307335430589,0.16666666666666666,0.0,0.0,1.0,0.791666666666667,0.2
Race 2 - WRGL - 2026-06-25,2026-06-25,period1,1,1,1.8,0.43677208978392473,False,False,0.43677208978392473,0.43779627112144076,0.4412203715688601,0.4373474895534025,0.4603440125948352,0.4603440125948352,0.4367720897839247,0.47658349546019985,0.2,1.0,0.0,,,
Race 2 - WRGL - 2026-06-25,2026-06-25,period1,2,0,3.9,0.20158711836181145,False,False,0.20158711836181145,0.2026663793961527,0.20315603287663758,0.20215543054263302,0.19005080265331634,0.19005080265331634,0.20158711836181142,0.1905039407752766,0.2,0.0,0.0,,0.791666666666667,
Race 2 - WRGL - 2026-06-25,2026-06-25,period1,4,0,2.9,0.27109991779691883,False,False,0.27109991779691883,0.2774718040753334,0.27538495852236605,0.2743072532468253,0.26954204891928435,0.26954204891928435,0.27109991779691883,0.2492544715630102,0.2,0.0,0.0,,5.416666666666667,
Race 2 - WRGL - 2026-06-25,2026-06-25,period1,5,0,101.0,0.007784057045654104,False,False,0.007784057045654104,0.00812464601784148,0.008043110812565717,0.007953685212422214,0.008508563887238304,0.008508563887238304,0.007784057045654105,0.007411949625663683,0.2,0.0,0.0,,-10.916666666666668,
Race 2 - WRGL - 2026-06-25,2026-06-25,period1,8,0,9.5,0.08275681701169099,False,False,0.08275681701169099,0.07394089938923161,0.07219552621957065,0.07823614144471691,0.07155457194532586,0.07155457194532586,0.082756817011691,0.0762461425758497,0.2,0.0,0.0,,-2.375,
Race 3 - CASO - 2026-06-25,2026-06-25,period1,1,0,3.2,0.24024253746366364,False,False,0.24024253746366364,0.23593708346182585,0.24024389343170172,0.23868210878060175,0.23619791733726364,0.23619791733726364,0.2402425374636636,0.23330054471414405,0.14285714285714285,0.0,0.0,0.0,-0.25,1.0
Race 3 - CASO - 2026-06-25,2026-06-25,period1,2,0,13.0,0.059136624606440286,False,True,0.059136624606440286,0.06429155699485918,0.06512497890484746,0.061816163468108636,0.06825101706352749,0.06825101706352749,0.059136624606440286,0.0593101762619968,0.14285714285714285,0.0,0.0,1.0,-5.416666666666666,0.6666666666666666
Race 3 - CASO - 2026-06-25,2026-06-25,period1,3,0,6.5,0.11827324921288057,False,False,0.11827324921288057,0.09128272087646705,0.09151226243792956,0.1041680086871733,0.08295674170972332,0.08295674170972332,0.11827324921288059,0.11589490312434893,0.14285714285714285,1.0,0.0,,,
Race 3 - CASO - 2026-06-25,2026-06-25,period1,4,0,9.0,0.0854195688759693,False,False,0.0854195688759693,0.06693383581314079,0.06710471308824834,0.07580508767984626,0.061400916114369486,0.061400916114369486,0.0854195688759693,0.0843022602616307,0.14285714285714285,0.0,0.0,,2.875,
Race 3 - CASO - 2026-06-25,2026-06-25,period1,6,0,51.0,0.015074041566347523,False,False,0.015074041566347523,0.012448938063955053,0.012407514423313944,0.013733392019548487,0.01144161265162178,0.01144161265162178,0.015074041566347516,0.015132092685630679,0.14285714285714285,0.0,0.0,,-2.166666666666666,
Race 3 - CASO - 2026-06-25,2026-06-25,period1,7,1,2.7,0.284731896253231,False,False,0.284731896253231,0.33339317727700124,0.3309985738598278,0.30888244333091747,0.3407452535140646,0.3407452535140646,0.284731896253231,0.29470176797406356,0.14285714285714285,0.0,0.0,0.0,-0.29166666666666696,0.3333333333333333
Race 3 - CASO - 2026-06-25,2026-06-25,period1,8,0,3.9,0.19712208202146764,False,False,0.19712208202146764,0.19571268751275075,0.19260806385413115,0.19691279603380418,0.19900654160942974,0.19900654160942974,0.19712208202146764,0.19735825497818532,0.14285714285714285,0.0,1.0,1.0,3.8333333333333335,0.0
Race 5 - CASO - 2026-06-25,2026-06-25,period1,1,0,5.5,0.14049183620763867,False,False,0.14049183620763867,0.14100066016745672,0.1430993354329532,0.1412007967687436,0.13876187622396477,0.13876187622396477,0.1404918362076387,0.14476074171417588,0.14285714285714285,0.0,0.0,1.0,0.708333333333333,1.0
Race 5 - CASO - 2026-06-25,2026-06-25,period1,2,0,3.4,0.22726620563000371,False,False,0.22726620563000371,0.2808107990096483,0.28207941023597627,0.2534401186282854,0.29212983734807874,0.29212983734807874,0.22726620563000374,0.226696802325369,0.14285714285714285,0.0,0.0,0.0,-4.125,0.0
Race 5 - CASO - 2026-06-25,2026-06-25,period1,3,0,9.0,0.08585612212689028,False,False,0.08585612212689028,0.09433307834456639,0.09469309974049954,0.09028563727141199,0.0969484823210504,0.0969484823210504,0.08585612212689028,0.08576227335277921,0.14285714285714285,0.0,0.0,1.0,-2.0,0.25
Race 5 - CASO - 2026-06-25,2026-06-25,period1,4,1,4.8,0.1609802289879193,False,False,0.1609802289879193,0.15114584864801148,0.1511397213833946,0.15648957537008246,0.1397165145630717,0.1397165145630717,0.16098022898791933,0.16160899410512403,0.14285714285714285,0.0,0.0,1.0,-2.208333333333333,0.5
Race 5 - CASO - 2026-06-25,2026-06-25,period1,6,0,51.0,0.015151080375333581,False,False,0.015151080375333581,0.017247996929358803,0.017072680148195275,0.016217808357274623,0.018387345194600602,0.018387345194600602,0.015151080375333581,0.015706702941020886,0.14285714285714285,0.0,0.0,,2.166666666666667,0.75
Race 5 - CASO - 2026-06-25,2026-06-25,period1,7,0,6.0,0.12878418319033544,False,False,0.12878418319033544,0.12620420364386511,0.12435540759649238,0.1278996053095735,0.11787815320922011,0.11787815320922011,0.12878418319033544,0.12966512742490888,0.14285714285714285,0.0,0.0,,-1.666666666666667,
Race 5 - CASO - 2026-06-25,2026-06-25,period1,8,0,3.2,0.24147034348187896,False,False,0.24147034348187896,0.18925741325709328,0.1875603454624888,0.21446645829462851,0.19617779114001369,0.19617779114001369,0.241470343481879,0.23579935813662212,0.14285714285714285,1.0,1.0,,,
Race 5 - RICHMOND-STRAIGHT - 2026-06-25,2026-06-25,period1,1,0,9.5,0.07838024799121922,False,False,0.07838024799121922,0.07167284786584122,0.07331138185437826,0.0751038743431035,0.058669856587992814,0.058669856587992814,0.07838024799121925,0.07872181302818809,0.125,0.0,0.0,,-0.08333333333333304,
Race 5 - RICHMOND-STRAIGHT - 2026-06-25,2026-06-25,period1,2,0,10.0,0.07446123559165826,False,False,0.07446123559165826,0.07368485383828835,0.07500117657272681,0.07422255950233808,0.06574215842699788,0.06574215842699788,0.07446123559165828,0.07493555692443794,0.125,0.0,0.0,,-2.5,
Race 5 - RICHMOND-STRAIGHT - 2026-06-25,2026-06-25,period1,3,0,18.0,0.04136735310647681,False,False,0.04136735310647681,0.03282939158778498,0.03317702889658803,0.03692682582220822,0.029369448501827402,0.029369448501827402,0.04136735310647682,0.04128736394834772,0.125,0.0,1.0,,5.916666666666666,
Race 5 - RICHMOND-STRAIGHT - 2026-06-25,2026-06-25,period1,4,0,51.0,0.014600242272874169,False,False,0.014600242272874169,0.015960464307526828,0.016053088640286598,0.015296232844411077,0.01586213189669227,0.01586213189669227,0.014600242272874169,0.014858575444446675,0.125,0.0,0.0,,-2.791666666666667,
Race 5 - RICHMOND-STRAIGHT - 2026-06-25,2026-06-25,period1,5,0,12.0,0.06205102965971522,False,False,0.06205102965971522,0.06920850898937878,0.06924250620937361,0.06566530062082741,0.0708690023432519,0.0708690023432519,0.06205102965971525,0.06023536818737771,0.125,0.0,0.0,,2.083333333333333,
Race 5 - RICHMOND-STRAIGHT - 2026-06-25,2026-06-25,period1,6,1,2.1,0.3545773123412298,False,False,0.3545773123412298,0.40625243633613684,0.4051879736169754,0.38030773212192337,0.41670570617299246,0.41670570617299246,0.3545773123412299,0.36072119102929956,0.125,0.0,0.0,,0.948,
Race 5 - RICHMOND-STRAIGHT - 2026-06-25,2026-06-25,period1,7,0,3.3,0.2256401078535099,False,False,0.2256401078535099,0.2026249596872241,0.20143747711533547,0.21425763861726319,0.20554503706928276,0.20554503706928276,0.22564010785350994,0.22148113197218192,0.125,0.0,0.0,,-2.541666666666667,
Race 5 - RICHMOND-STRAIGHT - 2026-06-25,2026-06-25,period1,8,0,5.0,0.14892247118331653,False,False,0.14892247118331653,0.127766537387819,0.12658936709433588,0.13821983612792504,0.13723665900096255,0.13723665900096255,0.14892247118331656,0.14775899946572035,0.125,0.0,0.0,,-0.125,
Race 6 - RICHMOND-STRAIGHT - 2026-06-25,2026-06-25,period1,1,0,18.0,0.04167652950872268,False,False,0.04167652950872268,0.03440985348944407,0.0351497840912616,0.03789633472115787,0.028817405721945456,0.028817405721945456,0.041676529508722686,0.04140631461295707,0.125,0.0,0.0,,3.2083333333333335,
Race 6 - RICHMOND-STRAIGHT - 2026-06-25,2026-06-25,period1,2,0,23.0,0.032616414398130796,False,False,0.032616414398130796,0.029094758381175978,0.029684678482402336,0.03082730135503483,0.025796934318504553,0.025796934318504553,0.032616414398130796,0.03377921163686627,0.125,0.0,0.0,,-2.0,
Race 6 - RICHMOND-STRAIGHT - 2026-06-25,2026-06-25,period1,3,0,91.0,0.008243709133593497,False,False,0.008243709133593497,0.006271045451739931,0.006334446135937029,0.007195174425337882,0.00552672110372323,0.00552672110372323,0.0082437091335935,0.008376820138469744,0.125,0.0,0.0,,5.2396666666666665,
Race 6 - RICHMOND-STRAIGHT - 2026-06-25,2026-06-25,period1,4,0,2.3,0.326164143981308,False,False,0.326164143981308,0.32753464359295265,0.3301643542911771,0.3270820805988323,0.32413747581160485,0.32413747581160485,0.326164143981308,0.32695787919018693,0.125,0.0,0.0,,-2.5,
Race 6 - RICHMOND-STRAIGHT - 2026-06-25,2026-06-25,period1,5,0,8.5,0.08825618013611862,False,False,0.08825618013611862,0.08688736340024701,0.08712584860891738,0.08763163102633488,0.089793195353618,0.089793195353618,0.08825618013611863,0.08776309443477712,0.125,0.0,0.0,,-1.625,
Race 6 - RICHMOND-STRAIGHT - 2026-06-25,2026-06-25,period1,6,1,3.8,0.19741513977816005,False,False,0.19741513977816005,0.22114321417498847,0.2203059897739289,0.20909182772444665,0.21180855156976905,0.21180855156976905,0.19741513977816005,0.20338254520627794,0.125,0.0,0.0,,-2.5,
Race 6 - RICHMOND-STRAIGHT - 2026-06-25,2026-06-25,period1,7,0,27.0,0.02778435300581512,False,False,0.02778435300581512,0.02931308264892855,0.029204775145960333,0.0285588629706604,0.03213507465885524,0.03213507465885524,0.027784353005815117,0.02907500432620785,0.125,0.0,0.0,,-0.16666666666666696,
Race 6 - RICHMOND-STRAIGHT - 2026-06-25,2026-06-25,period1,8,0,2.7,0.2778435300581512,False,False,0.2778435300581512,0.26534603886052344,0.26203012347041527,0.27171678717819525,0.2819846414619795,0.2819846414619795,0.2778435300581512,0.2692591304542571,0.125,0.0,0.0,,-0.04166666666666652,
Race 7 - RICHMOND-STRAIGHT - 2026-06-25,2026-06-25,period1,1,0,26.0,0.029783661296865032,False,False,0.029783661296865032,0.029450196073962105,0.029871400005965852,0.029633792533961967,0.027073440827299525,0.027073440827299525,0.029783661296865018,0.03014756988027584,0.125,0.0,0.0,,4.541666666666666,
Race 7 - RICHMOND-STRAIGHT - 2026-06-25,2026-06-25,period1,2,0,2.1,0.36875009224690036,False,False,0.36875009224690036,0.36704000980035817,0.37024742478024714,0.3681093691589151,0.33545707642249245,0.33545707642249245,0.36875009224690036,0.3792985964107743,0.125,0.0,0.0,,1.0833333333333335,
Race 7 - RICHMOND-STRAIGHT - 2026-06-25,2026-06-25,period1,3,0,5.5,0.14079548976699832,False,False,0.14079548976699832,0.14662385091634028,0.14742617451356493,0.1437642095402063,0.14150454002483165,0.14150454002483165,0.14079548976699832,0.13638387095825766,0.125,0.0,0.0,,0.625,
Race 7 - RICHMOND-STRAIGHT - 2026-06-25,2026-06-25,period1,4,0,19.0,0.04075658914307846,False,False,0.04075658914307846,0.03999187648518735,0.039906532108517724,0.0403960504110434,0.042488281615233464,0.042488281615233464,0.040756589143078475,0.04121688109403385,0.125,0.0,0.0,,-4.916666666666667,
Race 7 - RICHMOND-STRAIGHT - 2026-06-25,2026-06-25,period1,5,0,5.0,0.15487503874369815,False,False,0.15487503874369815,0.16494108639915575,0.16388626724923183,0.15992237762155098,0.1664044905587195,0.1664044905587195,0.15487503874369812,0.1523383527842019,0.125,0.0,0.0,,1.5416666666666665,
Race 7 - RICHMOND-STRAIGHT - 2026-06-25,2026-06-25,period1,6,1,16.0,0.04839844960740567,False,False,0.04839844960740567,0.042006589514923,0.04168194894729409,0.04511578671715385,0.04578894799271805,0.04578894799271805,0.048398449607405664,0.047898749524617215,0.125,0.0,0.0,,-2.916666666666667,
Race 7 - RICHMOND-STRAIGHT - 2026-06-25,2026-06-25,period1,7,0,4.8,0.16132816535801892,False,False,0.16132816535801892,0.1458031679634878,0.14406814236842658,0.15345911037873758,0.16739483888407183,0.16739483888407183,0.1613281653580189,0.15627318547300356,0.125,0.0,0.0,,-1.2083333333333335,
Race 7 - RICHMOND-STRAIGHT - 2026-06-25,2026-06-25,period1,8,0,14.0,0.05531251383703505,False,True,0.05531251383703505,0.06414322284658551,0.06291211002675184,0.059599303638430724,0.0738883836746334,0.0738883836746334,0.05531251383703504,0.05644279387483576,0.125,0.0,0.0,,-3.833333333333333,
Race 8 - RICHMOND-STRAIGHT - 2026-06-25,2026-06-25,period1,1,1,2.9,0.2648914850978554,False,False,0.2648914850978554,0.2672624924612285,0.26991683933059957,0.2662133151222621,0.22457593552654007,0.22457593552654007,0.2648914850978553,0.24045365402604513,0.14285714285714285,0.0,0.0,,-0.875,
Race 8 - RICHMOND-STRAIGHT - 2026-06-25,2026-06-25,period1,2,0,71.0,0.010819511363151837,False,False,0.010819511363151837,0.01207428385570845,0.012121194128145198,0.011435661244455926,0.011410953223937885,0.011410953223937885,0.010819511363151832,0.009856189090553538,0.14285714285714285,0.0,0.0,,-1.208333333333333,
Race 8 - RICHMOND-STRAIGHT - 2026-06-25,2026-06-25,period1,3,0,21.0,0.03658025270398954,False,False,0.03658025270398954,0.04005942680872746,0.03998216108976129,0.038300327147119596,0.03627552859564616,0.03627552859564616,0.03658025270398953,0.032644587229359034,0.14285714285714285,0.0,0.0,,1.5416666666666665,
Race 8 - RICHMOND-STRAIGHT - 2026-06-25,2026-06-25,period1,4,0,1.5,0.5121235378558536,False,False,0.5121235378558536,0.5226350343131082,0.5219863090153886,0.5176227972760138,0.5479817733456742,0.5479817733456742,0.5121235378558535,0.5535417839529079,0.14285714285714285,0.0,0.0,,-8.083333333333334,
Race 8 - RICHMOND-STRAIGHT - 2026-06-25,2026-06-25,period1,6,0,35.0,0.021948151622393726,False,False,0.021948151622393726,0.024037923929010246,0.023804873934581493,0.022981280391522946,0.027951743311112397,0.027951743311112397,0.021948151622393722,0.02115192870789855,0.14285714285714285,0.0,1.0,,2.625,
Race 8 - RICHMOND-STRAIGHT - 2026-06-25,2026-06-25,period1,7,0,7.5,0.10242470757117073,False,False,0.10242470757117073,0.09330016303360443,0.09211165437320941,0.09780708939990719,0.11021732066303798,0.11021732066303798,0.1024247075711707,0.09599456536602843,0.14285714285714285,0.0,0.0,,-4.75,
Race 8 - RICHMOND-STRAIGHT - 2026-06-25,2026-06-25,period1,8,0,15.0,0.05121235378558536,False,False,0.05121235378558536,0.04063067559861253,0.040076968128314426,0.04563952941871855,0.04158674533405133,0.04158674533405133,0.05121235378558536,0.04635729162720734,0.14285714285714285,0.0,0.0,,-3.3595,
Race 9 - RICHMOND-STRAIGHT - 2026-06-25,2026-06-25,period1,1,1,1.95,0.39689382056406525,True,False,0.39689382056406525,0.3611304870935184,0.36736549457004464,0.3792954993110972,0.31272406647622175,0.31272406647622175,0.3968938205640653,0.3893873312689928,0.16666666666666666,0.0,1.0,,-3.208333333333333,
Race 9 - RICHMOND-STRAIGHT - 2026-06-25,2026-06-25,period1,2,0,61.0,0.012687589345900446,False,False,0.012687589345900446,0.009684819205529887,0.009788389221564598,0.011105644305824603,0.008856867566684504,0.008856867566684504,0.012687589345900448,0.012473068316515647,0.16666666666666666,0.0,1.0,,0.5416666666666665,
Race 9 - RICHMOND-STRAIGHT - 2026-06-25,2026-06-25,period1,4,0,46.0,0.016824846741302763,False,False,0.016824846741302763,0.01770498579788178,0.017626842976482433,0.017291465153467397,0.015177614167621775,0.015177614167621775,0.016824846741302767,0.016662098743943313,0.16666666666666666,0.0,0.0,,-0.5416666666666667,
Race 9 - RICHMOND-STRAIGHT - 2026-06-25,2026-06-25,period1,5,0,35.0,0.022112655717140776,False,False,0.022112655717140776,0.018483188806202137,0.01847160064168885,0.020254305023726483,0.01799790725160592,0.01799790725160592,0.022112655717140776,0.022109072579980984,0.16666666666666666,0.0,0.0,,1.125,
Race 9 - RICHMOND-STRAIGHT - 2026-06-25,2026-06-25,period1,7,0,2.3,0.3364969348260553,False,False,0.3364969348260553,0.3933298381378744,0.3900563391876431,0.3644831426269317,0.41643698483785885,0.41643698483785885,0.33649693482605536,0.3512586894583881,0.16666666666666666,0.0,0.0,,4.833333333333334,
Race 9 - RICHMOND-STRAIGHT - 2026-06-25,2026-06-25,period1,8,0,3.6,0.21498415280553534,False,False,0.21498415280553534,0.19966668095899331,0.1966913334025763,0.20756994357895264,0.22880655970000716,0.22880655970000716,0.2149841528055354,0.20810973963217916,0.16666666666666666,0.0,1.0,,1.2916666666666665,
Race 10 - GRDN - 2026-06-26,2026-06-26,period1,1,0,2.1,0.3591326874622946,True,False,0.3591326874622946,0.3692296508526838,0.37380354084306283,0.3647050392016822,0.2951963753327793,0.2951963753327793,0.3591326874622946,0.37371145572719,0.125,0.0,0.0,0.0,-4.708333333333333,0.2
Race 10 - GRDN - 2026-06-26,2026-06-26,period1,2,0,9.0,0.0837976270745354,False,False,0.0837976270745354,0.07982111306907565,0.08053472257048355,0.08191072344571831,0.07047046198759015,0.07047046198759015,0.08379762707453542,0.08290613619392423,0.125,0.0,1.0,1.0,1.75,0.4
Race 10 - GRDN - 2026-06-26,2026-06-26,period1,3,0,12.0,0.06284822030590155,False,False,0.06284822030590155,0.059217164989457456,0.0593419160985139,0.06109931053077772,0.0532583501404072,0.0532583501404072,0.06284822030590155,0.062055397599406245,0.125,0.0,0.0,1.0,-6.145833333333334,0.8
Race 10 - GRDN - 2026-06-26,2026-06-26,period1,4,1,4.5,0.1675952541490708,False,False,0.1675952541490708,0.1362765701809441,0.13577765386350138,0.1513587272271527,0.1346286085559513,0.1346286085559513,0.16759525414907084,0.15971964367971567,0.125,0.0,0.0,,-3.083333333333333,
Race 10 - GRDN - 2026-06-26,2026-06-26,period1,5,0,14.0,0.05386990311934419,False,False,0.05386990311934419,0.051560066507034805,0.05114876108851056,0.052783215472868635,0.05810898297883116,0.05810898297883116,0.0538699031193442,0.052071562327249,0.125,0.0,0.0,,-3.4375,
Race 10 - GRDN - 2026-06-26,2026-06-26,period1,6,0,4.4,0.17140423719791334,False,False,0.17140423719791334,0.18730261421557243,0.18460122528137024,0.1794521673265779,0.23846522848075222,0.23846522848075222,0.17140423719791334,0.16940804205599594,0.125,0.0,0.0,0.0,-1.041666666666667,0.0
Race 10 - GRDN - 2026-06-26,2026-06-26,period1,7,0,11.0,0.06856169487916533,False,True,0.06856169487916533,0.08502364103667967,0.08396997749493651,0.07646745455519677,0.10387565827182814,0.10387565827182814,0.06856169487916532,0.06840305508401662,0.125,0.0,0.0,1.0,-0.08333333333333393,0.6
Race 10 - GRDN - 2026-06-26,2026-06-26,period1,8,0,23.0,0.03279037581177473,False,False,0.03279037581177473,0.03156917914855213,0.030822202759621012,0.032223362240025775,0.04599633425186066,0.04599633425186066,0.032790375811774734,0.03172470733250242,0.125,0.0,0.0,1.0,0.125,1.0
Race 10 - LADBROKES-Q1-LAKESIDE - 2026-06-26,2026-06-26,period1,1,0,46.0,0.016791672855431147,False,False,0.016791672855431147,0.013474430108886323,0.01377958380520362,0.015059116006389326,0.01144217629533866,0.01144217629533866,0.016791672855431147,0.016775808239456565,0.125,0.0,0.0,,-7.916666666666666,
Race 10 - LADBROKES-Q1-LAKESIDE - 2026-06-26,2026-06-26,period1,2,0,6.0,0.12873615855830545,False,False,0.12873615855830545,0.10627403532705597,0.10772292752388309,0.11710114786442326,0.08807818370752694,0.08807818370752694,0.12873615855830545,0.12379459772893617,0.125,0.0,0.0,,-0.125,
Race 10 - LADBROKES-Q1-LAKESIDE - 2026-06-26,2026-06-26,period1,3,0,34.0,0.022718145627936257,False,False,0.022718145627936257,0.01885169344812033,0.019129252889197246,0.02071852900151739,0.016882845852354264,0.016882845852354264,0.022718145627936257,0.02296108553428097,0.125,0.0,0.0,,-1.666666666666667,
Race 10 - LADBROKES-Q1-LAKESIDE - 2026-06-26,2026-06-26,period1,4,1,4.8,0.1609201981978818,False,False,0.1609201981978818,0.16815879948348833,0.16956016837362187,0.1646881579869927,0.16828815997994,0.16828815997994,0.16092019819788186,0.1615020446461003,0.125,0.0,0.0,,-1.666666666666667,
Race 10 - LADBROKES-Q1-LAKESIDE - 2026-06-26,2026-06-26,period1,5,0,5.0,0.15448339026996655,False,False,0.15448339026996655,0.16799743977172793,0.16806626574076391,0.16128334464040517,0.15845455088145266,0.15845455088145266,0.1544833902699666,0.1568800939076019,0.125,0.0,0.0,,-0.4166666666666665,
Race 10 - LADBROKES-Q1-LAKESIDE - 2026-06-26,2026-06-26,period1,6,0,11.0,0.07021972284998479,False,False,0.07021972284998479,0.06327123483886274,0.06339522749894938,0.06673136435697824,0.06991577950489854,0.06991577950489854,0.07021972284998482,0.07024680485621786,0.125,0.0,0.0,,-2.166666666666666,
Race 10 - LADBROKES-Q1-LAKESIDE - 2026-06-26,2026-06-26,period1,7,0,1.85,0.41752267640531493,False,False,0.41752267640531493,0.4365560880752808,0.43310193345895653,0.42742247228153446,0.457397415751933,0.457397415751933,0.41752267640531504,0.41916321506843424,0.125,0.0,0.0,,0.6666666666666667,
Race 10 - LADBROKES-Q1-LAKESIDE - 2026-06-26,2026-06-26,period1,8,0,27.0,0.028608035235178988,False,False,0.028608035235178988,0.025416278946577758,0.025244640709424622,0.02699586786175962,0.029540888026556095,0.029540888026556095,0.028608035235178995,0.028676350018972008,0.125,0.0,0.0,,-2.0,
Race 11 - LADBROKES-Q1-LAKESIDE - 2026-06-26,2026-06-26,period1,1,0,1.9,0.39382632055604094,False,False,0.39382632055604094,0.4149845590679978,0.4190197989192238,0.40470680439120077,0.3886143463466965,0.3886143463466965,0.393826320556041,0.39005102768927097,0.125,0.0,0.0,,5.333333333333333,
Race 11 - LADBROKES-Q1-LAKESIDE - 2026-06-26,2026-06-26,period1,2,0,3.2,0.23383437783014935,False,False,0.23383437783014935,0.2532038739786302,0.254051699085476,0.24359115903581385,0.239952521277721,0.239952521277721,0.23383437783014938,0.22937224126916209,0.125,0.0,0.0,,-0.5416666666666665,
Race 11 - LADBROKES-Q1-LAKESIDE - 2026-06-26,2026-06-26,period1,3,0,20.0,0.0374135004528239,False,False,0.0374135004528239,0.03257234284111527,0.03268370148596538,0.03494707554647225,0.031125161852151573,0.031125161852151573,0.0374135004528239,0.03901362504935032,0.125,0.0,0.0,,-3.333333333333333,
Race 11 - LADBROKES-Q1-LAKESIDE - 2026-06-26,2026-06-26,period1,4,0,34.0,0.022007941442837586,False,False,0.022007941442837586,0.020964995245348825,0.02092898589069261,0.021503505462669072,0.02147027263408394,0.02147027263408394,0.022007941442837593,0.022897741381647935,0.125,0.0,0.0,,5.458333333333334,
Race 11 - LADBROKES-Q1-LAKESIDE - 2026-06-26,2026-06-26,period1,5,0,26.0,0.02877961573294146,False,False,0.02877961573294146,0.023624864425381666,0.023485604654435138,0.02610353512025077,0.02411205471209919,0.02411205471209919,0.02877961573294147,0.02997056827953418,0.125,0.0,0.0,,1.583333333333333,
Race 11 - LADBROKES-Q1-LAKESIDE - 2026-06-26,2026-06-26,period1,6,0,51.0,0.014671960961891722,False,False,0.014671960961891722,0.013305282728358882,0.013096103636043794,0.013987120090718808,0.013234604504432928,0.013234604504432928,0.014671960961891717,0.015037013345654337,0.125,0.0,0.0,,-4.916666666666667,
Race 11 - LADBROKES-Q1-LAKESIDE - 2026-06-26,2026-06-26,period1,7,1,21.0,0.035631905193165614,False,True,0.035631905193165614,0.037402928374955374,0.03675720423143405,0.036546390757096044,0.043746658840587364,0.043746658840587364,0.035631905193165614,0.03808908436674026,0.125,0.0,1.0,,-6.458333333333334,
Race 11 - LADBROKES-Q1-LAKESIDE - 2026-06-26,2026-06-26,period1,8,0,3.2,0.23383437783014935,False,False,0.23383437783014935,0.20394115333821206,0.19997690209672925,0.21861440959577838,0.23774437983222754,0.23774437983222754,0.23383437783014938,0.2355686986186399,0.125,0.0,0.0,,-5.291666666666666,
Race 11 - MURR - 2026-06-26,2026-06-26,period1,1,0,7.5,0.10373504121405806,False,False,0.10373504121405806,0.1049109882879313,0.1059173305226834,0.10443010241654871,0.1090167941947204,0.1090167941947204,0.10373504121405809,0.09385865313448909,0.16666666666666666,0.0,0.0,,-0.2916666666666665,
Race 11 - MURR - 2026-06-26,2026-06-26,period1,2,0,1.24,0.6274296847624481,False,False,0.6274296847624481,0.6572760388619024,0.6589761978617827,0.6428488984669298,0.6664518947742608,0.6664518947742608,0.6274296847624482,0.6636981338749623,0.16666666666666666,0.0,0.0,,-0.7083333333333335,
Race 11 - MURR - 2026-06-26,2026-06-26,period1,4,0,16.0,0.048625800569089724,False,False,0.048625800569089724,0.047215001169977795,0.0471440726392541,0.04796515559005563,0.048555720857964876,0.048555720857964876,0.04862580056908973,0.044581954484955576,0.16666666666666666,0.0,0.0,,-0.20833333333333304,
Race 11 - MURR - 2026-06-26,2026-06-26,period1,5,0,15.0,0.05186752060702903,False,False,0.05186752060702903,0.049394567278024465,0.048915474130903434,0.050668705571913164,0.04633279800252516,0.04633279800252516,0.051867520607029045,0.04599809255494994,0.16666666666666666,0.0,0.0,,-0.875,
Race 11 - MURR - 2026-06-26,2026-06-26,period1,7,0,9.0,0.08644586767838172,False,False,0.08644586767838172,0.08051981068796706,0.07915887965367709,0.08351720742893884,0.0748357545201934,0.0748357545201934,0.08644586767838172,0.07716493736662446,0.16666666666666666,0.0,0.0,,-2.125,
Race 11 - MURR - 2026-06-26,2026-06-26,period1,8,1,9.5,0.08189608516899322,False,False,0.08189608516899322,0.060683593714196946,0.05988804519169921,0.07056993052561363,0.05480703765033535,0.05480703765033535,0.0818960851689932,0.07469822858401863,0.16666666666666666,0.0,1.0,,-6.0,
Race 12 - GRDN - 2026-06-26,2026-06-26,period1,1,0,2.9,0.2612457067547096,False,False,0.2612457067547096,0.2260377872085039,0.22781732422207704,0.24395723814360007,0.18963597998068832,0.18963597998068832,0.2612457067547096,0.24578937256000627,0.125,0.0,0.0,,-5.791666666666666,
Race 12 - GRDN - 2026-06-26,2026-06-26,period1,2,0,9.0,0.08417917217651753,False,False,0.08417917217651753,0.10583896720313048,0.10643242276785236,0.09475971052067855,0.07575681097922518,0.07575681097922518,0.08417917217651753,0.08352732998163583,0.125,0.0,0.0,0.0,2.125,0.0
Race 12 - GRDN - 2026-06-26,2026-06-26,period1,3,0,11.0,0.06887386814442344,False,False,0.06887386814442344,0.07182287305641481,0.07209121371966543,0.07060853938446399,0.056094340841284146,0.056094340841284146,0.06887386814442344,0.06840301425111371,0.125,0.0,0.0,2.0,0.33333333333333304,1.0
Race 12 - GRDN - 2026-06-26,2026-06-26,period1,4,0,4.2,0.18038394037825187,False,False,0.18038394037825187,0.21685536541319633,0.21715543509029545,0.19855582122875817,0.21051330732173193,0.21051330732173193,0.18038394037825187,0.18189001870613317,0.125,0.0,0.0,1.0,1.833333333333334,0.5
Race 12 - GRDN - 2026-06-26,2026-06-26,period1,5,0,12.0,0.06313437913238815,False,False,0.06313437913238815,0.08294074202654282,0.08249447430496576,0.07264663769094644,0.08573534645656562,0.08573534645656562,0.06313437913238815,0.06399146121072628,0.125,0.0,0.0,0.0,3.75,0.16666666666666666
Race 12 - GRDN - 2026-06-26,2026-06-26,period1,6,0,71.0,0.010670599289981096,False,False,0.010670599289981096,0.013479712145366998,0.013384555304272067,0.01204018938322742,0.015002599807254293,0.015002599807254293,0.010670599289981094,0.010815458232798808,0.125,0.0,0.0,1.0,0.5416666666666661,0.6666666666666666
Race 12 - GRDN - 2026-06-26,2026-06-26,period1,7,0,34.0,0.02228272204672523,False,False,0.02228272204672523,0.022361834094624715,0.022052883283925198,0.022409720267667663,0.02642567078800954,0.02642567078800954,0.022282722046725226,0.022130386963595615,0.125,0.0,0.0,2.0,-4.125,0.8333333333333334
Race 12 - GRDN - 2026-06-26,2026-06-26,period1,8,1,2.45,0.30922961207700317,False,False,0.30922961207700317,0.26066271885222,0.2585716913069467,0.28502214338065784,0.34083594382524096,0.34083594382524096,0.30922961207700317,0.3234529580939903,0.125,0.0,1.0,0.0,0.6666666666666661,0.3333333333333333
Race 5 - MURR - 2026-06-26,2026-06-26,period1,1,0,18.0,0.04312827441037479,False,False,0.04312827441037479,0.03827522922487726,0.03888716967665357,0.04067527982746866,0.03644118245342327,0.03644118245342327,0.04312827441037479,0.0401287594338817,0.16666666666666666,0.0,0.0,,-1.125,
Race 5 - MURR - 2026-06-26,2026-06-26,period1,2,0,19.0,0.04085836523088138,False,False,0.04085836523088138,0.037966123635804025,0.03852145793897837,0.039430222715709444,0.04001289514019392,0.04001289514019392,0.040858365230881384,0.039002426802971966,0.16666666666666666,0.0,0.0,,2.458333333333333,
Race 5 - MURR - 2026-06-26,2026-06-26,period1,4,1,1.55,0.5008444770237073,False,False,0.5008444770237073,0.5453744548471586,0.5466382725909825,0.5232261589433037,0.5465007721464566,0.5465007721464566,0.5008444770237074,0.5316234136747842,0.16666666666666666,0.0,0.0,,-1.9583333333333335,
Race 5 - MURR - 2026-06-26,2026-06-26,period1,5,0,7.0,0.11090127705524945,False,False,0.11090127705524945,0.09549557421799258,0.09609404952009236,0.10302686953272384,0.11268858932264458,0.11268858932264458,0.11090127705524944,0.10376518808966184,0.16666666666666666,0.0,1.0,,9.708333333333334,
Race 5 - MURR - 2026-06-26,2026-06-26,period1,7,0,4.2,0.1848354617587491,False,False,0.1848354617587491,0.1780000502731868,0.17652220464994173,0.18159058137224557,0.17153728830519024,0.17153728830519024,0.18483546175874913,0.1731808572563508,0.16666666666666666,0.0,0.0,,-0.45833333333333304,
Race 5 - MURR - 2026-06-26,2026-06-26,period1,8,0,6.5,0.11943214452103788,False,False,0.11943214452103788,0.10488856780098078,0.10333684562335138,0.11205088760854885,0.09281927263209123,0.09281927263209123,0.11943214452103788,0.11229935474234971,0.16666666666666666,0.0,0.0,,-0.958333333333333,
Race 6 - HOR - 2026-06-26,2026-06-26,period1,1,0,13.0,0.05788907755013249,False,False,0.05788907755013249,0.05332615975425604,0.05444478276233987,0.05562215536636149,0.03706840263615882,0.03706840263615882,0.05788907755013248,0.052329941513843285,0.125,0.0,0.0,1.0,4.916666666666667,0.3333333333333333
Race 6 - HOR - 2026-06-26,2026-06-26,period1,2,0,5.0,0.15051160163034447,False,False,0.15051160163034447,0.1331090068241599,0.13559664468419164,0.14169941413069237,0.0993536450550536,0.0993536450550536,0.15051160163034447,0.13475781511641508,0.125,0.0,1.0,0.0,3.2083333333333335,0.0
Race 6 - HOR - 2026-06-26,2026-06-26,period1,3,0,9.5,0.0792166324370234,False,False,0.0792166324370234,0.09539609453422,0.09602371288429559,0.087026763047047,0.08189772436535862,0.08189772436535862,0.0792166324370234,0.07354177320138071,0.125,0.0,0.0,1.0,0.2916666666666665,0.6666666666666666
Race 6 - HOR - 2026-06-26,2026-06-26,period1,4,0,101.0,0.0074510693876408155,False,False,0.0074510693876408155,0.0063645763905546505,0.00642314121172948,0.006894033669592549,0.005431691920777862,0.005431691920777862,0.0074510693876408155,0.006882706754056952,0.125,0.0,0.0,2.0,0.5,0.8333333333333334
Race 6 - HOR - 2026-06-26,2026-06-26,period1,5,0,8.5,0.0885362362531438,False,False,0.0885362362531438,0.08724113272930509,0.087432537747665,0.08798335535354404,0.08951997727044679,0.08951997727044679,0.08853623625314382,0.08178275084232381,0.125,0.0,0.0,0.0,-2.25,0.16666666666666666
Race 6 - HOR - 2026-06-26,2026-06-26,period1,6,0,10.0,0.07525580081517223,False,False,0.07525580081517223,0.06362087233160392,0.06359901959546226,0.0692706312154673,0.06619003956031994,0.06619003956031994,0.07525580081517222,0.07037402076118937,0.125,0.0,1.0,,2.375,
Race 6 - HOR - 2026-06-26,2026-06-26,period1,7,1,1.45,0.5190055228632569,False,False,0.5190055228632569,0.5410779426928851,0.5367891943684023,0.5305120455092545,0.5948802909292102,0.5948802909292102,0.5190055228632569,0.5598853041002099,0.125,0.0,0.0,0.0,2.2083333333333335,0.5
Race 6 - HOR - 2026-06-26,2026-06-26,period1,8,0,34.0,0.02213405906328595,False,False,0.02213405906328595,0.01986421474301523,0.019690966745913807,0.02099160170804078,0.025658228262674016,0.025658228262674016,0.022134059063285954,0.02044568771058095,0.125,0.0,0.0,1.0,-2.375,1.0
Race 7 - GRDN - 2026-06-26,2026-06-26,period1,1,0,9.5,0.07814705855564562,False,False,0.07814705855564562,0.06609756722116483,0.0670420992800492,0.07208310308347521,0.05517638447101897,0.05517638447101897,0.0781470585556456,0.07473569095636741,0.125,0.0,0.0,0.0,-1.625,0.14285714285714285
Race 7 - GRDN - 2026-06-26,2026-06-26,period1,2,1,2.2,0.33745320739937884,False,False,0.33745320739937884,0.3904177201009956,0.39197840114554805,0.36404574498214737,0.34568274377878067,0.34568274377878067,0.3374532073993788,0.35844306544212157,0.125,0.0,0.0,2.0,-1.75,0.8571428571428571
Race 7 - GRDN - 2026-06-26,2026-06-26,period1,3,0,10.0,0.07423970562786335,False,False,0.07423970562786335,0.07250584774158889,0.07300214110607643,0.07358495973708354,0.06803490664766741,0.06803490664766741,0.07423970562786336,0.07271700450235365,0.125,0.0,0.0,1.0,5.75,1.0
Race 7 - GRDN - 2026-06-26,2026-06-26,period1,4,0,5.0,0.1484794112557267,False,False,0.1484794112557267,0.138368634737188,0.13855571218864102,0.14375943756042547,0.14149148332151143,0.14149148332151143,0.1484794112557267,0.14510796029656686,0.125,0.0,0.0,1.0,3.125,0.2857142857142857
Race 7 - GRDN - 2026-06-26,2026-06-26,period1,5,0,7.5,0.09898627417048446,False,False,0.09898627417048446,0.0742490260844961,0.07413214346891786,0.08598392941879573,0.07711827152853662,0.07711827152853662,0.09898627417048446,0.09715006449244011,0.125,0.0,1.0,0.0,5.666666666666667,0.42857142857142855
Race 7 - GRDN - 2026-06-26,2026-06-26,period1,6,0,7.5,0.09898627417048446,False,False,0.09898627417048446,0.08984824043363691,0.08899907557660912,0.09458596428353817,0.10538953319465016,0.10538953319465016,0.09898627417048446,0.09470502696908648,0.125,0.0,0.0,2.0,3.583333333333333,0.7142857142857143
Race 7 - GRDN - 2026-06-26,2026-06-26,period1,7,0,15.0,0.04949313708524223,False,False,0.04949313708524223,0.03806808251358475,0.03775061094405182,0.04353488591374473,0.05045814794012023,0.05045814794012023,0.04949313708524223,0.04597288418037474,0.125,0.0,1.0,0.0,0.823,0.0
Race 7 - GRDN - 2026-06-26,2026-06-26,period1,8,0,6.5,0.11421493173517439,False,False,0.11421493173517439,0.13044488116734493,0.1285398162901065,0.12242197502078979,0.15664852911771435,0.15664852911771435,0.11421493173517437,0.11116830316068915,0.125,0.0,0.0,1.0,3.1666666666666665,0.5714285714285714
Race 7 - LADBROKES-Q1-LAKESIDE - 2026-06-26,2026-06-26,period1,1,0,10.0,0.07628477706232535,False,False,0.07628477706232535,0.07447420776749397,0.07586548494668308,0.07541234683550199,0.06571712427421685,0.06571712427421685,0.07628477706232537,0.07639362463738854,0.125,0.0,0.0,,1.2916666666666665,
Race 7 - LADBROKES-Q1-LAKESIDE - 2026-06-26,2026-06-26,period1,2,0,5.0,0.1525695541246507,False,False,0.1525695541246507,0.1415300332439287,0.14350709262423034,0.14702081043586493,0.12501955406602575,0.12501955406602575,0.15256955412465073,0.15270201258604085,0.125,0.0,0.0,,-0.2916666666666665,
Race 7 - LADBROKES-Q1-LAKESIDE - 2026-06-26,2026-06-26,period1,3,0,13.0,0.05868059774025027,False,False,0.05868059774025027,0.05290327769373561,0.05333719094243305,0.05574541130838524,0.04913348265950565,0.04913348265950565,0.058680597740250286,0.059530166591120294,0.125,0.0,0.0,,0.75,
Race 7 - LADBROKES-Q1-LAKESIDE - 2026-06-26,2026-06-26,period1,4,0,5.0,0.1525695541246507,False,False,0.1525695541246507,0.1496450115159879,0.14959075336187577,0.15117696771785466,0.13306161325876675,0.13306161325876675,0.15256955412465073,0.15260124353679064,0.125,0.0,0.0,,-0.16666666666666652,
Race 7 - LADBROKES-Q1-LAKESIDE - 2026-06-26,2026-06-26,period1,5,0,23.0,0.033167294374924064,False,False,0.033167294374924064,0.03120376421160969,0.03118829266102241,0.032186895203644844,0.031541723961738856,0.031541723961738856,0.033167294374924064,0.03355832526332338,0.125,0.0,0.0,,-2.541666666666667,
Race 7 - LADBROKES-Q1-LAKESIDE - 2026-06-26,2026-06-26,period1,6,1,1.75,0.43591301178471625,False,False,0.43591301178471625,0.4654486073610449,0.46274433752824284,0.45066761785027987,0.5008753701080293,0.5008753701080293,0.43591301178471625,0.4309752765655883,0.125,0.0,0.0,,0.875,
Race 7 - LADBROKES-Q1-LAKESIDE - 2026-06-26,2026-06-26,period1,7,0,14.0,0.05448912647308953,False,False,0.05448912647308953,0.04974031882021123,0.04919284290139512,0.05208705159303245,0.0531820295419399,0.0531820295419399,0.054489126473089546,0.05633908471233111,0.125,0.0,0.0,,0.0,
Race 7 - LADBROKES-Q1-LAKESIDE - 2026-06-26,2026-06-26,period1,8,0,21.0,0.03632608431539302,False,False,0.03632608431539302,0.0350547793859881,0.03457400503411739,0.03570289905543606,0.041469102129776836,0.041469102129776836,0.03632608431539302,0.03790026610741677,0.125,0.0,1.0,,3.2916666666666665,
Race 7 - MURR - 2026-06-26,2026-06-26,period1,1,1,11.0,0.07147246972448368,False,True,0.07147246972448368,0.0779187567807542,0.07889675129323345,0.07465154956490938,0.0882727037746307,0.0882727037746307,0.07147246972448372,0.06585550836670842,0.14285714285714285,0.0,0.0,,-1.5,
Race 7 - MURR - 2026-06-26,2026-06-26,period1,3,0,3.2,0.24568661467791264,False,False,0.24568661467791264,0.26062275363424214,0.2613085015498249,0.25313100160320756,0.264464030155316,0.264464030155316,0.24568661467791267,0.21609663491827683,0.14285714285714285,0.0,0.0,,-2.2083333333333335,
Race 7 - MURR - 2026-06-26,2026-06-26,period1,4,0,1.35,0.5823682718291262,False,False,0.5823682718291262,0.5652034305025037,0.5646191663830208,0.5739177708944966,0.5581945563577647,0.5581945563577647,0.5823682718291262,0.6257041396541297,0.14285714285714285,0.0,0.0,,3.708333333333333,
Race 7 - MURR - 2026-06-26,2026-06-26,period1,5,0,35.0,0.02246277619912344,False,False,0.02246277619912344,0.019944661842762758,0.0198624280351211,0.021173540244065328,0.018721640610376195,0.018721640610376195,0.022462776199123447,0.020001308026707083,0.14285714285714285,0.0,0.0,,0.375,
Race 7 - MURR - 2026-06-26,2026-06-26,period1,6,0,34.0,0.023123446087332956,False,False,0.023123446087332956,0.02110873712236223,0.02099207772445039,0.02210068982261807,0.020919822840364716,0.020919822840364716,0.023123446087332966,0.021175947280275942,0.14285714285714285,0.0,0.0,,-4.208333333333333,
Race 7 - MURR - 2026-06-26,2026-06-26,period1,7,0,17.0,0.04624689217466591,False,False,0.04624689217466591,0.047937802399076905,0.04714343730364704,0.047100851878893714,0.04243809291362621,0.04243809291362621,0.04624689217466593,0.0432545693634693,0.14285714285714285,0.0,0.0,,1.375,
Race 7 - MURR - 2026-06-26,2026-06-26,period1,8,0,91.0,0.00863952930735517,False,False,0.00863952930735517,0.007263857718298069,0.007177637710702352,0.00792459599180932,0.006989153347921508,0.006989153347921508,0.00863952930735517,0.007911892390432773,0.14285714285714285,0.0,0.0,,5.0,
Race 8 - HOR - 2026-06-26,2026-06-26,period1,1,0,13.0,0.05998113960065649,False,False,0.05998113960065649,0.06364269198578651,0.06447277495788888,0.062058217565188985,0.049488785074794484,0.049488785074794484,0.0599811396006565,0.05995817355124397,0.125,0.0,0.0,1.0,-1.5416666666666665,0.8
Race 8 - HOR - 2026-06-26,2026-06-26,period1,2,0,2.05,0.38036820234562657,False,False,0.38036820234562657,0.4293229331715296,0.4318059988692641,0.40589323826180185,0.37112151506041846,0.37112151506041846,0.3803682023456265,0.39233006520993774,0.125,0.0,0.0,0.0,0.4583333333333335,0.0
Race 8 - HOR - 2026-06-26,2026-06-26,period1,3,0,61.0,0.01278286581653335,False,False,0.01278286581653335,0.01026976288166198,0.010311863061679537,0.01150832170634373,0.009829101208758427,0.009829101208758427,0.012782865816533347,0.011857089216994547,0.125,0.0,0.0,1.0,0.375,1.0
Race 8 - HOR - 2026-06-26,2026-06-26,period1,4,0,34.0,0.02293396514142748,False,False,0.02293396514142748,0.026677878917803936,0.026608001177366204,0.024844650581235417,0.029568589183393522,0.029568589183393522,0.022933965141427474,0.022589983104009177,0.125,0.0,0.0,1.0,2.3333333333333335,0.4
Race 8 - HOR - 2026-06-26,2026-06-26,period1,5,1,2.45,0.31826727135042215,False,False,0.31826727135042215,0.243358400578467,0.24245717298656136,0.27953541154956874,0.26048705568813746,0.26048705568813746,0.31826727135042215,0.3083084256358302,0.125,0.0,1.0,,6.958333333333333,
Race 8 - HOR - 2026-06-26,2026-06-26,period1,6,0,5.5,0.14177360269246078,False,False,0.14177360269246078,0.1724785634580089,0.1708546908451369,0.1570662668493714,0.20319976099292092,0.20319976099292092,0.14177360269246075,0.14510210509500257,0.125,0.0,0.0,,-1.0,0.2
Race 8 - HOR - 2026-06-26,2026-06-26,period1,7,0,26.0,0.029990569800328246,False,False,0.029990569800328246,0.02345656860123306,0.02319446811495859,0.026640493734446727,0.029073208337862234,0.029073208337862234,0.02999056980032825,0.027939988230768133,0.125,0.0,0.0,,1.0416666666666667,
Race 8 - HOR - 2026-06-26,2026-06-26,period1,8,0,23.0,0.03390238325254497,False,False,0.03390238325254497,0.030793200405508953,0.03029502998714425,0.032453399752043324,0.04723198445371444,0.04723198445371444,0.033902383252544965,0.03191416995621387,0.125,0.0,0.0,,0.4583333333333335,0.6
Race 9 - HOR - 2026-06-26,2026-06-26,period1,1,1,2.25,0.3406042850413551,False,False,0.3406042850413551,0.30775568103158807,0.3120130722868209,0.3248387753192147,0.24909853187672606,0.24909853187672606,0.34060428504135504,0.3297167130941401,0.16666666666666666,0.0,0.0,,1.583333333333334,
Race 9 - HOR - 2026-06-26,2026-06-26,period1,2,0,6.5,0.11790148328354601,False,False,0.11790148328354601,0.08405312423514363,0.0842602580436354,0.09987949463966964,0.08230331727328963,0.08230331727328963,0.11790148328354598,0.11864619591552243,0.16666666666666666,0.0,0.0,,-4.333333333333334,
Race 9 - HOR - 2026-06-26,2026-06-26,period1,3,0,2.25,0.3406042850413551,False,False,0.3406042850413551,0.3986813611797314,0.39778449548572986,0.3697241263451745,0.40705515318393143,0.40705515318393143,0.34060428504135504,0.34700464144056814,0.16666666666666666,0.0,0.0,,0.6666666666666665,0.0
Race 9 - HOR - 2026-06-26,2026-06-26,period1,6,0,34.0,0.022539989451266146,False,False,0.022539989451266146,0.01879855858047805,0.018636312971521733,0.020652798163903804,0.024804511461501984,0.024804511461501984,0.022539989451266135,0.023422686168784596,0.16666666666666666,0.0,0.0,,1.458333333333333,
Race 9 - HOR - 2026-06-26,2026-06-26,period1,7,0,4.8,0.1596582586131352,False,False,0.1596582586131352,0.17495843782984138,0.17183053528966138,0.16768835783705696,0.21234478260856154,0.21234478260856154,0.15965825861313515,0.16178607241174883,0.16666666666666666,0.0,0.0,,-3.625,1.0
Race 9 - HOR - 2026-06-26,2026-06-26,period1,8,0,41.0,0.01869169856934266,False,False,0.01869169856934266,0.015752837143217457,0.015475325922630769,0.017216447694980434,0.024393703595989327,0.024393703595989327,0.018691698569342653,0.019423690969236008,0.16666666666666666,0.0,0.0,,3.375,
Race 9 - LADBROKES-Q1-LAKESIDE - 2026-06-26,2026-06-26,period1,1,0,3.4,0.2158119658119658,False,False,0.2158119658119658,0.2202257007615296,0.22437420525397828,0.2184223812953071,0.19281151711295053,0.19281151711295053,0.21581196581196582,0.22246351255358368,0.14285714285714285,0.0,0.0,,0.125,
Race 9 - LADBROKES-Q1-LAKESIDE - 2026-06-26,2026-06-26,period1,2,0,6.0,0.12229344729344728,False,False,0.12229344729344728,0.09818594570318855,0.09938896165559989,0.10978718112565232,0.08409718630383617,0.08409718630383617,0.1222934472934473,0.11590546795121998,0.14285714285714285,0.0,1.0,,6.5,
Race 9 - LADBROKES-Q1-LAKESIDE - 2026-06-26,2026-06-26,period1,4,0,34.0,0.02158119658119658,False,False,0.02158119658119658,0.023226318587864246,0.023328754927113348,0.022431242305096126,0.023217729092860517,0.023217729092860517,0.02158119658119658,0.02153242609062371,0.14285714285714285,0.0,0.0,,0.583333333333333,
Race 9 - LADBROKES-Q1-LAKESIDE - 2026-06-26,2026-06-26,period1,5,0,4.8,0.1528668091168091,False,False,0.1528668091168091,0.12669145621271283,0.12696392341377422,0.13942981178929223,0.11824677392896789,0.11824677392896789,0.15286680911680914,0.14642338629730073,0.14285714285714285,0.0,0.0,,1.4583333333333335,
Race 9 - LADBROKES-Q1-LAKESIDE - 2026-06-26,2026-06-26,period1,6,0,101.0,0.007264957264957264,False,False,0.007264957264957264,0.0055245976041268735,0.005520830337197923,0.00634734689902817,0.005337407771154801,0.005337407771154801,0.007264957264957265,0.007164158031165396,0.14285714285714285,0.0,0.0,,-4.041666666666666,
Race 9 - LADBROKES-Q1-LAKESIDE - 2026-06-26,2026-06-26,period1,7,0,34.0,0.02158119658119658,False,False,0.02158119658119658,0.022116646531176187,0.02193920113426328,0.02188884146700741,0.024361129874618255,0.024361129874618255,0.02158119658119658,0.021352757404767764,0.14285714285714285,0.0,0.0,,-2.0,
Race 9 - LADBROKES-Q1-LAKESIDE - 2026-06-26,2026-06-26,period1,8,1,1.6,0.45860042735042733,False,False,0.45860042735042733,0.5040293345994017,0.49848412327807307,0.48169319511861647,0.5519282559156119,0.5519282559156119,0.4586004273504274,0.4651582916713386,0.14285714285714285,0.0,0.0,,-0.833333333333333,
Race 2 - DUBBO - 2026-06-27,2026-06-27,period1,1,0,5.0,0.1501709749676993,False,False,0.1501709749676993,0.1379419123661921,0.14026011462356078,0.14409339291463297,0.13110337720999332,0.13110337720999332,0.15017097496769927,0.14959446182591293,0.125,0.0,0.0,,-6.375,
Race 2 - DUBBO - 2026-06-27,2026-06-27,period1,2,0,11.0,0.06825953407622695,False,False,0.06825953407622695,0.07529932411400606,0.07611379880131912,0.0717761475956841,0.07556381283263654,0.07556381283263654,0.06825953407622695,0.06818719533021915,0.125,0.0,0.0,,0.8333333333333339,
Race 2 - DUBBO - 2026-06-27,2026-06-27,period1,3,1,6.5,0.11551613459053792,False,False,0.11551613459053792,0.12664168876287749,0.12760840541210614,0.12109120942174866,0.12838611705403188,0.12838611705403188,0.1155161345905379,0.115393715174217,0.125,0.0,0.0,,-1.416666666666666,
Race 2 - DUBBO - 2026-06-27,2026-06-27,period1,4,0,7.0,0.1072649821197852,False,False,0.1072649821197852,0.08398963709511544,0.08445537363176454,0.09502651032987501,0.09767755012351648,0.09767755012351648,0.10726498211978522,0.10587633483303349,0.125,1.0,1.0,,,
Race 2 - DUBBO - 2026-06-27,2026-06-27,period1,5,0,2.5,0.3003419499353986,False,False,0.3003419499353986,0.3068221699958859,0.30589905982622895,0.303916523567882,0.2981651562463115,0.2981651562463115,0.3003419499353986,0.30518453964511844,0.125,0.0,0.0,,-3.375,
Race 2 - DUBBO - 2026-06-27,2026-06-27,period1,6,0,12.0,0.0625712395698747,False,False,0.0625712395698747,0.061915665168228586,0.06153746992715292,0.06231471269118645,0.06513679638647861,0.06513679638647861,0.06257123956987469,0.0622530030126595,0.125,0.0,1.0,,23.5,
Race 2 - DUBBO - 2026-06-27,2026-06-27,period1,7,0,23.0,0.03264586412341289,False,False,0.03264586412341289,0.03529410701297145,0.03491526891164582,0.0339835018998486,0.03636619499830086,0.03636619499830086,0.03264586412341289,0.03275005206953964,0.125,0.0,1.0,,1.083333333333334,
Race 2 - DUBBO - 2026-06-27,2026-06-27,period1,8,0,4.6,0.16322932061706447,False,False,0.16322932061706447,0.17209549548472308,0.16921050886622166,0.16779800157914215,0.1676009951487309,0.1676009951487309,0.16322932061706447,0.16076069810929985,0.125,0.0,0.0,,-4.5,
Race 2 - MEADOWS - 2026-06-27,2026-06-27,period1,1,1,2.7,0.29605415984885514,False,False,0.29605415984885514,0.26213465053764173,0.26591783424978327,0.27934433364306643,0.3477637693044781,0.3477637693044781,0.29605415984885514,0.3034064289183204,0.125,0.0,0.0,0.0,1.5416666666666665,0.0
Race 2 - MEADOWS - 2026-06-27,2026-06-27,period1,2,0,23.0,0.03475418398225691,False,True,0.03475418398225691,0.037225891452672244,0.037470733686748726,0.03606767665055112,0.041642827462476585,0.041642827462476585,0.0347541839822569,0.03339600450066326,0.125,0.0,0.0,2.0,-2.833333333333333,1.0
Race 2 - MEADOWS - 2026-06-27,2026-06-27,period1,3,0,3.5,0.22838463759768826,False,False,0.22838463759768826,0.25423452472293007,0.2549064662594856,0.2416255043089515,0.27043815252469805,0.27043815252469805,0.22838463759768826,0.22327744375757666,0.125,0.0,0.0,0.0,-0.875,0.3333333333333333
Race 2 - MEADOWS - 2026-06-27,2026-06-27,period1,4,0,15.0,0.05328974877279393,False,False,0.05328974877279393,0.04814136584344708,0.048170735634664924,0.05078940283261337,0.04571601433024075,0.04571601433024075,0.05328974877279394,0.052494540583987566,0.125,0.0,0.0,1.0,3.958333333333333,0.5
Race 2 - MEADOWS - 2026-06-27,2026-06-27,period1,5,0,101.0,0.007914319124672366,False,False,0.007914319124672366,0.0072129906538218715,0.007194746910513058,0.007576288955414575,0.005923566481775653,0.005923566481775653,0.00791431912467237,0.007796218898612017,0.125,0.0,1.0,1.0,2.0,0.6666666666666666
Race 2 - MEADOWS - 2026-06-27,2026-06-27,period1,6,0,4.4,0.1816695980890702,False,False,0.1816695980890702,0.15889681794592347,0.156939386909472,0.17036908621889024,0.11723757203001323,0.11723757203001323,0.18166959808907024,0.17507915131873414,0.125,0.0,0.0,,11.875,
Race 2 - MEADOWS - 2026-06-27,2026-06-27,period1,7,0,5.0,0.15986924631838179,False,False,0.15986924631838179,0.20149731340433066,0.19916484512458135,0.17997374758844698,0.14793404792389503,0.14793404792389503,0.15986924631838179,0.16780019314111833,0.125,0.0,1.0,0.0,5.0,0.16666666666666666
Race 2 - MEADOWS - 2026-06-27,2026-06-27,period1,8,0,21.0,0.03806410626628138,False,False,0.03806410626628138,0.03065644543923298,0.030235251224751,0.03425395980206585,0.0233440499424224,0.0233440499424224,0.038064106266281386,0.0367500188809876,0.125,0.0,0.0,1.0,3.125,0.8333333333333334
Race 3 - BAL - 2026-06-27,2026-06-27,period1,1,1,1.6,0.47086227071981207,True,False,0.47086227071981207,0.41695013678679854,0.42035223376653696,0.44482821437821646,0.4045402635769228,0.4045402635769228,0.4708622707198121,0.5041566333171773,0.125,0.0,0.0,,-5.541666666666666,
Race 3 - BAL - 2026-06-27,2026-06-27,period1,2,0,4.4,0.17122264389811348,False,False,0.17122264389811348,0.2360744523787632,0.23564240201368647,0.20184054674222354,0.25192466225706117,0.25192466225706117,0.1712226438981135,0.1671152902063533,0.125,0.0,0.0,,-5.333333333333333,0.0
Race 3 - BAL - 2026-06-27,2026-06-27,period1,3,0,12.0,0.06278163609597494,False,False,0.06278163609597494,0.06577087021729319,0.06596109226274555,0.0645113941818661,0.06700552899983576,0.06700552899983576,0.06278163609597492,0.057830841500179836,0.125,0.0,0.0,,0.33333333333333304,
Race 3 - BAL - 2026-06-27,2026-06-27,period1,4,0,41.0,0.018375113003699983,False,False,0.018375113003699983,0.022435556001326958,0.022402709450125555,0.02038387496604963,0.02528596844336327,0.02528596844336327,0.018375113003699983,0.01732436966918435,0.125,0.0,1.0,1.0,2.25,0.6666666666666666
Race 3 - BAL - 2026-06-27,2026-06-27,period1,5,0,19.0,0.03965155963956312,False,False,0.03965155963956312,0.044368873972302963,0.04401253001456719,0.04210878007268338,0.047511410369476245,0.047511410369476245,0.03965155963956312,0.03655813004107553,0.125,0.0,0.0,0.0,1.208333333333333,0.3333333333333333
Race 3 - BAL - 2026-06-27,2026-06-27,period1,6,0,3.5,0.21525132375762837,False,False,0.21525132375762837,0.1934110164304824,0.19097050159872636,0.20484097681424598,0.18264018453104888,0.18264018453104888,0.2152513237576284,0.19696388783544802,0.125,0.0,0.0,,-7.708333333333334,
Race 3 - BAL - 2026-06-27,2026-06-27,period1,7,0,67.0,0.011244472136592527,False,False,0.011244472136592527,0.011602595632004144,0.011426712531557399,0.011467016401641135,0.012085187697823975,0.012085187697823975,0.011244472136592524,0.010316015707038417,0.125,0.0,1.0,,-4.25,1.0
Race 3 - BAL - 2026-06-27,2026-06-27,period1,8,0,71.0,0.010610980748615483,False,False,0.010610980748615483,0.009386498581028729,0.009231818362054545,0.01001919644307377,0.009006794124467907,0.009006794124467907,0.010610980748615485,0.009734831723543298,0.125,0.0,1.0,,2.583333333333333,
Race 3 - DUBBO - 2026-06-27,2026-06-27,period1,1,1,1.95,0.3931716515215342,False,False,0.3931716515215342,0.37759336379347963,0.3837527063379395,0.38548027896591563,0.35904705260788217,0.35904705260788217,0.3931716515215342,0.39136283537407895,0.16666666666666666,0.0,1.0,,-3.708333333333333,
Race 3 - DUBBO - 2026-06-27,2026-06-27,period1,3,0,16.0,0.04791779502918698,False,True,0.04791779502918698,0.05422067955648202,0.05452851987221932,0.05099525650951887,0.054930670120311734,0.054930670120311734,0.047917795029186964,0.04892947018882655,0.16666666666666666,0.0,0.0,,-2.291666666666666,
Race 3 - DUBBO - 2026-06-27,2026-06-27,period1,4,0,7.5,0.10222462939559888,False,False,0.10222462939559888,0.11580894460747945,0.11598748375651212,0.10885483253601536,0.11762451597205202,0.11762451597205202,0.10222462939559886,0.10281929425466893,0.16666666666666666,0.0,0.0,,-8.25,
Race 3 - DUBBO - 2026-06-27,2026-06-27,period1,6,0,8.0,0.09583559005837396,False,False,0.09583559005837396,0.09804597913881628,0.09733336343401056,0.09697888672385069,0.09641589324244508,0.09641589324244508,0.09583559005837394,0.09639308836375213,0.16666666666666666,0.0,0.0,,-6.666666666666666,
Race 3 - DUBBO - 2026-06-27,2026-06-27,period1,7,0,16.0,0.04791779502918698,False,False,0.04791779502918698,0.043148684096428566,0.04265577177633131,0.045491586221344665,0.04566865901888114,0.04566865901888114,0.047917795029186964,0.0491377224303345,0.16666666666666666,1.0,0.0,,,
Race 3 - DUBBO - 2026-06-27,2026-06-27,period1,8,0,2.45,0.312932538966119,False,False,0.312932538966119,0.311182348807314,0.3057421548229872,0.3121991590433547,0.3263132090384279,0.3263132090384279,0.312932538966119,0.3113575893883389,0.16666666666666666,1.0,0.0,,,
Race 4 - LADBROKES-Q1-LAKESIDE - 2026-06-27,2026-06-27,period1,1,1,1.65,0.4874551971326165,True,False,0.4874551971326165,0.494123247925435,0.4969379447898186,0.49180010458633133,0.4268072253327146,0.4268072253327146,0.48745519713261654,0.5285881393417428,0.2,0.0,0.0,,0.9583333333333335,
Race 4 - LADBROKES-Q1-LAKESIDE - 2026-06-27,2026-06-27,period1,2,0,3.4,0.23655913978494622,False,False,0.23655913978494622,0.2769187251451881,0.27766121607735234,0.256477722436957,0.3175642027356781,0.3175642027356781,0.23655913978494622,0.22575856169915512,0.2,0.0,0.0,,-4.8436666666666675,
Race 4 - LADBROKES-Q1-LAKESIDE - 2026-06-27,2026-06-27,period1,4,0,34.0,0.023655913978494623,False,False,0.023655913978494623,0.02403219194665398,0.023994298448196092,0.02389297224881867,0.027750361072293336,0.027750361072293336,0.023655913978494626,0.02246629893097419,0.2,0.0,0.0,,3.573,
Race 4 - LADBROKES-Q1-LAKESIDE - 2026-06-27,2026-06-27,period1,7,0,51.0,0.015770609318996414,False,False,0.015770609318996414,0.014736776820299556,0.014477607761575898,0.015276684529002087,0.017815966379973222,0.017815966379973222,0.015770609318996417,0.014647005014362797,0.2,0.0,0.0,,1.1146666666666667,
Race 4 - LADBROKES-Q1-LAKESIDE - 2026-06-27,2026-06-27,period1,8,0,3.4,0.23655913978494622,False,False,0.23655913978494622,0.19018905816242346,0.1869289329230572,0.2125525161988909,0.21006224447934074,0.21006224447934074,0.23655913978494622,0.2085399950137651,0.2,0.0,0.0,,0.75,
Race 5 - DUBBO - 2026-06-27,2026-06-27,period1,1,0,16.0,0.04880802588863082,False,False,0.04880802588863082,0.0448368608191981,0.04578016091555266,0.046823558110192155,0.04396678899411554,0.04396678899411554,0.04880802588863081,0.04894074318898868,0.125,0.0,0.0,,9.5,
Race 5 - DUBBO - 2026-06-27,2026-06-27,period1,2,0,16.0,0.04880802588863082,False,False,0.04880802588863082,0.04077712242835366,0.0412606956342924,0.044653458428963004,0.04089651750783716,0.04089651750783716,0.04880802588863081,0.049188401750510556,0.125,0.0,0.0,,-2.375,
Race 5 - DUBBO - 2026-06-27,2026-06-27,period1,3,0,4.0,0.19523210355452328,False,False,0.19523210355452328,0.1812164208648762,0.18227106652003028,0.1882675986457272,0.1657659779059182,0.1657659779059182,0.19523210355452325,0.18937717701638795,0.125,0.0,0.0,,-3.458333333333333,
Race 5 - DUBBO - 2026-06-27,2026-06-27,period1,4,0,5.5,0.14198698440328966,False,False,0.14198698440328966,0.14278131893084536,0.14313569959576536,0.142515189474597,0.14192576761319287,0.14192576761319287,0.14198698440328966,0.14243387467780505,0.125,0.0,0.0,,7.791666666666666,
Race 5 - DUBBO - 2026-06-27,2026-06-27,period1,5,0,2.6,0.3003570823915742,False,False,0.3003570823915742,0.2968550403424643,0.29740391528420496,0.2988768960362595,0.3115932553885705,0.3115932553885705,0.30035708239157416,0.29896412517375803,0.125,0.0,0.0,,0.5,
Race 5 - DUBBO - 2026-06-27,2026-06-27,period1,6,0,101.0,0.007731964497208843,False,False,0.007731964497208843,0.006625225380964306,0.0065824465187116245,0.007163849379166887,0.005905334353412082,0.005905334353412082,0.00773196449720884,0.007825896035539199,0.125,0.0,0.0,,5.916666666666666,
Race 5 - DUBBO - 2026-06-27,2026-06-27,period1,7,1,23.0,0.03395340931383013,False,False,0.03395340931383013,0.032002006001422806,0.03175525980476641,0.0329937354437852,0.032885035314665675,0.032885035314665675,0.03395340931383013,0.03404573439233996,0.125,0.0,0.0,,-1.208333333333333,
Race 5 - DUBBO - 2026-06-27,2026-06-27,period1,8,0,3.5,0.2231224040623123,False,False,0.2231224040623123,0.2549060052318753,0.2518107557266762,0.23870571448130884,0.257061322922288,0.257061322922288,0.22312240406231224,0.22922404776467048,0.125,0.0,0.0,,-2.541666666666667,
Race 5 - LADBROKES-Q1-LAKESIDE - 2026-06-27,2026-06-27,period1,1,0,18.0,0.042446401270488404,False,False,0.042446401270488404,0.040632260725076086,0.04153455489853288,0.041707260540497636,0.03488342800399528,0.03488342800399528,0.04244640127048841,0.0433303167490316,0.125,0.0,0.0,,2.5,
Race 5 - LADBROKES-Q1-LAKESIDE - 2026-06-27,2026-06-27,period1,2,1,7.5,0.10187136304917217,False,False,0.10187136304917217,0.112130367286068,0.11376933486245158,0.10733550771645968,0.10494286498537833,0.10494286498537833,0.10187136304917217,0.10341587369482214,0.125,0.0,0.0,,-2.208333333333333,
Race 5 - LADBROKES-Q1-LAKESIDE - 2026-06-27,2026-06-27,period1,3,0,21.0,0.03638262966041863,False,False,0.03638262966041863,0.041123387373589726,0.04151191652198451,0.03884608152439934,0.04069291538324673,0.04069291538324673,0.03638262966041863,0.037145003406495625,0.125,0.0,0.0,,0.04166666666666696,
Race 5 - LADBROKES-Q1-LAKESIDE - 2026-06-27,2026-06-27,period1,4,0,126.0,0.006063771610069772,False,False,0.006063771610069772,0.006487161304498671,0.006536228533395484,0.006298751867857343,0.006630458561690449,0.006630458561690449,0.006063771610069774,0.006140655878151768,0.125,0.0,0.0,,5.791666666666667,
Race 5 - LADBROKES-Q1-LAKESIDE - 2026-06-27,2026-06-27,period1,5,0,3.9,0.1959064674022542,False,False,0.1959064674022542,0.2544928194813763,0.2550205491228063,0.22424247975607775,0.26725466977303763,0.26725466977303763,0.19590646740225418,0.21346672837286856,0.125,0.0,0.0,,-4.458333333333333,
Race 5 - LADBROKES-Q1-LAKESIDE - 2026-06-27,2026-06-27,period1,6,0,3.8,0.20106190075494507,False,False,0.20106190075494507,0.1550247201851636,0.15521600369666544,0.17730504946160153,0.14666014150941697,0.14666014150941697,0.2010619007549451,0.20051442767420713,0.125,0.0,1.0,,0.666666666666667,
Race 5 - LADBROKES-Q1-LAKESIDE - 2026-06-27,2026-06-27,period1,7,0,5.0,0.15280704457375827,False,False,0.15280704457375827,0.16087981974581278,0.15912288051702336,0.15746288622302831,0.16960354128159505,0.16960354128159505,0.15280704457375824,0.150757378763445,0.125,0.0,0.0,,-3.708333333333333,
Race 5 - LADBROKES-Q1-LAKESIDE - 2026-06-27,2026-06-27,period1,8,0,2.9,0.26346042167889355,False,False,0.26346042167889355,0.22922946389841478,0.2272885318471404,0.2468019829100784,0.2293319805016395,0.2293319805016395,0.26346042167889355,0.24522961546097827,0.125,0.0,0.0,,-1.833333333333334,
Race 6 - BAL - 2026-06-27,2026-06-27,period1,1,0,2.9,0.26839018587808383,False,False,0.26839018587808383,0.2651097132474537,0.268285931962903,0.2668456033598835,0.25690793592039385,0.25690793592039385,0.2683901858780839,0.2608036515220592,0.16666666666666666,0.0,0.0,,-0.666666666666667,0.0
Race 6 - BAL - 2026-06-27,2026-06-27,period1,2,0,4.8,0.16215240396800898,False,False,0.16215240396800898,0.16684771126967446,0.16781803438760828,0.16454539732863163,0.16013484800110678,0.16013484800110678,0.162152403968009,0.16071790599663688,0.16666666666666666,0.0,0.0,,2.0416666666666665,
Race 6 - BAL - 2026-06-27,2026-06-27,period1,3,0,15.0,0.05188876926976287,False,False,0.05188876926976287,0.04484748207195692,0.04492509384372502,0.048258034938959554,0.04237992485009921,0.04237992485009921,0.05188876926976287,0.05322641706486754,0.16666666666666666,0.0,0.0,,-5.875,
Race 6 - BAL - 2026-06-27,2026-06-27,period1,4,1,3.1,0.2510746900149816,False,False,0.2510746900149816,0.2570257080380805,0.25698806832352594,0.25412867128832956,0.277986331568848,0.277986331568848,0.25107469001498167,0.25449854878670075,0.16666666666666666,0.0,0.0,,2.916666666666666,
Race 6 - BAL - 2026-06-27,2026-06-27,period1,6,0,4.6,0.16920250848835722,False,False,0.16920250848835722,0.15872068589489932,0.1568016294307779,0.1639396790525256,0.15768757422369417,0.15768757422369417,0.16920250848835724,0.17096454157536478,0.16666666666666666,0.0,0.0,,-1.958333333333333,
Race 6 - BAL - 2026-06-27,2026-06-27,period1,8,0,8.0,0.09729144238080538,False,False,0.09729144238080538,0.10744869947793506,0.10518124205145987,0.10228261403167023,0.10490338543585798,0.10490338543585798,0.0972914423808054,0.09978893505437078,0.16666666666666666,0.0,0.0,,6.458333333333334,
Race 7 - BAL - 2026-06-27,2026-06-27,period1,1,0,7.5,0.10070691414962386,False,False,0.10070691414962386,0.10100449768621383,0.10270632975450888,0.10095255469210486,0.10086899384725583,0.10086899384725583,0.10070691414962388,0.10085614942746408,0.125,0.0,0.0,,-8.208333333333334,
Race 7 - BAL - 2026-06-27,2026-06-27,period1,2,0,5.0,0.1510603712244358,False,False,0.1510603712244358,0.1624294923782918,0.1641259549431079,0.15679240803200362,0.16165228622101116,0.16165228622101116,0.1510603712244358,0.15201138651880167,0.125,0.0,0.0,,-6.5,1.0
Race 7 - BAL - 2026-06-27,2026-06-27,period1,3,0,7.5,0.10070691414962386,False,False,0.10070691414962386,0.11189749391508735,0.11252649940731466,0.10625689894100063,0.11835415917626739,0.11835415917626739,0.10070691414962388,0.10395728348335972,0.125,0.0,1.0,,-2.958333333333334,0.25
Race 7 - BAL - 2026-06-27,2026-06-27,period1,4,0,7.5,0.10070691414962386,False,False,0.10070691414962386,0.0889935399914142,0.08919575315941529,0.09476025010275475,0.08845228573457121,0.08845228573457121,0.10070691414962388,0.1012848265645459,0.125,0.0,0.0,,-4.875,
Race 7 - BAL - 2026-06-27,2026-06-27,period1,5,0,3.7,0.20413563678977806,False,False,0.20413563678977806,0.21677722066213745,0.21611643029468866,0.21056372193525458,0.2254390381333487,0.2254390381333487,0.20413563678977809,0.20860679809839783,0.125,0.0,0.0,,-2.666666666666667,0.75
Race 7 - BAL - 2026-06-27,2026-06-27,period1,6,0,12.0,0.0629418213435149,False,False,0.0629418213435149,0.051902082822806415,0.05161845775579471,0.05721097628324636,0.0480725944393912,0.0480725944393912,0.0629418213435149,0.06353765982208745,0.125,0.0,0.0,,-0.708333333333333,
Race 7 - BAL - 2026-06-27,2026-06-27,period1,7,1,3.0,0.2517672853740596,False,False,0.2517672853740596,0.24434302472434827,0.24134173010520776,0.24826582117671242,0.23707037361205774,0.23707037361205774,0.2517672853740596,0.24150693616441557,0.125,0.0,0.0,,-3.708333333333333,0.5
Race 7 - BAL - 2026-06-27,2026-06-27,period1,8,0,27.0,0.02797414281933996,False,False,0.02797414281933996,0.022652647819700663,0.02236884457996212,0.025197368836922723,0.02009026883609675,0.02009026883609675,0.02797414281933997,0.02823895992092775,0.125,0.0,0.0,,-1.125,0.0
Race 10 - HEA - 2026-06-28,2026-06-28,period1,1,0,51.0,0.01472684085510689,False,False,0.01472684085510689,0.009860882579998556,0.009880542147137355,0.012084879976792943,0.009446701717280605,0.009446701717280605,0.014726840855106893,0.014025808807039936,0.125,0.0,0.0,,0.5,
Race 10 - HEA - 2026-06-28,2026-06-28,period1,2,1,1.55,0.48456057007125897,False,False,0.48456057007125897,0.5437835060054332,0.5458464522701492,0.514774116602135,0.5541094172355248,0.5541094172355248,0.48456057007125897,0.5075484454229249,0.125,0.0,0.0,1.0,0.375,0.0
Race 10 - HEA - 2026-06-28,2026-06-28,period1,3,0,6.0,0.12517814726840856,False,False,0.12517814726840856,0.09981028241214872,0.10018388926705059,0.11209378987737852,0.09126242750679703,0.09126242750679703,0.1251781472684086,0.11571502405411921,0.125,0.0,0.0,0.0,0.9583333333333333,0.16666666666666666
Race 10 - HEA - 2026-06-28,2026-06-28,period1,4,0,10.0,0.07510688836104515,False,False,0.07510688836104515,0.07499175264596587,0.0747257480300711,0.07526209231150281,0.0740827508882933,0.0740827508882933,0.07510688836104516,0.07477950354658437,0.125,0.0,1.0,2.0,-0.7916666666666667,0.8333333333333334
Race 10 - HEA - 2026-06-28,2026-06-28,period1,5,0,21.0,0.03576518493383102,False,True,0.03576518493383102,0.04380499940719066,0.043610705501592545,0.039693713238150415,0.044048526530479096,0.044048526530479096,0.035765184933831025,0.03768847969663123,0.125,0.0,0.0,1.0,-0.7916666666666665,0.3333333333333333
Race 10 - HEA - 2026-06-28,2026-06-28,period1,6,0,4.2,0.1788259246691551,False,False,0.1788259246691551,0.14807401344300383,0.14716843878081717,0.16318653257718368,0.14520912209685177,0.14520912209685177,0.1788259246691551,0.169344429213985,0.125,0.0,0.0,1.0,-0.7916666666666667,0.5
Race 10 - HEA - 2026-06-28,2026-06-28,period1,7,0,15.0,0.05007125890736343,False,False,0.05007125890736343,0.04849898216847369,0.04791521232860035,0.049418575026585296,0.05093961965690554,0.05093961965690554,0.050071258907363435,0.04692592028121839,0.125,0.0,0.0,0.0,2.541666666666667,0.6666666666666666
Race 10 - HEA - 2026-06-28,2026-06-28,period1,8,0,21.0,0.03576518493383102,False,False,0.03576518493383102,0.03117558133778552,0.03066901167458174,0.03348630039027118,0.030901434367867964,0.030901434367867964,0.035765184933831025,0.03397238897749713,0.125,0.0,0.0,1.0,-1.5,1.0
Race 10 - MOUNT - 2026-06-28,2026-06-28,period1,1,0,4.2,0.18843371135237535,False,False,0.18843371135237535,0.16997511342043348,0.17236623624387393,0.17911190570496144,0.1915553828385502,0.1915553828385502,0.18843371135237538,0.18574005401958998,0.2,0.0,0.0,,1.333333333333333,
Race 10 - MOUNT - 2026-06-28,2026-06-28,period1,2,1,2.2,0.3597370853090802,False,False,0.3597370853090802,0.3389635460674175,0.34174364442241667,0.34947940436894226,0.3732897089826543,0.3732897089826543,0.3597370853090802,0.3545501976583257,0.2,0.0,0.0,,0.0,
Race 10 - MOUNT - 2026-06-28,2026-06-28,period1,4,0,34.0,0.02327710551999931,False,False,0.02327710551999931,0.023952231512788847,0.023993282155117725,0.023631427779445442,0.024801124397190306,0.024801124397190306,0.023277105519999307,0.023243977163619707,0.2,0.0,0.0,,0.4166666666666661,
Race 10 - MOUNT - 2026-06-28,2026-06-28,period1,6,0,2.45,0.3230292194612149,False,False,0.3230292194612149,0.353122910695258,0.34985778722671645,0.3380152820728302,0.32111228185670715,0.32111228185670715,0.32302921946121493,0.3343644627589334,0.2,0.0,0.0,,-3.583333333333333,
Race 10 - MOUNT - 2026-06-28,2026-06-28,period1,8,0,7.5,0.10552287835733021,False,False,0.10552287835733021,0.11398619830410223,0.11203904995187518,0.10976198007382054,0.08924150192489809,0.08924150192489809,0.10552287835733025,0.10210130839953131,0.2,0.0,0.0,,-4.333333333333334,
Race 2 - ROCKHAMPTON - 2026-06-28,2026-06-28,period1,1,1,1.4,0.5624256408407543,False,False,0.5624256408407543,0.5655192714977383,0.5686733058629947,0.5641236150391095,0.5549952549423075,0.5549952549423075,0.5624256408407542,0.6096789460837745,0.125,0.0,0.0,0.0,2.375,0.0
Race 2 - ROCKHAMPTON - 2026-06-28,2026-06-28,period1,2,0,7.5,0.10498611962360746,False,False,0.10498611962360746,0.09970844110136529,0.1003846675647596,0.10234106332950539,0.10005187452693833,0.10005187452693833,0.10498611962360746,0.09318574485767103,0.125,0.0,1.0,2.0,-4.5,0.7142857142857143
Race 2 - ROCKHAMPTON - 2026-06-28,2026-06-28,period1,3,0,16.0,0.049212243573565996,False,False,0.049212243573565996,0.05569761036059026,0.05561982990025515,0.052368831490445286,0.0602650430185238,0.0602650430185238,0.049212243573565975,0.04399509433478375,0.125,0.0,1.0,1.0,2.625,0.8571428571428571
Race 2 - ROCKHAMPTON - 2026-06-28,2026-06-28,period1,4,0,15.0,0.05249305981180373,False,False,0.05249305981180373,0.05806849593100125,0.05769418873592243,0.05522544863579472,0.0602437763377935,0.0602437763377935,0.05249305981180373,0.046834361145978616,0.125,0.0,0.0,0.0,1.708333333333333,0.5714285714285714
Race 2 - ROCKHAMPTON - 2026-06-28,2026-06-28,period1,5,0,14.0,0.05624256408407542,False,False,0.05624256408407542,0.052801846634782656,0.05241650293529816,0.054509868129638206,0.052543960686974256,0.052543960686974256,0.05624256408407541,0.05017967265640565,0.125,0.0,0.0,2.0,0.125,1.0
Race 2 - ROCKHAMPTON - 2026-06-28,2026-06-28,period1,6,0,12.0,0.06561632476475467,False,False,0.06561632476475467,0.06405769867483979,0.0632053704531547,0.06484994866548685,0.06514673825367329,0.06514673825367329,0.06561632476475467,0.058660125779711685,0.125,0.0,1.0,0.0,2.375,0.14285714285714285
Race 2 - ROCKHAMPTON - 2026-06-28,2026-06-28,period1,7,0,26.0,0.030284457583732924,False,False,0.030284457583732924,0.02801482611989174,0.02761032128419759,0.029135460398309936,0.030485845443721238,0.030485845443721238,0.030284457583732917,0.027073904206020776,0.125,0.0,1.0,1.0,-1.625,0.42857142857142855
Race 2 - ROCKHAMPTON - 2026-06-28,2026-06-28,period1,8,0,10.0,0.0787395897177056,False,False,0.0787395897177056,0.07613180967979077,0.07439581326341764,0.07744576431171028,0.07626750679006818,0.07626750679006818,0.07873958971770559,0.07039215093565401,0.125,0.0,0.0,1.0,0.29166666666666696,0.2857142857142857
Race 3 - CAPALABA - 2026-06-28,2026-06-28,period1,1,0,101.0,0.007500787561144577,False,False,0.007500787561144577,0.009641759980117123,0.009721553189015445,0.008507932815730564,0.010607216309080927,0.010607216309080927,0.007500787561144574,0.00789249522576381,0.125,0.0,1.0,,0.5833333333333339,0.4
Race 3 - CAPALABA - 2026-06-28,2026-06-28,period1,2,0,3.4,0.22281751284576537,False,False,0.22281751284576537,0.2159039214832962,0.21834921804283997,0.21943069941317617,0.22788030204542659,0.22788030204542659,0.22281751284576537,0.2311502091223727,0.125,0.0,0.0,,-1.875,0.6
Race 3 - CAPALABA - 2026-06-28,2026-06-28,period1,3,1,2.7,0.28058501617614895,False,False,0.28058501617614895,0.2752301232501662,0.27650117053149365,0.27801785024521264,0.27734000670036746,0.27734000670036746,0.28058501617614895,0.27244544519616704,0.125,0.0,0.0,,3.416666666666667,0.0
Race 3 - CAPALABA - 2026-06-28,2026-06-28,period1,4,0,7.0,0.1082256490965146,False,False,0.1082256490965146,0.10282414575933767,0.10256625509327058,0.10553709014946824,0.0963567671996216,0.0963567671996216,0.1082256490965146,0.10508921015370905,0.125,0.0,0.0,,-0.7916666666666665,
Race 3 - CAPALABA - 2026-06-28,2026-06-28,period1,5,0,7.0,0.1082256490965146,False,False,0.1082256490965146,0.10411950382085561,0.10369915554594289,0.10619977717855887,0.09860712676637605,0.09860712676637605,0.1082256490965146,0.10959437894259742,0.125,0.0,0.0,,-2.208333333333333,1.0
Race 3 - CAPALABA - 2026-06-28,2026-06-28,period1,6,0,12.0,0.06313162863963352,False,False,0.06313162863963352,0.0675546090254644,0.06712789641310876,0.0653346321150365,0.06749636113479188,0.06749636113479188,0.06313162863963352,0.06375859647904986,0.125,0.0,0.0,,1.7916666666666665,0.8
Race 3 - CAPALABA - 2026-06-28,2026-06-28,period1,7,0,4.2,0.18037608182752432,False,False,0.18037608182752432,0.198271598393148,0.19602608801706184,0.18919610413192134,0.19864774942878607,0.19864774942878607,0.18037608182752432,0.18123112467175206,0.125,0.0,0.0,,2.875,0.2
Race 3 - CAPALABA - 2026-06-28,2026-06-28,period1,8,0,26.0,0.029137674756753933,False,False,0.029137674756753933,0.02645433828761475,0.026008663167266858,0.027775913950895795,0.023064470415549643,0.023064470415549643,0.029137674756753936,0.02883854020858816,0.125,0.0,0.0,,5.583333333333333,
Race 4 - CAPALABA - 2026-06-28,2026-06-28,period1,1,0,4.2,0.1843864160813878,False,False,0.1843864160813878,0.1978836386441104,0.2006949119666545,0.19153075673425324,0.21732738280897604,0.21732738280897604,0.1843864160813878,0.1770744717109608,0.125,0.0,0.0,,2.4166666666666665,0.7142857142857143
Race 4 - CAPALABA - 2026-06-28,2026-06-28,period1,2,0,7.0,0.11063184964883269,False,False,0.11063184964883269,0.0943102024645434,0.0954992008860218,0.10242088981843653,0.09944933111920304,0.09944933111920304,0.11063184964883267,0.10676871224953557,0.125,0.0,0.0,,-0.2916666666666665,0.14285714285714285
Race 4 - CAPALABA - 2026-06-28,2026-06-28,period1,3,0,14.0,0.05531592482441634,False,True,0.05531592482441634,0.05624507379683027,0.05660359752946975,0.05592892264732672,0.06258377121512455,0.06258377121512455,0.055315924824416336,0.054785635822667676,0.125,0.0,0.0,,-3.958333333333333,1.0
Race 4 - CAPALABA - 2026-06-28,2026-06-28,period1,4,0,23.0,0.033670562936601256,False,False,0.033670562936601256,0.029189858964334577,0.02929434518430701,0.0314347713926457,0.029523865204397464,0.029523865204397464,0.033670562936601256,0.03328116571554246,0.125,0.0,0.0,,-1.666666666666667,0.8571428571428571
Race 4 - CAPALABA - 2026-06-28,2026-06-28,period1,5,0,6.0,0.12907049125697148,False,False,0.12907049125697148,0.12003795699166783,0.11975875246893707,0.12480784901252702,0.1204740089697344,0.1204740089697344,0.12907049125697148,0.12484336177883362,0.125,0.0,0.0,,-2.5416666666666665,0.2857142857142857
Race 4 - CAPALABA - 2026-06-28,2026-06-28,period1,6,1,2.5,0.30976917901673157,False,False,0.30976917901673157,0.3583307562547332,0.35575208317156926,0.33406445214621755,0.3392519730517271,0.3392519730517271,0.3097691790167315,0.3331600360394298,0.125,0.0,0.0,,-3.458333333333333,0.0
Race 4 - CAPALABA - 2026-06-28,2026-06-28,period1,7,0,8.5,0.09110858206374457,False,False,0.09110858206374457,0.06469529754358984,0.06439338782115384,0.07698127865972816,0.059488936042083294,0.059488936042083294,0.09110858206374457,0.08824133941641232,0.125,0.0,0.0,,-2.291666666666667,0.5714285714285714
Race 4 - CAPALABA - 2026-06-28,2026-06-28,period1,8,0,9.0,0.08604699417131431,False,False,0.08604699417131431,0.0793072153401905,0.07800372097188686,0.08283107958886522,0.07190073158875407,0.07190073158875407,0.0860469941713143,0.08184527726661776,0.125,0.0,0.0,,-1.625,0.42857142857142855
Race 5 - BROKEN-HILL - 2026-06-28,2026-06-28,period1,1,0,4.2,0.18526800914030025,False,False,0.18526800914030025,0.19393324648228663,0.19733421418334535,0.18964729101476432,0.19974333036796485,0.19974333036796485,0.18526800914030025,0.1855778600176008,0.125,0.0,0.0,,-5.666666666666666,
Race 5 - BROKEN-HILL - 2026-06-28,2026-06-28,period1,2,0,8.5,0.09154419275167779,False,False,0.09154419275167779,0.09690035267665978,0.0980495423229308,0.09423199176492379,0.098862382693588,0.098862382693588,0.09154419275167781,0.09235696063948508,0.125,0.0,0.0,,-3.541666666666667,
Race 5 - BROKEN-HILL - 2026-06-28,2026-06-28,period1,3,0,26.0,0.02992790916881774,False,True,0.02992790916881774,0.033701809279109776,0.03398600667943554,0.03177496560507747,0.03681507320783772,0.03681507320783772,0.02992790916881774,0.030193621747523963,0.125,0.0,0.0,,-0.8333333333333339,
Race 5 - BROKEN-HILL - 2026-06-28,2026-06-28,period1,4,1,4.0,0.1945314095973153,False,False,0.1945314095973153,0.1784754236027131,0.1788233291858522,0.1864250936231313,0.16913587136127195,0.16913587136127195,0.1945314095973153,0.19388036102461936,0.125,0.0,1.0,,-4.458333333333333,
Race 5 - BROKEN-HILL - 2026-06-28,2026-06-28,period1,5,0,35.0,0.022232161096836033,False,True,0.022232161096836033,0.02520422948287405,0.025198289863714533,0.023683606964557735,0.02842914383051535,0.02842914383051535,0.022232161096836033,0.02242954758387494,0.125,0.0,0.0,,-5.416666666666668,
Race 5 - BROKEN-HILL - 2026-06-28,2026-06-28,period1,6,0,4.2,0.18526800914030025,False,False,0.18526800914030025,0.18633077163527323,0.18492752901106907,0.1858928992443596,0.1890306581423944,0.1890306581423944,0.18526800914030025,0.184279900524249,0.125,0.0,0.0,,14.583333333333332,
Race 5 - BROKEN-HILL - 2026-06-28,2026-06-28,period1,7,0,3.8,0.20476990483927923,False,False,0.20476990483927923,0.19281251233539953,0.19055309026101694,0.1988020979912729,0.18152911709550892,0.18152911709550892,0.20476990483927926,0.20405573008091107,0.125,0.0,0.0,,-5.958333333333333,
Race 5 - BROKEN-HILL - 2026-06-28,2026-06-28,period1,8,0,9.0,0.08645840426547345,False,False,0.08645840426547345,0.09264165450568392,0.09112799849263555,0.08954205379191306,0.09645442330091882,0.09645442330091882,0.08645840426547347,0.08722601838173588,0.125,0.0,0.0,,-7.0,
Race 5 - MOUNT - 2026-06-28,2026-06-28,period1,1,0,3.7,0.20732072655947956,False,False,0.20732072655947956,0.1871572106300474,0.18975487035795188,0.19732296572989685,0.20623192192193707,0.20623192192193707,0.20732072655947953,0.20265990003478382,0.16666666666666666,0.0,0.0,,0.375,
Race 5 - MOUNT - 2026-06-28,2026-06-28,period1,2,0,8.0,0.0958858360337593,False,False,0.0958858360337593,0.07396588691609904,0.07481840397798377,0.08436182288884995,0.07774437346264298,0.07774437346264298,0.09588583603375929,0.09165230279690069,0.16666666666666666,0.0,0.0,,2.0833333333333335,
Race 5 - MOUNT - 2026-06-28,2026-06-28,period1,4,0,2.15,0.35678450617212765,False,False,0.35678450617212765,0.36305409687288204,0.36365111846732956,0.3605302048218812,0.381346634571245,0.381346634571245,0.3567845061721277,0.3491183811014106,0.16666666666666666,0.0,0.0,,0.7083333333333335,
Race 5 - MOUNT - 2026-06-28,2026-06-28,period1,5,0,31.0,0.02474473187967982,False,False,0.02474473187967982,0.020431027083884234,0.020465104392480626,0.022523686148847897,0.019034040968936773,0.019034040968936773,0.024744731879679828,0.02499290979205064,0.16666666666666666,0.0,0.0,,-1.125,
Race 5 - MOUNT - 2026-06-28,2026-06-28,period1,7,0,91.0,0.008429524046923896,False,False,0.008429524046923896,0.007681867048207496,0.007623702601546086,0.008060981257260468,0.006810444803165206,0.006810444803165206,0.008429524046923896,0.00824753599885448,0.16666666666666666,0.0,0.0,,-2.791666666666666,
Race 5 - MOUNT - 2026-06-28,2026-06-28,period1,8,1,2.5,0.3068346753080298,False,False,0.3068346753080298,0.3477099114488797,0.34368680020270803,0.32720033915326374,0.3088325842720729,0.3088325842720729,0.3068346753080298,0.3233289702759997,0.16666666666666666,0.0,0.0,,-2.458333333333334,
Race 6 - BROKEN-HILL - 2026-06-28,2026-06-28,period1,1,1,5.5,0.13865543438102623,False,False,0.13865543438102623,0.14803498793951317,0.15008714080017974,0.14358227972420254,0.16217286398509728,0.16217286398509728,0.13865543438102623,0.13312686029197093,0.125,0.0,0.0,,-10.25,
Race 6 - BROKEN-HILL - 2026-06-28,2026-06-28,period1,2,0,8.5,0.08971822224654638,False,False,0.08971822224654638,0.08450160150085703,0.08536078829731389,0.08726156750415227,0.08053952116760218,0.08053952116760218,0.08971822224654635,0.0842921198256658,0.125,0.0,0.0,,-2.0416666666666665,
Race 6 - BROKEN-HILL - 2026-06-28,2026-06-28,period1,3,0,2.1,0.3631451852836401,False,False,0.3631451852836401,0.4125318582589426,0.41242083360436865,0.3878993949214329,0.4114911592500536,0.4114911592500536,0.3631451852836401,0.3859959573701368,0.125,0.0,0.0,,-6.541666666666666,
Race 6 - BROKEN-HILL - 2026-06-28,2026-06-28,period1,4,0,12.0,0.06355040742463701,False,False,0.06355040742463701,0.06106013572750251,0.0610845568466618,0.06242927085748134,0.059186021630732395,0.059186021630732395,0.063550407424637,0.06209011939000541,0.125,0.0,0.0,,-4.416666666666667,
Race 6 - BROKEN-HILL - 2026-06-28,2026-06-28,period1,5,0,13.0,0.05866191454581879,False,False,0.05866191454581879,0.05334343638577226,0.05326941329708211,0.05606203027325805,0.0545366805072897,0.0545366805072897,0.058661914545818775,0.05672808617108855,0.125,0.0,0.0,,5.291666666666667,
Race 6 - BROKEN-HILL - 2026-06-28,2026-06-28,period1,6,0,19.0,0.04013709942608654,False,False,0.04013709942608654,0.04071597152678394,0.04039566230940524,0.04051404475270339,0.042658889263818126,0.042658889263818126,0.04013709942608654,0.03881395369600796,0.125,0.0,0.0,,0.5833333333333339,
Race 6 - BROKEN-HILL - 2026-06-28,2026-06-28,period1,7,0,27.0,0.028244625522060893,False,False,0.028244625522060893,0.023074726410656374,0.02284812637354842,0.02558505772227588,0.02197442741446082,0.02197442741446082,0.02824462552206089,0.02727717969985566,0.125,0.0,0.0,,4.25,
Race 6 - BROKEN-HILL - 2026-06-28,2026-06-28,period1,8,0,3.5,0.21788711117018406,False,False,0.21788711117018406,0.176737282249972,0.17453347847144016,0.19666635424449366,0.16744043678094594,0.16744043678094594,0.21788711117018406,0.21167572355526865,0.125,0.0,0.0,,-2.458333333333334,
Race 6 - CAPALABA - 2026-06-28,2026-06-28,period1,1,1,2.8,0.2746676541246905,False,False,0.2746676541246905,0.2971338312628544,0.300022256668385,0.28665565464605686,0.3180906974053372,0.3180906974053372,0.2746676541246905,0.26941222477653615,0.14285714285714285,0.0,0.0,,-4.666666666666666,0.0
Race 6 - CAPALABA - 2026-06-28,2026-06-28,period1,2,0,13.0,0.05915918704224103,False,False,0.05915918704224103,0.06386418916130604,0.06410420865095348,0.061676611070069984,0.06390598009492944,0.06390598009492944,0.05915918704224104,0.05604028179145762,0.14285714285714285,0.0,0.0,,-0.45833333333333304,0.5
Race 6 - CAPALABA - 2026-06-28,2026-06-28,period1,3,0,2.6,0.2957959352112051,True,False,0.2957959352112051,0.23636244828715502,0.2372536075367345,0.2653175897872364,0.23180484166069054,0.23180484166069054,0.2957959352112051,0.29585268950597854,0.14285714285714285,0.0,0.0,,-0.791666666666667,1.0
Race 6 - CAPALABA - 2026-06-28,2026-06-28,period1,4,0,12.0,0.06408911929576111,False,False,0.06408911929576111,0.05394021481322363,0.05394498149920126,0.05899689974191745,0.052105078819736556,0.052105078819736556,0.06408911929576112,0.05890733973397419,0.14285714285714285,0.0,0.0,,-0.625,0.3333333333333333
Race 6 - CAPALABA - 2026-06-28,2026-06-28,period1,5,0,61.0,0.012607695599166122,False,False,0.012607695599166122,0.01073947162553711,0.010698999494639483,0.011675890608236018,0.01028564256901097,0.01028564256901097,0.012607695599166127,0.011784234953680845,0.14285714285714285,0.0,0.0,,-2.75,0.8333333333333334
Race 6 - CAPALABA - 2026-06-28,2026-06-28,period1,6,0,27.0,0.02848405302033827,False,False,0.02848405302033827,0.022982918995230712,0.022766078130645465,0.02567344736677932,0.02064153945369157,0.02064153945369157,0.02848405302033828,0.027206778703854954,0.14285714285714285,0.0,0.0,,-0.29166666666666696,0.6666666666666666
Race 6 - CAPALABA - 2026-06-28,2026-06-28,period1,7,0,2.9,0.2651963557065977,False,False,0.2651963557065977,0.31497692585469306,0.3112098680194409,0.29000390677970406,0.30316621999660365,0.30316621999660365,0.2651963557065977,0.28079645053451774,0.14285714285714285,0.0,0.0,,0.5,0.16666666666666666
Race 6 - HEA - 2026-06-28,2026-06-28,period1,1,0,5.5,0.1371168082365637,False,False,0.1371168082365637,0.1303086861540791,0.13176729062850484,0.13384846374719267,0.12500156155967423,0.12500156155967423,0.13711680823656366,0.13319028764816476,0.125,0.0,0.0,0.0,0.791666666666667,0.5
Race 6 - HEA - 2026-06-28,2026-06-28,period1,2,0,2.5,0.3016569781204401,False,False,0.3016569781204401,0.278849148408627,0.28110623042773214,0.29041745119326645,0.2759240943955581,0.2759240943955581,0.30165697812044007,0.2954657611128328,0.125,0.0,0.0,1.0,5.083333333333333,0.25
Race 6 - HEA - 2026-06-28,2026-06-28,period1,3,1,2.7,0.2793120167781853,False,False,0.2793120167781853,0.3121449895007893,0.311815830845678,0.29566802112853807,0.32330927279283406,0.32330927279283406,0.27931201677818523,0.29554457418875213,0.125,0.0,0.0,,-2.125,
Race 6 - HEA - 2026-06-28,2026-06-28,period1,4,0,21.0,0.0359115450143381,False,False,0.0359115450143381,0.034306362035333875,0.034248049299072734,0.03514679582584189,0.03445820231045353,0.03445820231045353,0.03591154501433808,0.03535829901883318,0.125,0.0,0.0,,-3.0,
Race 6 - HEA - 2026-06-28,2026-06-28,period1,5,0,23.0,0.032788801969613056,False,False,0.032788801969613056,0.032555724830151504,0.0324067731744376,0.03271582068588351,0.03226476222850934,0.03226476222850934,0.03278880196961305,0.03192091365311389,0.125,0.0,0.0,,0.20833333333333348,0.0
Race 6 - HEA - 2026-06-28,2026-06-28,period1,6,0,41.0,0.018393718178075617,False,False,0.018393718178075617,0.01451172623834371,0.014390056413233187,0.016359712329882054,0.013175671159748032,0.013175671159748032,0.01839371817807561,0.018138844608400366,0.125,0.0,0.0,,0.75,
Race 6 - HEA - 2026-06-28,2026-06-28,period1,7,0,8.0,0.09426780566263754,False,False,0.09426780566263754,0.08166733598117633,0.08060243158697641,0.08785920185313605,0.07626715564053825,0.07626715564053825,0.09426780566263751,0.09229486217299392,0.125,0.0,1.0,,9.5,1.0
Race 6 - HEA - 2026-06-28,2026-06-28,period1,8,0,7.5,0.1005523260401467,False,False,0.1005523260401467,0.115656026851499,0.11366333762436501,0.10798453323625937,0.11959927991268464,0.11959927991268464,0.10055232604014668,0.0980864575969089,0.125,0.0,1.0,,-2.833333333333333,0.75
Race 7 - BROKEN-HILL - 2026-06-28,2026-06-28,period1,1,0,2.7,0.2820228731538032,False,False,0.2820228731538032,0.2717835484033849,0.27584525455469305,0.2772206713587268,0.27300907258761964,0.27300907258761964,0.28202287315380326,0.28752139535134963,0.125,0.0,0.0,,4.625,
Race 7 - BROKEN-HILL - 2026-06-28,2026-06-28,period1,2,1,4.5,0.16921372389228193,False,False,0.16921372389228193,0.1494172732996317,0.1504516686129932,0.15921722754506162,0.13952573783103236,0.13952573783103236,0.16921372389228193,0.16081680576952181,0.125,0.0,1.0,,4.4375,
Race 7 - BROKEN-HILL - 2026-06-28,2026-06-28,period1,3,0,7.5,0.10152823433536916,False,False,0.10152823433536916,0.11847107933334873,0.11843647875398346,0.10981747443270419,0.11993323052579632,0.11993323052579632,0.10152823433536916,0.10252599495029183,0.125,0.0,0.0,,3.833333333333333,
Race 7 - BROKEN-HILL - 2026-06-28,2026-06-28,period1,4,0,8.0,0.09518271968940858,False,False,0.09518271968940858,0.09199284496558732,0.0918302238911409,0.09369748682440847,0.08736648092751413,0.08736648092751413,0.0951827196894086,0.09515485316892384,0.125,0.0,0.0,,5.833333333333334,
Race 7 - BROKEN-HILL - 2026-06-28,2026-06-28,period1,5,0,14.0,0.054390125536804904,False,False,0.054390125536804904,0.046975699765892324,0.04673987815757085,0.050613750749832535,0.04332623064880279,0.04332623064880279,0.05439012553680491,0.055249704019469235,0.125,0.0,0.0,,5.916666666666666,
Race 7 - BROKEN-HILL - 2026-06-28,2026-06-28,period1,6,0,11.0,0.0692237961377517,False,False,0.0692237961377517,0.07585527222597842,0.07502104033797156,0.07255919466337808,0.07802271946391846,0.07802271946391846,0.06922379613775172,0.06969178336768157,0.125,0.0,0.0,,6.541666666666666,
Race 7 - BROKEN-HILL - 2026-06-28,2026-06-28,period1,7,0,6.0,0.12691029291921144,False,False,0.12691029291921144,0.1476449041299516,0.14560216952017413,0.13706592985051883,0.15963896373515893,0.15963896373515893,0.12691029291921144,0.12776826950741618,0.125,0.0,0.0,,5.5,
Race 7 - BROKEN-HILL - 2026-06-28,2026-06-28,period1,8,0,7.5,0.10152823433536916,False,False,0.10152823433536916,0.09785937787622496,0.09607328617147282,0.09980826457536944,0.0991775642801574,0.0991775642801574,0.10152823433536916,0.10127119386534598,0.125,0.0,0.0,,9.916666666666668,
Race 7 - CAPALABA - 2026-06-28,2026-06-28,period1,1,0,41.0,0.018578925770286338,False,False,0.018578925770286338,0.01680195668955414,0.01720734098999103,0.017755930109705637,0.019861659867921554,0.019861659867921554,0.01857892577028634,0.017159781829641237,0.14285714285714285,0.0,0.0,,2.583333333333333,0.75
Race 7 - CAPALABA - 2026-06-28,2026-06-28,period1,2,0,10.0,0.07617359565817398,False,True,0.07617359565817398,0.07585717480019243,0.07691933230279287,0.0763930336701528,0.08368270305417412,0.08368270305417412,0.07617359565817403,0.06865848194885163,0.14285714285714285,0.0,0.0,,-1.75,0.25
Race 7 - CAPALABA - 2026-06-28,2026-06-28,period1,3,0,31.0,0.024572127631669025,False,False,0.024572127631669025,0.01747922844875475,0.01765877311043909,0.020827431134341347,0.017084026331426902,0.017084026331426902,0.024572127631669032,0.022563449160229985,0.14285714285714285,0.0,0.0,,1.166666666666667,
Race 7 - CAPALABA - 2026-06-28,2026-06-28,period1,4,0,11.0,0.0692487233256127,False,False,0.0692487233256127,0.07522835227921748,0.07569758374038288,0.07253537439749386,0.08193124641828048,0.08193124641828048,0.06924872332561272,0.06369958171850494,0.14285714285714285,0.0,0.0,,4.958333333333334,0.5
Race 7 - CAPALABA - 2026-06-28,2026-06-28,period1,6,0,1.65,0.46165815550408473,False,False,0.46165815550408473,0.5467431442354719,0.5476043058004763,0.5048997151865067,0.5659602115782236,0.5659602115782236,0.4616581555040848,0.5172582738689808,0.14285714285714285,0.0,0.0,,0.2916666666666665,0.0
Race 7 - CAPALABA - 2026-06-28,2026-06-28,period1,7,0,41.0,0.018578925770286338,False,False,0.018578925770286338,0.012431692802155088,0.01244225676805556,0.015273150502983094,0.01183714266052751,0.01183714266052751,0.01857892577028634,0.0163723884209086,0.14285714285714285,0.0,0.0,,-1.5416666666666665,
Race 7 - CAPALABA - 2026-06-28,2026-06-28,period1,8,1,2.3,0.3311895463398869,False,False,0.3311895463398869,0.25545845074465434,0.25247040728786224,0.2923153649988166,0.21964301008944576,0.21964301008944576,0.33118954633988695,0.2942880430528829,0.14285714285714285,0.0,0.0,,2.958333333333333,1.0
Race 8 - BROKEN-HILL - 2026-06-28,2026-06-28,period1,1,0,2.05,0.3708382410056145,True,False,0.3708382410056145,0.2941009897641148,0.29735906915792476,0.3319035593570942,0.275114649002801,0.275114649002801,0.3708382410056145,0.33861772829678727,0.14285714285714285,0.0,0.0,,2.875,
Race 8 - BROKEN-HILL - 2026-06-28,2026-06-28,period1,2,0,17.0,0.04471872906244175,False,False,0.04471872906244175,0.03766529557828956,0.03806669188022655,0.04124647383447909,0.03558316580454935,0.03558316580454935,0.044718729062441766,0.044919649207978696,0.14285714285714285,0.0,0.0,,-1.5,
Race 8 - BROKEN-HILL - 2026-06-28,2026-06-28,period1,3,0,7.0,0.10860262772307282,False,False,0.10860262772307282,0.122322075330447,0.12299809657171172,0.11583611881416955,0.13185043506424465,0.13185043506424465,0.10860262772307283,0.10769369910917197,0.14285714285714285,0.0,0.0,,3.958333333333333,
Race 8 - BROKEN-HILL - 2026-06-28,2026-06-28,period1,4,0,7.5,0.10136245254153463,False,False,0.10136245254153463,0.11242357492098651,0.1125340626559689,0.10728491494041151,0.11963794444433531,0.11963794444433531,0.10136245254153463,0.10103502060241976,0.14285714285714285,0.0,0.0,,4.208333333333333,
Race 8 - BROKEN-HILL - 2026-06-28,2026-06-28,period1,6,0,27.0,0.028156236817092953,False,False,0.028156236817092953,0.023183678167548107,0.023051208310490155,0.025677331319966284,0.02235351896782598,0.02235351896782598,0.02815623681709295,0.02809094605527289,0.14285714285714285,0.0,0.0,,7.0,
Race 8 - BROKEN-HILL - 2026-06-28,2026-06-28,period1,7,0,18.0,0.042234355225639425,False,False,0.042234355225639425,0.033979486865400116,0.03365437235433335,0.03807261900668501,0.03278452088469461,0.03278452088469461,0.04223435522563943,0.04222084750950069,0.14285714285714285,0.0,0.0,,-4.291666666666667,
Race 8 - BROKEN-HILL - 2026-06-28,2026-06-28,period1,8,1,2.5,0.3040873576246039,False,False,0.3040873576246039,0.3763248993732139,0.3723364990693445,0.33997898272719435,0.38267576583154894,0.38267576583154894,0.3040873576246039,0.33742210921886884,0.14285714285714285,0.0,0.0,,6.125,
Race 8 - CAPALABA - 2026-06-28,2026-06-28,period1,1,0,14.0,0.055254090846829,False,False,0.055254090846829,0.03568199232929922,0.03605134101422604,0.0445849768403022,0.03359915753424642,0.03359915753424642,0.055254090846828995,0.050125932496086774,0.125,0.0,0.0,,0.7083333333333335,
Race 8 - CAPALABA - 2026-06-28,2026-06-28,period1,2,0,4.8,0.16115776496991793,False,False,0.16115776496991793,0.17671723899608507,0.17781874640418735,0.16945206105589805,0.18040456564119847,0.18040456564119847,0.16115776496991793,0.15514808255303605,0.125,0.0,0.0,,-1.4478333333333335,1.0
Race 8 - CAPALABA - 2026-06-28,2026-06-28,period1,3,0,12.0,0.06446310598796716,False,False,0.06446310598796716,0.06540998195608423,0.06591011281841631,0.06520177324799019,0.06859914749776926,0.06859914749776926,0.06446310598796715,0.06345162756709828,0.125,0.0,0.0,,-6.8125,0.6666666666666666
Race 8 - CAPALABA - 2026-06-28,2026-06-28,period1,4,0,46.0,0.01681646243164361,False,False,0.01681646243164361,0.010588411307042113,0.010629545832065258,0.013398756702804621,0.009813425000980093,0.009813425000980093,0.01681646243164361,0.01596151244339204,0.125,0.0,0.0,,-1.583333333333333,
Race 8 - CAPALABA - 2026-06-28,2026-06-28,period1,5,0,8.0,0.09669465898195076,False,False,0.09669465898195076,0.10263086444767573,0.10258218762816733,0.10002809903846493,0.10475257615140446,0.10475257615140446,0.09669465898195076,0.09854662286257931,0.125,0.0,0.0,,-0.5833333333333335,0.3333333333333333
Race 8 - CAPALABA - 2026-06-28,2026-06-28,period1,6,0,9.5,0.08142708124795853,False,False,0.08142708124795853,0.05601052425030456,0.05572012396448474,0.06781113782847077,0.04865251820996426,0.04865251820996426,0.08142708124795854,0.07292890294365163,0.125,0.0,0.0,,-2.125,
Race 8 - CAPALABA - 2026-06-28,2026-06-28,period1,7,1,1.6,0.48347329490975377,False,False,0.48347329490975377,0.526756006175206,0.5252272257421977,0.5067255144175341,0.5307231246557392,0.5307231246557392,0.48347329490975377,0.5063092449893979,0.125,0.0,0.0,,-7.75,0.0
Race 8 - CAPALABA - 2026-06-28,2026-06-28,period1,8,0,19.0,0.040713540623979264,False,False,0.040713540623979264,0.026204980538303144,0.026060716596255185,0.0327976808685351,0.02345548530869769,0.02345548530869769,0.04071354062397928,0.03752807414475805,0.125,0.0,0.0,,-0.27616666666666645,
Race 8 - MOUNT - 2026-06-28,2026-06-28,period1,1,0,7.5,0.10265357007807367,False,False,0.10265357007807367,0.1053302551393288,0.10711745943737216,0.10406111497912691,0.13320180767654358,0.13320180767654358,0.10265357007807369,0.10403751157472511,0.125,0.0,0.0,,-1.708333333333333,
Race 8 - MOUNT - 2026-06-28,2026-06-28,period1,2,0,4.8,0.16039620324699014,False,False,0.16039620324699014,0.18328081411875324,0.18449566438502832,0.17158543594946793,0.20257985676827492,0.20257985676827492,0.16039620324699014,0.16247209195706908,0.125,0.0,0.0,,-1.3333333333333335,
Race 8 - MOUNT - 2026-06-28,2026-06-28,period1,3,0,27.0,0.028514880577242687,False,True,0.028514880577242687,0.03198855283215993,0.03219849129191431,0.03022441842164725,0.03618989721950731,0.03618989721950731,0.028514880577242687,0.029045076162082798,0.125,0.0,0.0,,-2.5,
Race 8 - MOUNT - 2026-06-28,2026-06-28,period1,4,0,4.5,0.17108928346345612,False,False,0.17108928346345612,0.15784930229839977,0.1584469284309686,0.16445898854674337,0.15817299090911816,0.15817299090911816,0.17108928346345614,0.16663234917475167,0.125,0.0,0.0,,1.7916666666666665,
Race 8 - MOUNT - 2026-06-28,2026-06-28,period1,5,0,2.1,0.3666198931359774,False,False,0.3666198931359774,0.348769866974606,0.34738035277832957,0.3578511102695969,0.32455428488301025,0.32455428488301025,0.3666198931359775,0.3728879095051295,0.125,0.0,0.0,,0.5416666666666665,
Race 8 - MOUNT - 2026-06-28,2026-06-28,period1,6,0,61.0,0.012621340583369715,False,False,0.012621340583369715,0.014485857017007643,0.014401571657119935,0.013531617657739994,0.014050438465900783,0.014050438465900783,0.012621340583369717,0.012856017317643204,0.125,0.0,0.0,,7.666666666666666,
Race 8 - MOUNT - 2026-06-28,2026-06-28,period1,7,0,16.0,0.04811886097409704,False,False,0.04811886097409704,0.04531289572692486,0.044903094090254315,0.04672974977927827,0.039059294436138925,0.039059294436138925,0.04811886097409704,0.04652993135594704,0.125,0.0,0.0,,0.8333333333333335,
Race 8 - MOUNT - 2026-06-28,2026-06-28,period1,8,1,7.0,0.10998596794079323,False,False,0.10998596794079323,0.11298245589281984,0.11105643792901275,0.11155756439639923,0.09219142964150599,0.09219142964150599,0.10998596794079325,0.10553911295265161,0.125,0.0,0.0,,-0.541666666666667,
Race 9 - BROKEN-HILL - 2026-06-28,2026-06-28,period1,1,0,27.0,0.029009688320669656,False,False,0.029009688320669656,0.02511464586076913,0.025578256582964573,0.027039794162170103,0.026147950953465178,0.026147950953465178,0.02900968832066965,0.025350286567665716,0.16666666666666666,0.0,0.0,,16.489666666666665,
Race 9 - BROKEN-HILL - 2026-06-28,2026-06-28,period1,2,0,8.0,0.0979076980822601,False,False,0.0979076980822601,0.07457759464878942,0.07552261938115998,0.08560141161995188,0.06959751024376415,0.06959751024376415,0.09790769808226009,0.08456427867115436,0.16666666666666666,0.0,0.0,,-6.458333333333334,
Race 9 - BROKEN-HILL - 2026-06-28,2026-06-28,period1,3,1,4.2,0.18649085349001923,False,False,0.18649085349001923,0.1695180429512201,0.170985462838697,0.178116869591354,0.17834442145217086,0.17834442145217086,0.1864908534900192,0.15959750707937542,0.16666666666666666,0.0,0.0,,1.0,
Race 9 - BROKEN-HILL - 2026-06-28,2026-06-28,period1,4,0,91.0,0.008607270161077811,False,False,0.008607270161077811,0.005940031994324743,0.005973009411109751,0.007163007897341746,0.005580864876176691,0.005580864876176691,0.008607270161077808,0.007536584397328783,0.16666666666666666,0.0,1.0,,-1.916666666666666,
Race 9 - BROKEN-HILL - 2026-06-28,2026-06-28,period1,6,0,1.2,0.6527179872150674,False,False,0.6527179872150674,0.7038284634699582,0.7011432517811439,0.6789917915917092,0.6995882787933695,0.6995882787933695,0.6527179872150674,0.7008720614352184,0.16666666666666666,0.0,0.0,,-0.20833333333333304,
Race 9 - BROKEN-HILL - 2026-06-28,2026-06-28,period1,7,0,31.0,0.025266502730905832,False,False,0.025266502730905832,0.02102122107493845,0.020797400004924877,0.023087125137472967,0.020740973681053623,0.020740973681053623,0.025266502730905836,0.022079281849257247,0.16666666666666666,0.0,0.0,,10.875,
Race 9 - CAPALABA - 2026-06-28,2026-06-28,period1,1,0,6.5,0.11939172643772557,False,False,0.11939172643772557,0.1368522763476424,0.13911581211640087,0.12815967651849655,0.16135107712646274,0.16135107712646274,0.11939172643772557,0.10916430968460863,0.14285714285714285,0.0,0.0,,3.0,0.75
Race 9 - CAPALABA - 2026-06-28,2026-06-28,period1,2,0,11.0,0.07054965653138329,False,False,0.07054965653138329,0.07824067121188075,0.07903587418796355,0.07449069207524446,0.08479496167008929,0.08479496167008929,0.07054965653138327,0.06505596397333757,0.14285714285714285,0.0,0.0,,0.833333333333333,0.5
Race 9 - CAPALABA - 2026-06-28,2026-06-28,period1,3,0,41.0,0.018927956630371126,False,False,0.018927956630371126,0.02081405905257621,0.021008211449602757,0.019900708158209882,0.022954057980271735,0.022954057980271735,0.018927956630371123,0.0178127631449607,0.14285714285714285,0.0,0.0,,-0.625,1.0
Race 9 - CAPALABA - 2026-06-28,2026-06-28,period1,4,0,31.0,0.025033749091781164,False,False,0.025033749091781164,0.02071246641556532,0.020777326575057514,0.022830589728611215,0.019722683661581645,0.019722683661581645,0.02503374909178115,0.023084374313119778,0.14285714285714285,0.0,0.0,,-3.416666666666667,
Race 9 - CAPALABA - 2026-06-28,2026-06-28,period1,5,0,1.5,0.5173641478968107,True,False,0.5173641478968107,0.45589434284329955,0.4550526605065637,0.48693225091400033,0.4286429324166388,0.4286429324166388,0.5173641478968106,0.5590076058528359,0.14285714285714285,0.0,0.0,,5.375,
Race 9 - CAPALABA - 2026-06-28,2026-06-28,period1,6,1,6.0,0.12934103697420268,False,False,0.12934103697420268,0.16558100444240348,0.16471025597754105,0.1467275612533365,0.1734797089870502,0.1734797089870502,0.12934103697420263,0.11949658253601773,0.14285714285714285,0.0,0.0,,0.7083333333333335,0.25
Race 9 - CAPALABA - 2026-06-28,2026-06-28,period1,7,0,6.5,0.11939172643772557,False,False,0.11939172643772557,0.12190517968663235,0.12029985918687064,0.1209585213521011,0.10905457815790556,0.10905457815790556,0.11939172643772557,0.10637840049511962,0.14285714285714285,0.0,0.0,,-1.0519999999999996,0.0
Race 1 - MURR - 2026-06-29,2026-06-29,period1,1,0,10.0,0.07867568529725881,False,True,0.07867568529725881,0.0948248887964064,0.09595268946086705,0.08648114126550563,0.11050034167045981,0.11050034167045981,0.07867568529725878,0.08037790118074223,0.2,0.0,1.0,,-14.166666666666668,
Race 1 - MURR - 2026-06-29,2026-06-29,period1,2,0,2.5,0.31470274118903524,False,False,0.31470274118903524,0.3363414208237567,0.33880334043786053,0.3257469920294927,0.34285817186897766,0.34285817186897766,0.31470274118903524,0.3053757779649553,0.2,0.0,0.0,,3.5,
Race 1 - MURR - 2026-06-29,2026-06-29,period1,4,0,3.4,0.23139907440370236,False,False,0.23139907440370236,0.19739571064344522,0.19741937297941928,0.21398810773097876,0.18408379108575829,0.18408379108575829,0.23139907440370236,0.22776254135949245,0.2,0.0,0.0,,1.458333333333333,
Race 1 - MURR - 2026-06-29,2026-06-29,period1,6,1,2.5,0.31470274118903524,False,False,0.31470274118903524,0.3099539987544689,0.30738768092181784,0.3127079040501969,0.30594220056503924,0.30594220056503924,0.31470274118903524,0.3247782636193192,0.2,0.0,1.0,,9.583333333333332,
Race 1 - MURR - 2026-06-29,2026-06-29,period1,8,0,13.0,0.060519757920968316,False,False,0.060519757920968316,0.06148398098192286,0.06043691620003508,0.061075854923825994,0.05661549480976488,0.05661549480976488,0.060519757920968316,0.06170551587549088,0.2,0.0,0.0,,-0.08333333333333304,
Race 10 - TRA - 2026-06-29,2026-06-29,period1,1,1,1.8,0.4350138861444555,True,False,0.4350138861444555,0.3900745490463817,0.39367772527495826,0.4124710760815389,0.3562519236194021,0.3562519236194021,0.4350138861444555,0.43049656849128926,0.125,0.0,0.0,,-10.25,
Race 10 - TRA - 2026-06-29,2026-06-29,period1,2,0,8.5,0.09212058765411998,False,False,0.09212058765411998,0.10767507600012181,0.1083949100821155,0.09972500697009581,0.10784164064379562,0.10784164064379562,0.09212058765411996,0.09384012574885536,0.125,0.0,1.0,1.0,7.625,1.0
Race 10 - TRA - 2026-06-29,2026-06-29,period1,3,0,13.0,0.060232691927693836,False,True,0.060232691927693836,0.0711280595838623,0.0712380236466261,0.06553974526655322,0.07433349689235211,0.07433349689235211,0.06023269192769382,0.06123444389895686,0.125,0.0,0.0,0.0,-0.375,0.3333333333333333
Race 10 - TRA - 2026-06-29,2026-06-29,period1,4,0,3.9,0.20077563975897947,False,False,0.20077563975897947,0.2083125092566555,0.20771584284785863,0.20477706605319568,0.20936108764512426,0.20936108764512426,0.2007756397589795,0.2023329740921454,0.125,0.0,0.0,1.0,3.375,0.5
Race 10 - TRA - 2026-06-29,2026-06-29,period1,5,0,20.0,0.039151249753000994,False,False,0.039151249753000994,0.04182030832054018,0.04150106774685354,0.04051674630002418,0.04406387184435481,0.04406387184435481,0.039151249753000994,0.03896520541485527,0.125,0.0,0.0,,2.25,0.0
Race 10 - TRA - 2026-06-29,2026-06-29,period1,6,0,41.0,0.019098170611219996,False,False,0.019098170611219996,0.018248348188291037,0.018026529822042177,0.018692861827776932,0.018721779014904853,0.018721779014904853,0.01909817061122,0.01910576514735797,0.125,0.0,1.0,,0.33333333333333304,0.8333333333333334
Race 10 - TRA - 2026-06-29,2026-06-29,period1,7,0,11.0,0.0711840904600018,False,True,0.0711840904600018,0.07897722673788993,0.07756043441827971,0.07507762779593007,0.094980491459443,0.094980491459443,0.07118409046000182,0.07106999495207389,0.125,0.0,0.0,1.0,-5.041666666666666,0.16666666666666666
Race 10 - TRA - 2026-06-29,2026-06-29,period1,8,0,9.5,0.0824236836905284,False,False,0.0824236836905284,0.08376392286625753,0.08188546616126612,0.08319986970488509,0.09444570888062327,0.09444570888062327,0.08242368369052837,0.08295492225446588,0.125,0.0,0.0,0.0,-0.708333333333333,0.6666666666666666
Race 11 - TRA - 2026-06-29,2026-06-29,period1,1,1,2.6,0.2883685632755926,False,False,0.2883685632755926,0.3508382457309746,0.3529295723295297,0.31949939246254383,0.2944513982238689,0.2944513982238689,0.28836856327559257,0.2894567222142287,0.125,0.0,0.0,,-8.333333333333334,0.0
Race 11 - TRA - 2026-06-29,2026-06-29,period1,2,0,3.9,0.19224570885039513,False,False,0.19224570885039513,0.16308174146242924,0.16401908807824556,0.17785808500295744,0.13796981484815424,0.13796981484815424,0.1922457088503951,0.19183108987319164,0.125,0.0,0.0,,-3.333333333333333,
Race 11 - TRA - 2026-06-29,2026-06-29,period1,3,0,17.0,0.04410342732450241,False,False,0.04410342732450241,0.04575097618586623,0.04596259646064329,0.04512102606726217,0.04254317475779495,0.04254317475779495,0.0441034273245024,0.044269069602564444,0.125,0.0,1.0,,-0.75,
Race 11 - TRA - 2026-06-29,2026-06-29,period1,4,0,3.9,0.19224570885039513,False,False,0.19224570885039513,0.14018215428919606,0.14110577528799617,0.16489872841500944,0.2237587658107141,0.2237587658107141,0.1922457088503951,0.19008155319001913,0.125,0.0,1.0,,2.166666666666666,
Race 11 - TRA - 2026-06-29,2026-06-29,period1,5,0,7.0,0.10710832350236299,False,False,0.10710832350236299,0.10487376282642427,0.10401307388054314,0.10646029139514332,0.09462442635510249,0.09462442635510249,0.10710832350236295,0.10718974513120834,0.125,0.0,0.0,,3.375,
Race 11 - TRA - 2026-06-29,2026-06-29,period1,6,0,41.0,0.01828678693942783,False,False,0.01828678693942783,0.02061471219795595,0.020418543471665173,0.019502934172635093,0.020893964610035457,0.020893964610035457,0.018286786939427827,0.018525107874398344,0.125,0.0,1.0,0.0,7.708333333333333,1.0
Race 11 - TRA - 2026-06-29,2026-06-29,period1,7,0,13.0,0.05767371265511854,False,False,0.05767371265511854,0.06626018667251816,0.0652822502637497,0.06209518090203329,0.06889866499490703,0.06889866499490703,0.05767371265511852,0.0581777258110229,0.125,0.0,0.0,1.0,3.0,0.6666666666666666
Race 11 - TRA - 2026-06-29,2026-06-29,period1,8,0,7.5,0.09996776860220546,False,False,0.09996776860220546,0.10839822063463543,0.10626910022762723,0.10456436158241554,0.11685979039942289,0.11685979039942289,0.09996776860220545,0.1004689863033664,0.125,0.0,1.0,,-1.041666666666666,0.3333333333333333
Race 11 - WAR - 2026-06-29,2026-06-29,period1,1,1,2.25,0.34361392017850073,False,False,0.34361392017850073,0.4008376600626015,0.402871428923597,0.371978585790089,0.38502792760128374,0.38502792760128374,0.34361392017850073,0.3531705666328004,0.16666666666666666,0.0,0.0,,-1.708333333333334,0.0
Race 11 - WAR - 2026-06-29,2026-06-29,period1,2,0,2.25,0.34361392017850073,False,False,0.34361392017850073,0.3232197985480824,0.32479546502706,0.3340278340785089,0.29931465483027864,0.29931465483027864,0.34361392017850073,0.3511249603721856,0.16666666666666666,0.0,0.0,,0.08333333333333304,0.2
Race 11 - WAR - 2026-06-29,2026-06-29,period1,3,0,31.0,0.024939720012955698,False,False,0.024939720012955698,0.02326105312457456,0.023349279694965735,0.024141195806304222,0.023466070384263005,0.023466070384263005,0.0249397200129557,0.023978011804687633,0.16666666666666666,0.0,0.0,1.0,5.958333333333333,0.8
Race 11 - WAR - 2026-06-29,2026-06-29,period1,4,0,7.0,0.11044733148594667,False,False,0.11044733148594667,0.08780719551497938,0.08737088844645974,0.09870541347440764,0.08585706404749127,0.08585706404749127,0.11044733148594665,0.10198726876035286,0.16666666666666666,0.0,1.0,0.0,4.916666666666667,0.6
Race 11 - WAR - 2026-06-29,2026-06-29,period1,7,0,21.0,0.03681577716198222,False,False,0.03681577716198222,0.04189246777828646,0.041264635800979686,0.03936255347914596,0.05189793375148373,0.05189793375148373,0.03681577716198222,0.035396112664062694,0.16666666666666666,0.0,0.0,0.0,7.125,1.0
Race 11 - WAR - 2026-06-29,2026-06-29,period1,8,0,5.5,0.14056933098211394,False,False,0.14056933098211394,0.12298182497147574,0.12034830210693781,0.1317844173715443,0.15443634938519954,0.15443634938519954,0.14056933098211394,0.13434307976591076,0.16666666666666666,0.0,0.0,1.0,6.208333333333334,0.4
Race 12 - TRA - 2026-06-29,2026-06-29,period1,1,1,4.8,0.15404929577464788,False,False,0.15404929577464788,0.18756146987995734,0.1877108518074052,0.1703134198657907,0.18485968233202124,0.18485968233202124,0.1540492957746479,0.15790777584622978,0.14285714285714285,0.0,0.0,,-1.333333333333333,0.3333333333333333
Race 12 - TRA - 2026-06-29,2026-06-29,period1,2,0,1.75,0.42253521126760557,False,False,0.42253521126760557,0.41333332033291986,0.41619302455517554,0.4187249684835546,0.3950237487437634,0.3950237487437634,0.42253521126760557,0.4329877770145928,0.14285714285714285,0.0,1.0,,1.9583333333333335,
Race 12 - TRA - 2026-06-29,2026-06-29,period1,3,0,4.8,0.15404929577464788,False,False,0.15404929577464788,0.1317519289565038,0.1318742998662225,0.1427432389501958,0.12471274097670455,0.12471274097670455,0.1540492957746479,0.14724466449160295,0.14285714285714285,0.0,0.0,,2.666666666666667,
Race 12 - TRA - 2026-06-29,2026-06-29,period1,4,0,7.0,0.10563380281690139,False,False,0.10563380281690139,0.12260062971639274,0.12173578478945134,0.11402366729715462,0.13124284663877045,0.13124284663877045,0.10563380281690139,0.1024823324477938,0.14285714285714285,0.0,0.0,,4.083333333333334,0.0
Race 12 - TRA - 2026-06-29,2026-06-29,period1,5,0,14.0,0.052816901408450696,False,False,0.052816901408450696,0.043167021115949965,0.04286097636607245,0.047842040739309366,0.04298746758996653,0.04298746758996653,0.05281690140845068,0.05125159462187492,0.14285714285714285,0.0,0.0,,0.04166666666666696,
Race 12 - TRA - 2026-06-29,2026-06-29,period1,7,0,10.0,0.07394366197183098,False,True,0.07394366197183098,0.06840576312736811,0.06712322960896012,0.07125970507786818,0.07933549317363633,0.07933549317363633,0.07394366197183097,0.07242697109226807,0.14285714285714285,0.0,0.0,0.0,-1.541666666666667,0.6666666666666666
Race 12 - TRA - 2026-06-29,2026-06-29,period1,8,0,20.0,0.03697183098591549,False,False,0.03697183098591549,0.03317986687090811,0.03250183300671292,0.03509295958612666,0.04183802054513764,0.04183802054513764,0.036971830985915506,0.03569888448563776,0.14285714285714285,0.0,1.0,1.0,-4.583333333333334,1.0
Race 12 - WAR - 2026-06-29,2026-06-29,period1,1,0,4.0,0.19376513164963843,False,False,0.19376513164963843,0.23864985226691818,0.2405236048623154,0.21555267517727106,0.22391871004788977,0.22391871004788977,0.1937651316496385,0.19643128283879835,0.125,0.0,0.0,0.0,2.041666666666667,0.3333333333333333
Race 12 - WAR - 2026-06-29,2026-06-29,period1,2,0,5.5,0.14092009574519157,False,False,0.14092009574519157,0.15064288091442993,0.15223324258744167,0.14604805897682333,0.14044488981906053,0.14044488981906053,0.1409200957451916,0.14388727144627467,0.125,0.0,0.0,2.0,-1.958333333333333,0.5
Race 12 - WAR - 2026-06-29,2026-06-29,period1,3,1,3.0,0.2583535088661845,False,False,0.2583535088661845,0.232709181715775,0.23385402315762002,0.24578136964566089,0.210809538325412,0.210809538325412,0.2583535088661846,0.2499812133372444,0.125,0.0,0.0,0.0,-5.791666666666666,0.16666666666666666
Race 12 - WAR - 2026-06-29,2026-06-29,period1,4,0,23.0,0.033698283765154505,False,False,0.033698283765154505,0.03331236719275384,0.033328062461637185,0.033584714237389464,0.032985097262742125,0.032985097262742125,0.033698283765154505,0.03440782578063089,0.125,0.0,0.0,1.0,-0.16666666666666696,0.6666666666666666
Race 12 - WAR - 2026-06-29,2026-06-29,period1,5,0,67.0,0.011568067561172443,False,False,0.011568067561172443,0.014075896503193795,0.014023328531795724,0.012790969371358632,0.015602078016695923,0.015602078016695923,0.011568067561172452,0.01183528281382067,0.125,0.0,0.0,2.0,9.541666666666668,1.0
Race 12 - WAR - 2026-06-29,2026-06-29,period1,6,0,7.5,0.10334140354647382,False,False,0.10334140354647382,0.08914993263578956,0.08844808124916911,0.09621276724151914,0.0896782467230689,0.0896782467230689,0.10334140354647382,0.10373754278054603,0.125,0.0,0.0,0.0,3.958333333333333,0.0
Race 12 - WAR - 2026-06-29,2026-06-29,period1,7,0,7.5,0.10334140354647382,False,False,0.10334140354647382,0.0845767373970114,0.08363185791426965,0.09371252941366658,0.0875790526187116,0.0875790526187116,0.10334140354647382,0.10257455473164627,0.125,0.0,0.0,,-1.916666666666667,
Race 12 - WAR - 2026-06-29,2026-06-29,period1,8,0,5.0,0.15501210531971074,False,False,0.15501210531971074,0.15688315137412834,0.15395779923575126,0.15631691593631103,0.19898238718641922,0.19898238718641922,0.15501210531971077,0.15714502627103866,0.125,0.0,0.0,,0.5,0.8333333333333334
Race 13 - WAR - 2026-06-29,2026-06-29,period1,1,0,46.0,0.016884151627298522,False,False,0.016884151627298522,0.017118097691181104,0.017438261043981405,0.017011855984586603,0.01369039905068266,0.01369039905068266,0.01688415162729852,0.01690658811034084,0.125,0.0,0.0,1.0,-4.75,0.8571428571428571
Race 13 - WAR - 2026-06-29,2026-06-29,period1,2,0,5.0,0.15533419497114642,False,False,0.15533419497114642,0.13570647918351525,0.13716557882512506,0.14528412177776448,0.11785629290264805,0.11785629290264805,0.15533419497114642,0.14938704529985436,0.125,0.0,1.0,0.0,-1.333333333333333,0.0
Race 13 - WAR - 2026-06-29,2026-06-29,period1,3,0,9.5,0.08175483945849811,False,False,0.08175483945849811,0.07891996765938959,0.07954600482829845,0.08037750289371452,0.06919347821052162,0.06919347821052162,0.08175483945849811,0.08193827191807992,0.125,0.0,0.0,,0.16666666666666607,0.5714285714285714
Race 13 - WAR - 2026-06-29,2026-06-29,period1,4,0,2.45,0.3170085611656049,False,False,0.3170085611656049,0.3254307735895892,0.32667385423673717,0.321402410912939,0.3095389055526082,0.3095389055526082,0.31700856116560483,0.3279723253499674,0.125,0.0,0.0,1.0,2.583333333333333,0.2857142857142857
Race 13 - WAR - 2026-06-29,2026-06-29,period1,5,1,4.2,0.1849216606799362,False,False,0.1849216606799362,0.18374111256147221,0.18332614858941979,0.18445115911764018,0.18468822692649753,0.18468822692649753,0.18492166067993615,0.18038246412708267,0.125,0.0,0.0,0.0,-5.375,0.42857142857142855
Race 13 - WAR - 2026-06-29,2026-06-29,period1,6,0,21.0,0.036984332135987244,False,False,0.036984332135987244,0.04305199620156136,0.04284210123670144,0.03992913135407195,0.04884126805336001,0.04884126805336001,0.036984332135987244,0.037033478717889486,0.125,0.0,0.0,2.0,5.583333333333333,0.7142857142857143
Race 13 - WAR - 2026-06-29,2026-06-29,period1,7,0,15.0,0.051778064990382136,False,False,0.051778064990382136,0.06041534195336659,0.059918290698883186,0.05596684851372971,0.0710796427440564,0.0710796427440564,0.05177806499038212,0.05195064227365437,0.125,0.0,1.0,0.0,12.541666666666668,1.0
Race 13 - WAR - 2026-06-29,2026-06-29,period1,8,0,5.0,0.15533419497114642,False,False,0.15533419497114642,0.15561623115992468,0.15308976054085352,0.1555769694455537,0.18511178655962535,0.18511178655962535,0.15533419497114642,0.15442918420313087,0.125,0.0,0.0,1.0,3.9166666666666665,0.14285714285714285
Race 2 - NOR - 2026-06-29,2026-06-29,period1,1,0,19.0,0.04037107607054701,False,False,0.04037107607054701,0.044397848684106504,0.04518222155770484,0.04244551039718047,0.045545625996327596,0.045545625996327596,0.040371076070547005,0.04116966187396948,0.125,0.0,0.0,,2.75,0.8333333333333334
Race 2 - NOR - 2026-06-29,2026-06-29,period1,2,0,6.0,0.12784174089006553,False,False,0.12784174089006553,0.13715415073167908,0.13873667371305118,0.1327567004360342,0.13393785939697764,0.13393785939697764,0.1278417408900655,0.12611340725294323,0.125,0.0,0.0,,6.875,1.0
Race 2 - NOR - 2026-06-29,2026-06-29,period1,3,0,20.0,0.03835252226701966,False,True,0.03835252226701966,0.0509351854705813,0.051246755412385936,0.04431201972662068,0.05698375401670693,0.05698375401670693,0.038352522267019656,0.039111178780271025,0.125,0.0,0.0,,-4.291666666666666,0.6666666666666666
Race 2 - NOR - 2026-06-29,2026-06-29,period1,4,1,1.65,0.4648790577820565,True,False,0.4648790577820565,0.3994314615476054,0.3999623839400049,0.43202289218239087,0.38616329660779536,0.38616329660779536,0.46487905778205646,0.4614769626895067,0.125,0.0,1.0,,-4.041666666666666,
Race 2 - NOR - 2026-06-29,2026-06-29,period1,5,0,7.0,0.1095786350486276,False,False,0.1095786350486276,0.12092405453563794,0.12061164849630651,0.11540773764972287,0.12479158620599923,0.12479158620599923,0.1095786350486276,0.11174622508648863,0.125,0.0,0.0,,-1.541666666666667,0.0
Race 2 - NOR - 2026-06-29,2026-06-29,period1,6,0,8.5,0.09024122886357568,False,False,0.09024122886357568,0.09741179209690236,0.0966356340901217,0.09399914451237884,0.09546037247206073,0.09546037247206073,0.09024122886357569,0.09037572925304045,0.125,0.0,0.0,,0.791666666666667,0.3333333333333333
Race 2 - NOR - 2026-06-29,2026-06-29,period1,7,0,11.0,0.06973185866730848,False,False,0.06973185866730848,0.07428572825431033,0.0732658989993269,0.07215791028618568,0.07260806650899006,0.07260806650899006,0.06973185866730847,0.06983579078644034,0.125,0.0,0.0,,-5.541666666666666,0.16666666666666666
Race 2 - NOR - 2026-06-29,2026-06-29,period1,8,0,13.0,0.059003880410799486,False,False,0.059003880410799486,0.0754597786791769,0.07435878379109805,0.06689808480948643,0.08450943879514256,0.08450943879514256,0.059003880410799486,0.060171044277340026,0.125,0.0,0.0,,1.333333333333333,0.5
Race 4 - NOR - 2026-06-29,2026-06-29,period1,1,0,4.8,0.15676617965822248,False,False,0.15676617965822248,0.1661544777570999,0.16890357914289242,0.16147773227575002,0.17343633452537402,0.17343633452537402,0.15676617965822254,0.1563704238188507,0.125,0.0,0.0,,-1.5,0.42857142857142855
Race 4 - NOR - 2026-06-29,2026-06-29,period1,2,0,23.0,0.03271642010258556,False,False,0.03271642010258556,0.034684665598081074,0.0351290642163893,0.03370404868222371,0.03572788738356487,0.03572788738356487,0.03271642010258556,0.032868693146505604,0.125,0.0,0.0,,1.416666666666667,0.8571428571428571
Race 4 - NOR - 2026-06-29,2026-06-29,period1,3,0,3.5,0.21499361781699083,False,False,0.21499361781699083,0.1931898772902452,0.19484006063937642,0.20390853137299336,0.1867225900610206,0.1867225900610206,0.21499361781699086,0.21143127215873284,0.125,0.0,0.0,,-4.125,0.14285714285714285
Race 4 - NOR - 2026-06-29,2026-06-29,period1,4,0,35.0,0.021499361781699082,False,False,0.021499361781699082,0.019039154613291455,0.01912306836468266,0.020242634973183807,0.018393537029488805,0.018393537029488805,0.021499361781699082,0.02164265841025538,0.125,0.0,0.0,,9.375,0.5714285714285714
Race 4 - NOR - 2026-06-29,2026-06-29,period1,5,0,3.7,0.20337234117823455,False,False,0.20337234117823455,0.21584871901894698,0.21550615188987138,0.20962887871342026,0.2243481710020655,0.2243481710020655,0.20337234117823458,0.2062926736028418,0.125,0.0,0.0,,-2.041666666666667,0.2857142857142857
Race 4 - NOR - 2026-06-29,2026-06-29,period1,6,1,4.5,0.167217258302104,False,False,0.167217258302104,0.17148558581518686,0.17029765291340887,0.1694278459351214,0.17208333241566673,0.17208333241566673,0.16721725830210404,0.16851646435165757,0.125,0.0,0.0,,-0.708333333333333,0.7142857142857143
Race 4 - NOR - 2026-06-29,2026-06-29,period1,7,0,31.0,0.024273472979337674,False,False,0.024273472979337674,0.02304214206102599,0.022845092757071927,0.023662346711968825,0.023848119924109075,0.023848119924109075,0.02427347297933768,0.024386449753859,0.125,0.0,0.0,,-0.8333333333333339,1.0
Race 4 - NOR - 2026-06-29,2026-06-29,period1,8,0,4.2,0.17916134818082569,False,False,0.17916134818082569,0.17655537784612244,0.17335533007630705,0.17794798133533854,0.16544002765871055,0.16544002765871055,0.1791613481808257,0.1784913647572971,0.125,0.0,0.0,,-3.916666666666667,0.0
Race 5 - NOR - 2026-06-29,2026-06-29,period1,1,0,41.0,0.018841979458866377,False,False,0.018841979458866377,0.020133636950939046,0.020535737709141064,0.019520988058821218,0.021057531105935005,0.021057531105935005,0.018841979458866377,0.019014065869836273,0.125,0.0,0.0,,-2.0,0.6666666666666666
Race 5 - NOR - 2026-06-29,2026-06-29,period1,2,0,34.0,0.0227212105239271,False,False,0.0227212105239271,0.02519104797292188,0.025499361812521198,0.023978182787288114,0.024648063579966,0.024648063579966,0.0227212105239271,0.024063348706278135,0.125,0.0,0.0,,1.083333333333333,0.3333333333333333
Race 5 - NOR - 2026-06-29,2026-06-29,period1,3,0,6.0,0.12875352630225356,False,False,0.12875352630225356,0.13516049856557194,0.13655010495373024,0.132215348757428,0.13811504586762252,0.13811504586762252,0.1287535263022535,0.1259670944665131,0.125,0.0,0.0,,-4.583333333333333,0.16666666666666666
Race 5 - NOR - 2026-06-29,2026-06-29,period1,4,0,3.2,0.24141286181672547,False,False,0.24141286181672547,0.24726427685351623,0.2486569118835332,0.24487153678511506,0.24592220877298865,0.24592220877298865,0.24141286181672544,0.24226169208887802,0.125,0.0,0.0,,1.9166666666666665,0.0
Race 5 - NOR - 2026-06-29,2026-06-29,period1,5,0,13.0,0.059424704447193964,False,True,0.059424704447193964,0.06408607014853511,0.06422956289237995,0.061850434062966336,0.06704193879835048,0.06704193879835048,0.05942470444719396,0.05996743851256057,0.125,0.0,0.0,,-2.791666666666667,1.0
Race 5 - NOR - 2026-06-29,2026-06-29,period1,6,0,12.0,0.06437676315112678,False,False,0.06437676315112678,0.047366115342073044,0.04743211395466511,0.05534467846147328,0.04462169298618574,0.04462169298618574,0.06437676315112678,0.06172395456120678,0.125,0.0,0.0,,-1.7083333333333335,
Race 5 - NOR - 2026-06-29,2026-06-29,period1,7,1,3.9,0.19808234815731324,False,False,0.19808234815731324,0.23288977784569367,0.23122946486348223,0.21526603786059542,0.24238182276678838,0.24238182276678838,0.1980823481573132,0.20729171040862132,0.125,0.0,0.0,,-1.458333333333333,0.3333333333333333
Race 5 - NOR - 2026-06-29,2026-06-29,period1,8,0,2.9,0.26638660614259363,True,False,0.26638660614259363,0.227908576320749,0.22586674193054715,0.2469527932263127,0.2162116961221632,0.2162116961221632,0.2663866061425936,0.25971069538610575,0.125,0.0,0.0,,-2.958333333333333,0.8333333333333334
Race 5 - WAR - 2026-06-29,2026-06-29,period1,1,0,4.2,0.17373750616481679,False,False,0.17373750616481679,0.14967530083902775,0.15161493300958925,0.16147520157443926,0.12786861843485153,0.12786861843485153,0.17373750616481679,0.17261320964043309,0.125,0.0,0.0,,4.583333333333333,0.8571428571428571
Race 5 - WAR - 2026-06-29,2026-06-29,period1,2,0,5.0,0.14593950517844612,False,False,0.14593950517844612,0.1322993940962794,0.13356308643223164,0.13913914686192105,0.11297902157062582,0.11297902157062582,0.1459395051784461,0.14462467300560358,0.125,0.0,0.0,1.0,-4.916666666666666,1.0
Race 5 - WAR - 2026-06-29,2026-06-29,period1,3,1,5.5,0.13267227743495102,False,False,0.13267227743495102,0.13912528084173406,0.14011735560060287,0.13604327960597415,0.13059320759795465,0.13059320759795465,0.13267227743495102,0.13400061689709086,0.125,0.0,0.0,0.0,-0.958333333333333,0.7142857142857143
Race 5 - WAR - 2026-06-29,2026-06-29,period1,4,0,8.5,0.08584676775202713,False,False,0.08584676775202713,0.10434304201466067,0.10440499935210144,0.09477148697984637,0.10803587559621139,0.10803587559621139,0.08584676775202711,0.08761085871848266,0.125,0.0,0.0,1.0,-1.916666666666667,0.2857142857142857
Race 5 - WAR - 2026-06-29,2026-06-29,period1,5,0,3.2,0.22803047684132205,False,False,0.22803047684132205,0.22411736841181498,0.22368095366469473,0.22636963922904746,0.22217826186702552,0.22217826186702552,0.22803047684132202,0.2277703327623296,0.125,0.0,0.0,,1.25,0.0
Race 5 - WAR - 2026-06-29,2026-06-29,period1,6,0,27.0,0.027025834292304835,False,False,0.027025834292304835,0.032102358096036954,0.03184744917836647,0.029494565047676797,0.03505072928511169,0.03505072928511169,0.027025834292304835,0.026711363819388937,0.125,0.0,0.0,0.0,4.875,0.5714285714285714
Race 5 - WAR - 2026-06-29,2026-06-29,period1,7,0,12.0,0.060808127157685875,False,True,0.060808127157685875,0.06027056163800657,0.05950384335296179,0.06062020586995889,0.06896316607390855,0.06896316607390855,0.06080812715768587,0.061279258666405635,0.125,0.0,0.0,1.0,-1.083333333333334,0.14285714285714285
Race 5 - WAR - 2026-06-29,2026-06-29,period1,8,0,5.0,0.14593950517844612,False,False,0.14593950517844612,0.15806669406243956,0.15526737940945187,0.15208647483113613,0.19433111957431073,0.19433111957431073,0.1459395051784461,0.14538968649026554,0.125,0.0,0.0,1.0,-4.25,0.42857142857142855
Race 6 - WAR - 2026-06-29,2026-06-29,period1,1,0,2.15,0.36406882891493153,True,False,0.36406882891493153,0.3059455076692462,0.3084005222284215,0.3348158877292202,0.27492588295315495,0.27492588295315495,0.3640688289149316,0.3615644032221592,0.16666666666666666,0.0,0.0,,-0.666666666666667,
Race 6 - WAR - 2026-06-29,2026-06-29,period1,2,0,15.0,0.05218319881114019,False,False,0.05218319881114019,0.06773251926754992,0.06805106393575588,0.05964255403909955,0.0665511328576642,0.0665511328576642,0.052183198811140204,0.05345720651935585,0.16666666666666666,0.0,0.0,,0.583333333333333,0.0
Race 6 - WAR - 2026-06-29,2026-06-29,period1,4,1,5.5,0.14231781493947324,False,False,0.14231781493947324,0.18439191028929075,0.18408036554215243,0.16251476893488925,0.19666810843223417,0.19666810843223417,0.14231781493947326,0.1454246790139915,0.16666666666666666,0.0,1.0,,3.041666666666666,1.0
Race 6 - WAR - 2026-06-29,2026-06-29,period1,5,0,2.3,0.34032520963787083,False,False,0.34032520963787083,0.34730049814722225,0.3461087553714179,0.34489907749444565,0.35102415229123884,0.35102415229123884,0.3403252096378709,0.3379841160554968,0.16666666666666666,0.0,0.0,,4.25,0.5
Race 6 - WAR - 2026-06-29,2026-06-29,period1,7,0,16.0,0.04892174888544393,False,False,0.04892174888544393,0.0456926851233951,0.04517613147552154,0.047431471288080805,0.05035400559148149,0.05035400559148149,0.048921748885443914,0.04906203824374356,0.16666666666666666,0.0,0.0,,3.166666666666667,
Race 6 - WAR - 2026-06-29,2026-06-29,period1,8,0,15.0,0.05218319881114019,False,False,0.05218319881114019,0.04893687950329585,0.04818316144673068,0.05069624051426446,0.06047671787422628,0.06047671787422628,0.052183198811140204,0.05250755694525312,0.16666666666666666,0.0,1.0,,5.166666666666667,
Race 7 - NOR - 2026-06-29,2026-06-29,period1,1,0,67.0,0.01155405431501457,False,False,0.01155405431501457,0.008660616897008025,0.008799319036547118,0.010026315226719713,0.008381503028728017,0.008381503028728017,0.011554054315014566,0.01192576720321647,0.14285714285714285,0.0,1.0,,0.5416666666666661,
Race 7 - NOR - 2026-06-29,2026-06-29,period1,2,0,3.1,0.24971665777612134,False,False,0.24971665777612134,0.20013256665144669,0.2028486837245748,0.22406931046391906,0.18454560872289313,0.18454560872289313,0.24971665777612131,0.23508849920061314,0.14285714285714285,0.0,0.0,,-1.0416666666666665,
Race 7 - NOR - 2026-06-29,2026-06-29,period1,3,0,14.0,0.05529440279328401,False,False,0.05529440279328401,0.06755950333932173,0.06842953793775614,0.06126092475012122,0.07590192219746862,0.07590192219746862,0.055294402793284,0.058535484802369996,0.14285714285714285,0.0,0.0,0.0,49.416666666666664,1.0
Race 7 - NOR - 2026-06-29,2026-06-29,period1,4,0,11.0,0.07037469446417965,False,False,0.07037469446417965,0.07141409566861258,0.07214323838947248,0.07105587142321122,0.07421195959662907,0.07421195959662907,0.07037469446417964,0.07222774927930305,0.14285714285714285,0.0,0.0,1.0,-2.833333333333333,0.25
Race 7 - NOR - 2026-06-29,2026-06-29,period1,6,0,16.0,0.04838260244412351,False,False,0.04838260244412351,0.05573059028763052,0.05575228478435452,0.052046457174957726,0.0589940527533448,0.0589940527533448,0.04838260244412351,0.051218549202073756,0.14285714285714285,0.0,0.0,1.0,1.25,0.75
Race 7 - NOR - 2026-06-29,2026-06-29,period1,7,0,2.6,0.29773909196383697,False,False,0.29773909196383697,0.3288285248382642,0.3268660963090263,0.3136190320978535,0.3268682700354176,0.3268682700354176,0.29773909196383697,0.3075879315984895,0.14285714285714285,0.0,0.0,0.0,3.2916666666666665,0.5
Race 7 - NOR - 2026-06-29,2026-06-29,period1,8,1,2.9,0.26693849624344007,False,False,0.26693849624344007,0.26767410231771616,0.26516083981826877,0.26792208886321767,0.2710966836655189,0.2710966836655189,0.26693849624344,0.26341601871393405,0.14285714285714285,0.0,0.0,1.0,1.5,0.0
Race 7 - WAR - 2026-06-29,2026-06-29,period1,1,0,2.45,0.30285880355476696,False,False,0.30285880355476696,0.32998871018736703,0.3332072282030511,0.3166021704577391,0.2852089843219784,0.2852089843219784,0.30285880355476696,0.311171907990106,0.125,0.0,0.0,0.0,1.25,0.2
Race 7 - WAR - 2026-06-29,2026-06-29,period1,2,0,5.0,0.14840081374183584,False,False,0.14840081374183584,0.1550357351142115,0.1562174717930739,0.15190717713737498,0.14362616776205125,0.14362616776205125,0.1484008137418358,0.149135805853159,0.125,0.0,0.0,1.0,4.541666666666666,0.4
Race 7 - WAR - 2026-06-29,2026-06-29,period1,3,0,18.0,0.04122244826162106,False,False,0.04122244826162106,0.04046759300766717,0.040607798140178286,0.04090390992589161,0.03929430861205008,0.03929430861205008,0.04122244826162106,0.040600992185980005,0.125,0.0,0.0,,14.041666666666666,1.0
Race 7 - WAR - 2026-06-29,2026-06-29,period1,4,0,21.0,0.03533352708138948,False,False,0.03533352708138948,0.03711836809729397,0.037105709990366074,0.03626871584465912,0.038402588204329284,0.038402588204329284,0.035333527081389475,0.0357587393513681,0.125,0.0,0.0,,9.916666666666668,0.6
Race 7 - WAR - 2026-06-29,2026-06-29,period1,5,0,5.5,0.13490983067439621,False,False,0.13490983067439621,0.11441045950211814,0.11389355427817573,0.12442249599541566,0.1123354891150086,0.1123354891150086,0.1349098306743962,0.1322091149545534,0.125,0.0,1.0,,-1.0,0.8
Race 7 - WAR - 2026-06-29,2026-06-29,period1,6,0,5.5,0.13490983067439621,False,False,0.13490983067439621,0.1300977606073341,0.12883912058070338,0.13267862280464868,0.145596004189057,0.145596004189057,0.1349098306743962,0.13061220008478475,0.125,0.0,0.0,,0.25,0.0
Race 7 - WAR - 2026-06-29,2026-06-29,period1,7,1,11.0,0.06745491533719811,False,False,0.06745491533719811,0.05011452475765723,0.04972472529387494,0.05822813157548754,0.05100217329431932,0.05100217329431932,0.06745491533719812,0.06663198032327877,0.125,0.0,0.0,,-1.666666666666666,
Race 7 - WAR - 2026-06-29,2026-06-29,period1,8,0,5.5,0.13490983067439621,False,False,0.13490983067439621,0.14276684872635081,0.14040439172057645,0.13898877625878323,0.18453428450120604,0.18453428450120604,0.1349098306743962,0.13387925925676997,0.125,0.0,0.0,,-6.083333333333332,
Race 8 - TRA - 2026-06-29,2026-06-29,period1,1,1,3.9,0.19116280738971456,False,False,0.19116280738971456,0.21982884920188042,0.22274183417368196,0.2055069452593781,0.18256959000492048,0.18256959000492048,0.19116280738971456,0.1915504025203795,0.125,0.0,0.0,,-2.041666666666667,0.6666666666666666
Race 8 - TRA - 2026-06-29,2026-06-29,period1,2,0,8.5,0.0877099939788102,False,False,0.0877099939788102,0.08386465413629868,0.0849615847392812,0.08597981005626039,0.07201020446203017,0.07201020446203017,0.08770999397881019,0.0887575485094489,0.125,0.0,0.0,,-2.875,0.3333333333333333
Race 8 - TRA - 2026-06-29,2026-06-29,period1,3,0,26.0,0.02867442110845718,False,False,0.02867442110845718,0.024897167968194304,0.02509465186900309,0.026785808816308907,0.02280137988209945,0.02280137988209945,0.028674421108457176,0.028720294738220804,0.125,0.0,0.0,,0.5,
Race 8 - TRA - 2026-06-29,2026-06-29,period1,4,0,9.0,0.08283721653554296,False,False,0.08283721653554296,0.09987928299482204,0.10007282686688926,0.09118699778786883,0.10936779216949892,0.10936779216949892,0.08283721653554298,0.08625145918700164,0.125,0.0,0.0,,-5.5,
Race 8 - TRA - 2026-06-29,2026-06-29,period1,5,0,6.0,0.12425582480331443,False,False,0.12425582480331443,0.1068742304163127,0.10676359515730531,0.11552536228268569,0.10497126936143233,0.10497126936143233,0.12425582480331443,0.1234702068026323,0.125,0.0,0.0,,-5.041666666666666,
Race 8 - TRA - 2026-06-29,2026-06-29,period1,6,0,17.0,0.0438549969894051,False,True,0.0438549969894051,0.060032044106021386,0.05990464239729171,0.051437940188058424,0.06363143380672792,0.06363143380672792,0.0438549969894051,0.046120121798849265,0.125,0.0,0.0,0.0,-3.541666666666666,0.0
Race 8 - TRA - 2026-06-29,2026-06-29,period1,7,0,6.0,0.12425582480331443,False,False,0.12425582480331443,0.12333799453872703,0.12220210288504549,0.12410500036168286,0.13277330513560529,0.13277330513560529,0.12425582480331443,0.1234702068026323,0.125,0.0,0.0,1.0,0.75,1.0
Race 8 - TRA - 2026-06-29,2026-06-29,period1,8,0,2.35,0.31724891439144115,False,False,0.31724891439144115,0.2812857766377434,0.278258761911502,0.29947213524775684,0.31187502517768545,0.31187502517768545,0.31724891439144115,0.31165975964083514,0.125,0.0,0.0,,6.791666666666667,
Race 8 - WAR - 2026-06-29,2026-06-29,period1,1,0,5.5,0.14210793435966843,False,False,0.14210793435966843,0.14220283209155873,0.14485380205117948,0.1425681060085967,0.12198098652136295,0.12198098652136295,0.14210793435966843,0.14129764493532396,0.16666666666666666,0.0,0.0,,0.5833333333333339,
Race 8 - WAR - 2026-06-29,2026-06-29,period1,2,0,7.5,0.10421248519709017,False,False,0.10421248519709017,0.09395786508664043,0.09528183420430657,0.09923972230272352,0.07986817908194063,0.07986817908194063,0.10421248519709014,0.10239890643582766,0.16666666666666666,0.0,0.0,,14.75,
Race 8 - WAR - 2026-06-29,2026-06-29,period1,4,0,21.0,0.03721874471324649,False,False,0.03721874471324649,0.030975647601627385,0.03118666781792466,0.03405259020201716,0.028718332272644656,0.028718332272644656,0.03721874471324648,0.0374111853640103,0.16666666666666666,0.0,0.0,,0.45833333333333304,
Race 8 - WAR - 2026-06-29,2026-06-29,period1,5,1,3.6,0.21710934416060454,False,False,0.21710934416060454,0.19837700586793344,0.19779184754625692,0.2081344727172094,0.19214505022651346,0.19214505022651346,0.21710934416060448,0.2144825491128632,0.16666666666666666,0.0,0.0,,7.25,
Race 8 - WAR - 2026-06-29,2026-06-29,period1,7,0,4.5,0.1736874753284836,False,False,0.1736874753284836,0.14146245290924997,0.14056010780384592,0.1572041248503628,0.14942332278850415,0.14942332278850415,0.17368747532848358,0.16931040680977938,0.16666666666666666,0.0,0.0,,5.166666666666666,
Race 8 - WAR - 2026-06-29,2026-06-29,period1,8,0,2.4,0.3256640162409068,False,False,0.3256640162409068,0.39302419644298997,0.39032574057648645,0.35880098391909043,0.4278641291090341,0.4278641291090341,0.32566401624090674,0.33509930734219545,0.16666666666666666,0.0,0.0,,-4.208333333333333,0.0
Race 9 - WAR - 2026-06-29,2026-06-29,period1,1,1,1.95,0.40274873189146665,True,False,0.40274873189146665,0.3953725293167945,0.4007801327263257,0.3997549761484597,0.341971780335813,0.341971780335813,0.4027487318914666,0.38473252895226695,0.125,0.0,0.0,,1.5,
Race 9 - WAR - 2026-06-29,2026-06-29,period1,2,0,9.0,0.08726222524315108,False,False,0.08726222524315108,0.09729320733984016,0.09804488088127207,0.09230557759886604,0.09730745154964004,0.09730745154964004,0.08726222524315108,0.09100398413416087,0.125,0.0,0.0,0.0,11.375,0.0
Race 9 - WAR - 2026-06-29,2026-06-29,period1,3,0,35.0,0.02243885791966742,False,True,0.02243885791966742,0.026154096929124317,0.02627073520952708,0.024268547327549458,0.02987001670320015,0.02987001670320015,0.02243885791966742,0.024020955189496734,0.125,0.0,1.0,1.0,-6.291666666666666,0.75
Race 9 - WAR - 2026-06-29,2026-06-29,period1,4,0,51.0,0.015399216219379603,False,False,0.015399216219379603,0.011873055705932356,0.01184209383494108,0.013545782667590309,0.01132994294976016,0.01132994294976016,0.015399216219379598,0.015357048480741216,0.125,0.0,1.0,,0.5,
Race 9 - WAR - 2026-06-29,2026-06-29,period1,5,0,7.0,0.1121942895983371,False,False,0.1121942895983371,0.09021747161884848,0.08985484978468643,0.10078693646829248,0.08704053004346114,0.08704053004346114,0.11219428959833706,0.11399753252607095,0.125,0.0,0.0,,-0.08333333333333304,0.5
Race 9 - WAR - 2026-06-29,2026-06-29,period1,6,0,8.0,0.09817000339854498,False,False,0.09817000339854498,0.08772398239422102,0.08699963965337776,0.09296556535966907,0.09892255433933629,0.09892255433933629,0.09817000339854497,0.10281489664665433,0.125,0.0,1.0,,-3.666666666666666,0.25
Race 9 - WAR - 2026-06-29,2026-06-29,period1,7,0,21.0,0.037398096532779035,False,False,0.037398096532779035,0.03258878897166318,0.032197881769548437,0.03497296090033833,0.037928845543390995,0.037928845543390995,0.03739809653277903,0.03846515797974385,0.125,0.0,1.0,,2.916666666666667,1.0
Race 9 - WAR - 2026-06-29,2026-06-29,period1,8,0,3.5,0.2243885791966742,False,False,0.2243885791966742,0.2587768677235761,0.25400978614032144,0.2413996535292347,0.2956288785353983,0.2956288785353983,0.2243885791966742,0.2296078960908651,0.125,0.0,0.0,,-1.125,
Race 1 - GEE - 2026-06-30,2026-06-30,period1,1,0,61.0,0.012761225744781887,False,False,0.012761225744781887,0.015638249890800374,0.015989393176978332,0.014131494944162807,0.019603925033424712,0.019603925033424712,0.012761225744781881,0.013374467542971445,0.125,0.0,0.0,0.0,0.9583333333333339,1.0
Race 1 - GEE - 2026-06-30,2026-06-30,period1,2,0,23.0,0.03384499001876935,False,True,0.03384499001876935,0.03737405965890611,0.03814252463953408,0.03557788851511444,0.044561817275077964,0.044561817275077964,0.03384499001876935,0.034687641776421016,0.125,0.0,0.0,1.0,-0.4166666666666661,0.14285714285714285
Race 1 - GEE - 2026-06-30,2026-06-30,period1,3,0,15.0,0.05189565136211301,False,False,0.05189565136211301,0.05330291598064537,0.05404725003110092,0.05261248381903354,0.05756056885885604,0.05756056885885604,0.051895651362113014,0.05318771739051222,0.125,0.0,0.0,2.0,2.333333333333333,0.5714285714285714
Race 1 - GEE - 2026-06-30,2026-06-30,period1,4,0,20.0,0.03892173852158476,False,False,0.03892173852158476,0.03697181477828076,0.037368949772416664,0.0379471651281663,0.041276628213364086,0.041276628213364086,0.038921738521584766,0.039980461547767084,0.125,1.0,0.0,0.0,,0.42857142857142855
Race 1 - GEE - 2026-06-30,2026-06-30,period1,5,0,8.0,0.09730434630396188,False,False,0.09730434630396188,0.10126998919291001,0.1017848401594694,0.0993011639287752,0.11144070854128006,0.11144070854128006,0.09730434630396187,0.0989381556076821,0.125,0.0,0.0,1.0,-4.25,0.7142857142857143
Race 1 - GEE - 2026-06-30,2026-06-30,period1,6,1,1.95,0.39919731817010007,False,False,0.39919731817010007,0.37894237884598947,0.3788028375825328,0.3890704376845428,0.3711033737399058,0.3711033737399058,0.39919731817010007,0.38420837443604977,0.125,0.0,0.0,1.0,-11.0,0.8571428571428571
Race 1 - GEE - 2026-06-30,2026-06-30,period1,7,0,5.0,0.15568695408633904,False,False,0.15568695408633904,0.1564515863002712,0.15558384253746377,0.15612193808869818,0.14324989957018344,0.14324989957018344,0.15568695408633904,0.15914839236667933,0.125,0.0,0.0,,-1.041666666666667,0.0
Race 1 - GEE - 2026-06-30,2026-06-30,period1,8,0,3.7,0.21038777579235,False,False,0.21038777579235,0.2200490053521967,0.218280362100504,0.2152374278915067,0.21120307876790792,0.21120307876790792,0.21038777579234996,0.21647478933191702,0.125,0.0,0.0,,-3.625,0.2857142857142857
Race 10 - GAWL - 2026-06-30,2026-06-30,period1,1,0,4.2,0.1918997362014225,False,False,0.1918997362014225,0.18043257127808743,0.18403579005381632,0.18612098425239262,0.18027136374716152,0.18027136374716152,0.1918997362014225,0.1891910453529223,0.2,0.0,0.0,,1.0,
Race 10 - GAWL - 2026-06-30,2026-06-30,period1,2,1,3.6,0.2238830255683263,False,False,0.2238830255683263,0.22776367311183285,0.23034692795589043,0.22586737015775266,0.2180206397571314,0.2180206397571314,0.22388302556832632,0.23156850738077817,0.2,0.0,0.0,,-6.0,
Race 10 - GAWL - 2026-06-30,2026-06-30,period1,4,0,8.5,0.09482104612305584,False,False,0.09482104612305584,0.09376681346601,0.09420036473227589,0.09431431883183139,0.10028311123779911,0.10028311123779911,0.09482104612305586,0.09549654734458109,0.2,0.0,0.0,,18.0,
Race 10 - GAWL - 2026-06-30,2026-06-30,period1,6,0,15.0,0.05373192613639831,False,False,0.05373192613639831,0.048148421799728704,0.04793954660739312,0.050875409200227095,0.044871174773242775,0.044871174773242775,0.05373192613639832,0.0524481388969077,0.2,0.0,0.0,,2.0833333333333335,
Race 10 - GAWL - 2026-06-30,2026-06-30,period1,8,0,1.85,0.435664265970797,False,False,0.435664265970797,0.44988852034434107,0.44347737065062426,0.4428219175577962,0.4565537104846652,0.4565537104846652,0.435664265970797,0.4312957610248107,0.2,0.0,0.0,,-8.25,
Race 10 - HOBT - 2026-06-30,2026-06-30,period1,1,0,9.5,0.07920963717252266,False,False,0.07920963717252266,0.06623557961364164,0.06722043709000085,0.07257089265299284,0.0615724254608578,0.0615724254608578,0.07920963717252268,0.07922088532120113,0.125,0.0,1.0,,1.875,
Race 10 - HOBT - 2026-06-30,2026-06-30,period1,2,0,9.5,0.07920963717252266,False,False,0.07920963717252266,0.0795686777604749,0.08059787305809156,0.07954041730777793,0.08108595595232262,0.08108595595232262,0.07920963717252268,0.08032593542738062,0.125,0.0,0.0,1.0,1.875,0.8
Race 10 - HOBT - 2026-06-30,2026-06-30,period1,3,1,2.7,0.2787005752366538,False,False,0.2787005752366538,0.3109060048772417,0.3131354001329708,0.29492478413527834,0.32547764775101956,0.32547764775101956,0.2787005752366538,0.2834800314701783,0.125,0.0,0.0,0.0,-8.958333333333334,0.0
Race 10 - HOBT - 2026-06-30,2026-06-30,period1,4,0,20.0,0.03762457765694827,False,True,0.03762457765694827,0.04732970278869311,0.04742298657594068,0.04227956282736044,0.04909437813855989,0.04909437813855989,0.037624577656948266,0.038154819328005775,0.125,0.0,0.0,1.0,-2.75,1.0
Race 10 - HOBT - 2026-06-30,2026-06-30,period1,5,0,6.0,0.1254152588564942,False,False,0.1254152588564942,0.10651175273660603,0.10651573780527396,0.1157981810925908,0.09998638984568184,0.09998638984568184,0.1254152588564942,0.12566659690082604,0.125,0.0,1.0,,-2.375,
Race 10 - HOBT - 2026-06-30,2026-06-30,period1,6,0,27.0,0.027870057523665382,False,False,0.027870057523665382,0.027794869795948456,0.027599178094782063,0.027885538596918204,0.026302380858894303,0.026302380858894303,0.027870057523665375,0.027618764455966973,0.125,0.0,1.0,1.0,3.0,0.2
Race 10 - HOBT - 2026-06-30,2026-06-30,period1,7,0,5.5,0.13681664602526644,False,False,0.13681664602526644,0.15096848402130755,0.14938446007181538,0.1439926748903294,0.15334620563307383,0.15334620563307383,0.13681664602526641,0.13577103387362413,0.125,0.0,0.0,1.0,-3.958333333333333,0.4
Race 10 - HOBT - 2026-06-30,2026-06-30,period1,8,0,3.2,0.2351536103559267,False,False,0.2351536103559267,0.2106849284060867,0.20812392717112474,0.22300794849675218,0.20313461635959015,0.20313461635959015,0.23515361035592663,0.22976193322281707,0.125,0.0,1.0,0.0,-7.166666666666666,0.6
Race 2 - GEE - 2026-06-30,2026-06-30,period1,1,0,1.85,0.4216822346054014,False,False,0.4216822346054014,0.43168127306218185,0.4366478018247492,0.4267902006166747,0.4602958531073582,0.4602958531073582,0.4216822346054013,0.4074436122147331,0.125,0.0,0.0,0.0,0.875,0.0
Race 2 - GEE - 2026-06-30,2026-06-30,period1,2,0,23.0,0.03391791887043446,False,False,0.03391791887043446,0.03566316656226183,0.03593912148192252,0.034790825367913995,0.03682606901311939,0.03682606901311939,0.03391791887043445,0.03540751679400679,0.125,0.0,1.0,1.0,4.416666666666667,0.6666666666666666
Race 2 - GEE - 2026-06-30,2026-06-30,period1,3,0,12.0,0.06500934450166605,False,False,0.06500934450166605,0.07143337448682413,0.07162787337369048,0.06816770286106158,0.07663838531838502,0.07663838531838502,0.06500934450166605,0.06772869970137194,0.125,0.0,0.0,,4.5,0.3333333333333333
Race 2 - GEE - 2026-06-30,2026-06-30,period1,4,0,7.0,0.11144459057428466,False,False,0.11144459057428466,0.10189870995287602,0.1018695618483646,0.10659921877162241,0.10952010935635316,0.10952010935635316,0.11144459057428463,0.11459462947455606,0.125,1.0,0.0,,,
Race 2 - GEE - 2026-06-30,2026-06-30,period1,5,0,67.0,0.011643464686865562,False,False,0.011643464686865562,0.00910391131937804,0.009065982870148382,0.0102990059006741,0.008430761377965206,0.008430761377965206,0.011643464686865553,0.01210330544805966,0.125,1.0,0.0,,,
Race 2 - GEE - 2026-06-30,2026-06-30,period1,6,0,35.0,0.02228891811485693,False,False,0.02228891811485693,0.021108369638246405,0.020899067629112256,0.021697616164876546,0.018520860748017214,0.018520860748017214,0.02228891811485692,0.02316918471485707,0.125,0.0,0.0,,-1.166666666666666,
Race 2 - GEE - 2026-06-30,2026-06-30,period1,7,1,2.9,0.2690041841448251,False,False,0.2690041841448251,0.2636323859138536,0.2597782926959382,0.2663907129092008,0.22563470215414963,0.22563470215414963,0.26900418414482496,0.27168864446390234,0.125,0.0,0.0,,0.875,
Race 2 - GEE - 2026-06-30,2026-06-30,period1,8,0,12.0,0.06500934450166605,False,False,0.06500934450166605,0.06547880906437797,0.06417229827607425,0.06526471740797575,0.06413325892465206,0.06413325892465206,0.06500934450166605,0.06786440718851304,0.125,1.0,0.0,,,1.0
Race 3 - GEE - 2026-06-30,2026-06-30,period1,1,0,13.0,0.058610011357683886,False,True,0.058610011357683886,0.06938999702552394,0.07029628548865006,0.06390874568043134,0.07922937004561523,0.07922937004561523,0.058610011357683886,0.059972122697901656,0.14285714285714285,0.0,0.0,0.0,-5.875,0.6666666666666666
Race 3 - GEE - 2026-06-30,2026-06-30,period1,2,0,3.7,0.20592706693240279,False,False,0.20592706693240279,0.24890242136759266,0.2505498044861459,0.22688053327446822,0.2728080972817937,0.2728080972817937,0.2059270669324028,0.21361180472873192,0.14285714285714285,0.0,0.0,1.0,-1.375,0.3333333333333333
Race 3 - GEE - 2026-06-30,2026-06-30,period1,3,0,4.4,0.17316594264770238,False,False,0.17316594264770238,0.1570267985040089,0.1580497007503492,0.1652509958963774,0.15583861627528328,0.15583861627528328,0.1731659426477024,0.1717894319966736,0.14285714285714285,0.0,0.0,,-1.666666666666667,
Race 3 - GEE - 2026-06-30,2026-06-30,period1,4,1,5.0,0.1523860295299781,False,False,0.1523860295299781,0.1584478642560349,0.15882706223126244,0.15571904379024684,0.1613921718733233,0.1613921718733233,0.15238602952997812,0.1514766414767752,0.14285714285714285,0.0,1.0,0.0,-0.5,0.0
Race 3 - GEE - 2026-06-30,2026-06-30,period1,5,0,17.0,0.044819420449993555,False,False,0.044819420449993555,0.04292507710519982,0.04275707354849244,0.043955640913986106,0.03869359272735156,0.03869359272735156,0.044819420449993555,0.04354215647676746,0.14285714285714285,0.0,0.0,1.0,-2.5,1.0
Race 3 - GEE - 2026-06-30,2026-06-30,period1,6,0,6.0,0.1269883579416484,False,False,0.1269883579416484,0.10975368693783684,0.10906943330194344,0.11830891446743787,0.09972520501913983,0.09972520501913983,0.12698835794164842,0.12713762781700855,0.14285714285714285,0.0,0.0,,-6.458333333333334,
Race 3 - GEE - 2026-06-30,2026-06-30,period1,8,0,3.2,0.23810317114059076,False,False,0.23810317114059076,0.21355415480380283,0.21045064019315654,0.22597612597705205,0.19231294677749325,0.19231294677749325,0.23810317114059085,0.23247021480614175,0.14285714285714285,0.0,0.0,,21.083333333333332,
Race 4 - GAWL - 2026-06-30,2026-06-30,period1,1,0,2.35,0.3342267913744109,False,False,0.3342267913744109,0.34199876177821614,0.34603895204102114,0.33813065100951417,0.34665986907652946,0.34665986907652946,0.33422679137441097,0.3371338973759608,0.2,0.0,0.0,,1.208333333333333,
Race 4 - GAWL - 2026-06-30,2026-06-30,period1,2,0,6.0,0.13090549328831091,False,False,0.13090549328831091,0.13308066968845159,0.13402703816425382,0.13200429700520244,0.1334434807587795,0.1334434807587795,0.13090549328831094,0.13095048435469364,0.2,0.0,0.0,,-6.583333333333333,
Race 4 - GAWL - 2026-06-30,2026-06-30,period1,4,1,3.5,0.22440941706567588,False,False,0.22440941706567588,0.21205956631691014,0.21201327673978684,0.21817305715194263,0.20902667805762978,0.20902667805762978,0.2244094170656759,0.22049817082161496,0.2,0.0,0.0,,-3.75,
Race 4 - GAWL - 2026-06-30,2026-06-30,period1,6,0,3.7,0.21227917830536905,False,False,0.21227917830536905,0.21506275722636858,0.21231042626889118,0.21369184444780923,0.21533341821451987,0.21533341821451987,0.2122791783053691,0.21616739619174216,0.2,0.0,0.0,,-7.3125,
Race 4 - GAWL - 2026-06-30,2026-06-30,period1,8,0,8.0,0.0981791199662332,False,False,0.0981791199662332,0.09779824499005355,0.095610306786047,0.09800015038553136,0.0955365538925414,0.0955365538925414,0.0981791199662332,0.09525005125598843,0.2,0.0,0.0,,-3.291666666666667,
Race 4 - LADBROKES-Q1-LAKESIDE - 2026-06-30,2026-06-30,period1,1,1,1.6,0.4687089236337638,False,False,0.4687089236337638,0.4790710530636455,0.4843231713830121,0.4741076651680304,0.42801754557165494,0.42801754557165494,0.4687089236337639,0.480230365293721,0.125,0.0,0.0,,-1.875,
Race 4 - LADBROKES-Q1-LAKESIDE - 2026-06-30,2026-06-30,period1,2,0,34.0,0.022056890523941827,False,False,0.022056890523941827,0.019861650609796434,0.020057358634522956,0.020941375947040902,0.019027006206742837,0.019027006206742837,0.022056890523941827,0.021896991847929308,0.125,0.0,1.0,,-4.666666666666666,
Race 4 - LADBROKES-Q1-LAKESIDE - 2026-06-30,2026-06-30,period1,3,0,41.0,0.018291079946683466,False,False,0.018291079946683466,0.018201446616026764,0.018298954166146016,0.01825568056092382,0.01923856775553936,0.01923856775553936,0.018291079946683466,0.018158481044624305,0.125,0.0,0.0,,-0.5833333333333339,
Race 4 - LADBROKES-Q1-LAKESIDE - 2026-06-30,2026-06-30,period1,4,0,31.0,0.02419142831658136,False,False,0.02419142831658136,0.018860856387983245,0.018838142924475897,0.021371591295742853,0.018366291167955223,0.018366291167955223,0.024191428316581363,0.023989981075536567,0.125,0.0,0.0,,-3.583333333333334,
Race 4 - LADBROKES-Q1-LAKESIDE - 2026-06-30,2026-06-30,period1,5,0,3.2,0.2343544618168819,False,False,0.2343544618168819,0.2401481196383508,0.23742748430410343,0.23735676221362897,0.2657230494190919,0.2657230494190919,0.23435446181688194,0.22673996874561547,0.125,1.0,1.0,,,
Race 4 - LADBROKES-Q1-LAKESIDE - 2026-06-30,2026-06-30,period1,6,0,5.0,0.14998685556280444,False,False,0.14998685556280444,0.13456847560966542,0.1332942510080417,0.14214240761584626,0.14508815170864187,0.14508815170864187,0.14998685556280444,0.14701025661425604,0.125,0.0,0.0,,1.416666666666666,
Race 4 - LADBROKES-Q1-LAKESIDE - 2026-06-30,2026-06-30,period1,7,0,14.0,0.053566734129573,False,False,0.053566734129573,0.057750847578917026,0.056855570533353786,0.055648333939814026,0.06692756570259609,0.06692756570259609,0.053566734129573,0.053072184225736174,0.125,0.0,0.0,,8.239666666666666,
Race 4 - LADBROKES-Q1-LAKESIDE - 2026-06-30,2026-06-30,period1,8,0,26.0,0.028843626069770083,False,True,0.028843626069770083,0.03153755049561467,0.03090506704634388,0.03017618325897283,0.03761182246777769,0.03761182246777769,0.028843626069770086,0.028901771152581045,0.125,0.0,0.0,,-4.75,
Race 5 - HOBT - 2026-06-30,2026-06-30,period1,1,0,15.0,0.05132078738469453,False,False,0.05132078738469453,0.04749401399170856,0.048530868840101056,0.049401849170825934,0.04479750567216608,0.04479750567216608,0.05132078738469453,0.051964029223169304,0.125,0.0,0.0,,3.791666666666667,0.75
Race 5 - HOBT - 2026-06-30,2026-06-30,period1,2,1,23.0,0.03347007872914861,False,False,0.03347007872914861,0.02645721516617996,0.02689007843522473,0.02977676706821629,0.024997629976496478,0.024997629976496478,0.03347007872914862,0.03375290587045841,0.125,0.0,1.0,,2.25,
Race 5 - HOBT - 2026-06-30,2026-06-30,period1,3,0,101.0,0.007621899116538793,False,False,0.007621899116538793,0.007277542332711682,0.007380138958156228,0.00745248448019288,0.007319508344503912,0.007319508344503912,0.007621899116538791,0.007734770675842201,0.125,0.0,0.0,1.0,-5.958333333333334,1.0
Race 5 - HOBT - 2026-06-30,2026-06-30,period1,4,0,3.1,0.2483263905711026,False,False,0.2483263905711026,0.24747292361781542,0.24917679438008877,0.24805751837888282,0.25347848700978604,0.25347848700978604,0.2483263905711026,0.2413425601749422,0.125,0.0,1.0,0.0,-2.9011666666666667,0.0
Race 5 - HOBT - 2026-06-30,2026-06-30,period1,5,0,101.0,0.007621899116538793,False,False,0.007621899116538793,0.005632620703301681,0.005647437144500873,0.006556377687990161,0.005032407757434065,0.005032407757434065,0.007621899116538791,0.007611260800126529,0.125,0.0,1.0,,0.375,
Race 5 - HOBT - 2026-06-30,2026-06-30,period1,6,0,2.0,0.384905905385209,False,False,0.384905905385209,0.37958151038094406,0.37870429676482503,0.38247840881426015,0.37220750165501293,0.37220750165501293,0.384905905385209,0.38486597335893746,0.125,0.0,0.0,,0.583333333333333,
Race 5 - HOBT - 2026-06-30,2026-06-30,period1,7,0,12.0,0.06415098423086817,False,False,0.06415098423086817,0.061205852915373817,0.060758517409688566,0.06270111316010563,0.060142709664256264,0.060142709664256264,0.06415098423086818,0.06516046451044956,0.125,0.0,0.0,1.0,-8.041666666666666,0.5
Race 5 - HOBT - 2026-06-30,2026-06-30,period1,8,0,3.8,0.20258205546589947,False,False,0.20258205546589947,0.22487832089196494,0.22291186806741473,0.21357548123952616,0.23202424992034418,0.23202424992034418,0.20258205546589947,0.2075680353860744,0.125,0.0,0.0,0.0,1.125,0.25
Race 6 - GAWL - 2026-06-30,2026-06-30,period1,1,0,3.9,0.2043944813490036,False,False,0.2043944813490036,0.1949309928309557,0.19943308730214462,0.19978112412596505,0.20873748286985858,0.20873748286985858,0.2043944813490036,0.2079394420666184,0.2,0.0,0.0,,-1.458333333333334,
Race 6 - GAWL - 2026-06-30,2026-06-30,period1,2,0,5.0,0.1594276954522228,False,False,0.1594276954522228,0.13890821013789245,0.14099457898502513,0.1489447720555809,0.13448927431649385,0.13448927431649385,0.1594276954522228,0.1597206594810976,0.2,0.0,0.0,,5.0,
Race 6 - GAWL - 2026-06-30,2026-06-30,period1,4,0,4.8,0.1660705160960654,False,False,0.1660705160960654,0.1910245530275779,0.1912375272621946,0.17826672501073318,0.1894067468816332,0.1894067468816332,0.16607051609606538,0.16150321355015265,0.2,0.0,0.0,,-0.4166666666666665,0.0
Race 6 - GAWL - 2026-06-30,2026-06-30,period1,7,1,3.9,0.2043944813490036,False,False,0.2043944813490036,0.21100274919301365,0.20833819818972107,0.20785384465212145,0.20488840835476105,0.20488840835476105,0.2043944813490036,0.2062093563329567,0.2,0.0,0.0,,-2.041666666666667,
Race 6 - GAWL - 2026-06-30,2026-06-30,period1,8,0,3.0,0.26571282575370464,False,False,0.26571282575370464,0.2641334948105603,0.2599966082609145,0.2651535341555994,0.2624780875772534,0.2624780875772534,0.26571282575370464,0.26462732856917465,0.2,0.0,0.0,,-2.041666666666667,
Race 7 - HOBT - 2026-06-30,2026-06-30,period1,1,1,1.7,0.43935529392757544,False,False,0.43935529392757544,0.46478428367743174,0.4681505840772033,0.4528536313051222,0.46935229946524626,0.46935229946524626,0.43935529392757544,0.4690882799479991,0.125,0.0,1.0,,1.0,0.16666666666666666
Race 7 - HOBT - 2026-06-30,2026-06-30,period1,2,0,7.0,0.10670057138241118,False,False,0.10670057138241118,0.08068387514204294,0.08082740092479475,0.09298244297406763,0.07621443197332237,0.07621443197332237,0.1067005713824112,0.09728273293511433,0.125,0.0,1.0,,-1.3436666666666666,
Race 7 - HOBT - 2026-06-30,2026-06-30,period1,3,0,8.0,0.09336299995960978,False,False,0.09336299995960978,0.11907377745126281,0.11862172673772396,0.1056622051871983,0.12524722034609034,0.12524722034609034,0.09336299995960978,0.09150008811611952,0.125,0.0,0.0,1.0,-14.083333333333332,0.6666666666666666
Race 7 - HOBT - 2026-06-30,2026-06-30,period1,4,0,5.0,0.14938079993537567,False,False,0.14938079993537567,0.1397871528392294,0.139552475818344,0.14481222473815533,0.1348434845032344,0.1348434845032344,0.14938079993537567,0.14004606425200727,0.125,0.0,0.0,1.0,0.16666666666666652,0.3333333333333333
Race 7 - HOBT - 2026-06-30,2026-06-30,period1,5,0,9.5,0.07862147365019771,False,False,0.07862147365019771,0.07145663800691567,0.07100273446343176,0.07511316898053005,0.07118244855412134,0.07118244855412134,0.07862147365019771,0.07423864574489811,0.125,0.0,1.0,0.0,-3.083333333333333,0.0
Race 7 - HOBT - 2026-06-30,2026-06-30,period1,6,0,61.0,0.012244327863555383,False,False,0.012244327863555383,0.01110482031044389,0.010993033335962389,0.011685503999079857,0.011134943432182822,0.011134943432182822,0.012244327863555388,0.011814977211561984,0.125,0.0,0.0,2.0,-1.125,1.0
Race 7 - HOBT - 2026-06-30,2026-06-30,period1,7,0,20.0,0.03734519998384392,False,False,0.03734519998384392,0.03300966478913571,0.0324873205725789,0.035185372838378144,0.03179610076392128,0.03179610076392128,0.037345199983843926,0.035286392327742264,0.125,0.0,0.0,0.0,-3.4428333333333336,0.5
Race 7 - HOBT - 2026-06-30,2026-06-30,period1,8,0,9.0,0.08298933329743091,False,False,0.08298933329743091,0.08009978778353774,0.07836472406996092,0.0817054499774684,0.08022907096188112,0.08022907096188112,0.08298933329743093,0.0807428194645575,0.125,0.0,0.0,1.0,1.7916666666666665,0.8333333333333334
Race 8 - GAWL - 2026-06-30,2026-06-30,period1,1,0,5.5,0.13981916299808317,False,False,0.13981916299808317,0.12959720382622975,0.13146935613371,0.1350078693069869,0.1239745269451076,0.1239745269451076,0.13981916299808317,0.1392509899465358,0.16666666666666666,0.0,0.0,,-2.958333333333333,
Race 8 - GAWL - 2026-06-30,2026-06-30,period1,2,0,4.8,0.1602094576019703,False,False,0.1602094576019703,0.1378865697900068,0.1394046204193729,0.1490675032784313,0.1285327573733137,0.1285327573733137,0.1602094576019703,0.1549368704446198,0.16666666666666666,0.0,0.0,,-0.875,1.0
Race 8 - GAWL - 2026-06-30,2026-06-30,period1,4,0,14.0,0.0549289568921041,False,False,0.0549289568921041,0.04365089968761367,0.043832748007004756,0.04911059481234391,0.04121720183119226,0.04121720183119226,0.05492895689210409,0.05652146827234002,0.16666666666666666,0.0,0.0,,-3.041666666666666,
Race 8 - GAWL - 2026-06-30,2026-06-30,period1,5,1,1.95,0.39436174178946537,False,False,0.39436174178946537,0.45205148496063086,0.45087825733732445,0.4234666924289636,0.47127342756140417,0.47127342756140417,0.39436174178946537,0.38949437484616617,0.16666666666666666,0.0,0.0,,0.33333333333333304,0.5
Race 8 - GAWL - 2026-06-30,2026-06-30,period1,7,0,4.8,0.1602094576019703,False,False,0.1602094576019703,0.13013119613948804,0.12900614728201626,0.1448147185518253,0.12543741897676425,0.12543741897676425,0.1602094576019703,0.16202067304327475,0.16666666666666666,0.0,0.0,,-0.41666666666666696,
Race 8 - GAWL - 2026-06-30,2026-06-30,period1,8,0,8.5,0.09047122311640675,False,False,0.09047122311640675,0.10668264559603088,0.10540887082057171,0.09853262162144891,0.10956466731221808,0.10956466731221808,0.09047122311640676,0.09777562344706348,0.16666666666666666,0.0,0.0,,9.583333333333334,0.0
Race 9 - HOBT - 2026-06-30,2026-06-30,period1,1,0,27.0,0.028154034592962816,False,False,0.028154034592962816,0.02516573506204666,0.025765527540101547,0.02666273234511819,0.023912542309952357,0.023912542309952357,0.028154034592962812,0.027429458639092894,0.125,0.0,0.0,,1.958333333333334,1.0
Race 9 - HOBT - 2026-06-30,2026-06-30,period1,2,0,27.0,0.028154034592962816,False,False,0.028154034592962816,0.021285584862015875,0.02161665180061432,0.02452125179087595,0.01959366073260472,0.01959366073260472,0.028154034592962812,0.02717827882778025,0.125,0.0,1.0,,-2.125,
Race 9 - HOBT - 2026-06-30,2026-06-30,period1,3,0,9.0,0.08446210377888845,False,False,0.08446210377888845,0.07668564877954807,0.0777187465749961,0.08061530814533856,0.07240271972856684,0.07240271972856684,0.08446210377888842,0.08362369043996834,0.125,0.0,0.0,1.0,-2.25,0.6666666666666666
Race 9 - HOBT - 2026-06-30,2026-06-30,period1,4,0,11.0,0.06910535763727238,False,False,0.06910535763727238,0.06324284618611223,0.0636896440958024,0.06622029113780656,0.05858142597114462,0.05858142597114462,0.06910535763727238,0.06671032075909701,0.125,0.0,1.0,1.0,1.166666666666667,0.5
Race 9 - HOBT - 2026-06-30,2026-06-30,period1,5,0,7.5,0.10135452453466615,False,False,0.10135452453466615,0.08415527072659076,0.08465823823640613,0.0925106546074487,0.08443949634012607,0.08443949634012607,0.10135452453466613,0.0970688394328211,0.125,0.0,1.0,0.0,-0.25,0.0
Race 9 - HOBT - 2026-06-30,2026-06-30,period1,6,1,3.4,0.22357615706176356,False,False,0.22357615706176356,0.21360500340683317,0.2131654688519242,0.21890111671595194,0.2140576786479354,0.2140576786479354,0.22357615706176354,0.22349518838411223,0.125,0.0,0.0,2.0,-4.208333333333334,0.16666666666666666
Race 9 - HOBT - 2026-06-30,2026-06-30,period1,7,0,1.85,0.4108967210864843,False,False,0.4108967210864843,0.462984060209138,0.46119721804359814,0.4368968167418846,0.4735476248365403,0.4735476248365403,0.4108967210864843,0.4210729801505273,0.125,0.0,0.0,0.0,4.656333333333333,0.8333333333333334
Race 9 - HOBT - 2026-06-30,2026-06-30,period1,8,0,14.0,0.05429706671499972,False,False,0.05429706671499972,0.05287585076771525,0.05218850485655736,0.053671828515575684,0.05346485143312968,0.05346485143312968,0.05429706671499972,0.053421243366600826,0.125,0.0,1.0,1.0,-1.583333333333333,0.3333333333333333
Race 1 - BEN - 2026-07-01,2026-07-01,period2,1,0,3.1,0.24993819358352443,False,False,0.24993819358352443,0.2735438305374438,0.27959345568211735,0.2616455581031232,0.2670529250923485,0.2670529250923485,0.27304209247542444,0.2479917676078276,0.125,0.0,0.0,,3.166666666666666,0.5
Race 1 - BEN - 2026-07-01,2026-07-01,period2,2,0,31.0,0.024993819358352442,False,True,0.024993819358352442,0.023626281664670935,0.0240099441531343,0.024316305592649055,0.030492206337750256,0.030492206337750256,0.015354285211537609,0.02519984701428413,0.125,0.0,0.0,,-3.083333333333334,
Race 1 - BEN - 2026-07-01,2026-07-01,period2,3,0,4.0,0.19370210002723143,False,False,0.19370210002723143,0.18124482871696887,0.1824359125808902,0.18749235644774948,0.20870010830397231,0.20870010830397231,0.19854398374383422,0.19464839189234973,0.125,0.0,0.0,,-1.375,
Race 1 - BEN - 2026-07-01,2026-07-01,period2,4,0,51.0,0.015192321570763249,False,False,0.015192321570763249,0.015538746815251307,0.015536364697389143,0.015374594074630996,0.01508031267398708,0.01508031267398708,0.008240792913429917,0.015097542802999953,0.125,0.0,0.0,,0.9583333333333339,0.25
Race 1 - BEN - 2026-07-01,2026-07-01,period2,5,1,2.9,0.2671753103823882,False,False,0.2671753103823882,0.24881175842991454,0.24719668574382903,0.2579985126893584,0.199652583081596,0.199652583081596,0.2967797218391328,0.2655085113631026,0.125,1.0,0.0,,,0.0
Race 1 - BEN - 2026-07-01,2026-07-01,period2,6,0,9.0,0.08608982223432507,False,False,0.08608982223432507,0.087541309625152,0.08616571663870007,0.08686923880584879,0.07024347594299923,0.07024347594299923,0.07204910395138252,0.0856210657830828,0.125,0.0,1.0,,6.375,0.75
Race 1 - BEN - 2026-07-01,2026-07-01,period2,7,0,13.0,0.05960064616222506,False,False,0.05960064616222506,0.05733514982268736,0.0560541347223356,0.05849510848143342,0.06937076515884198,0.06937076515884198,0.04549907111658068,0.05913649842955888,0.125,0.0,0.0,,0.625,
Race 1 - BEN - 2026-07-01,2026-07-01,period2,8,0,7.5,0.10330778668119009,False,False,0.10330778668119009,0.11235809438791118,0.1090077857816043,0.10780832580520669,0.13940762340850466,0.13940762340850466,0.09049094874867783,0.10679637510679439,0.125,0.0,0.0,,-3.708333333333334,1.0
Race 1 - TAREE - 2026-07-01,2026-07-01,period2,1,0,4.0,0.19314578772253857,False,False,0.19314578772253857,0.19640664678702097,0.20167454135251767,0.19495947900423732,0.20890637770121695,0.20890637770121695,0.1983944963598814,0.19177996015061846,0.125,0.0,1.0,,6.5,
Race 1 - TAREE - 2026-07-01,2026-07-01,period2,2,0,6.0,0.12876385848169236,False,False,0.12876385848169236,0.14510085783615576,0.14754083806122018,0.13682190267718297,0.1566801663531882,0.1566801663531882,0.1195131096106366,0.12765385771533766,0.125,0.0,0.0,,3.25,
Race 1 - TAREE - 2026-07-01,2026-07-01,period2,3,0,21.0,0.036789673851912105,False,True,0.036789673851912105,0.039753285539825364,0.04010279445075241,0.03828010562474942,0.04727425321024082,0.04727425321024082,0.024964937953001153,0.036812024966906144,0.125,0.0,0.0,,-1.0,
Race 1 - TAREE - 2026-07-01,2026-07-01,period2,4,0,26.0,0.02971473657269824,False,True,0.02971473657269824,0.03322937917388743,0.03327973194026651,0.03145362469277939,0.04198368043253296,0.04198368043253296,0.019115599571813455,0.029758422400318424,0.125,0.0,0.0,,-3.541666666666666,
Race 1 - TAREE - 2026-07-01,2026-07-01,period2,5,1,4.8,0.16095482310211548,False,False,0.16095482310211548,0.17105183589472472,0.17001004378333848,0.16608848052957176,0.18233581731888632,0.18233581731888632,0.15796215963338675,0.16148765758900796,0.125,0.0,0.0,,10.0,
Race 1 - TAREE - 2026-07-01,2026-07-01,period2,6,0,2.45,0.315340061587818,False,False,0.315340061587818,0.2840358070840707,0.27988777174537094,0.29957099717254704,0.24205472615515572,0.24205472615515572,0.3661398539561718,0.3189193034218339,0.125,1.0,0.0,,,
Race 1 - TAREE - 2026-07-01,2026-07-01,period2,7,0,7.0,0.11036902155573632,False,False,0.11036902155573632,0.10161539496798508,0.09948486569100767,0.10600515746572581,0.08598859937703787,0.08598859937703787,0.09856711822474862,0.10894485861573877,0.125,1.0,0.0,,,
Race 1 - TAREE - 2026-07-01,2026-07-01,period2,8,0,31.0,0.024922037125488846,False,False,0.024922037125488846,0.02880679271633002,0.02801941297552615,0.026820252833206253,0.034776379451741175,0.034776379451741175,0.015342724690360078,0.024643915140238577,0.125,0.0,0.0,,0.8333333333333339,
Race 2 - CAPALABA - 2026-07-01,2026-07-01,period2,1,0,41.0,0.018975536407468473,False,False,0.018975536407468473,0.017252245549983166,0.018186012607770745,0.018102274840957527,0.02352626610145653,0.02352626610145653,0.009183305545311141,0.01875018866241825,0.16666666666666666,0.0,0.0,,-3.291666666666666,1.0
Race 2 - CAPALABA - 2026-07-01,2026-07-01,period2,2,0,15.0,0.05186646618041382,False,False,0.05186646618041382,0.04275414943601987,0.044448454717629295,0.0471135438948618,0.04419359375263567,0.04419359375263567,0.032274890790532,0.0494381342749685,0.16666666666666666,0.0,0.0,,0.4166666666666665,0.6
Race 2 - CAPALABA - 2026-07-01,2026-07-01,period2,4,0,27.0,0.028814703433563234,False,True,0.028814703433563234,0.028148416344850154,0.02899617762966936,0.028493602952499926,0.0392558126342462,0.0392558126342462,0.015480113836014926,0.028720921791342082,0.16666666666666666,0.0,0.0,,-7.833333333333334,0.4
Race 2 - CAPALABA - 2026-07-01,2026-07-01,period2,5,0,2.0,0.3889984963531037,False,False,0.3889984963531037,0.414328789673147,0.4193147807115487,0.40166114796391256,0.4914947868823394,0.4914947868823394,0.4005819355329965,0.39827635019929175,0.16666666666666666,0.0,0.0,,4.75,0.2
Race 2 - CAPALABA - 2026-07-01,2026-07-01,period2,7,0,31.0,0.025096677184071204,False,False,0.025096677184071204,0.02388400126275979,0.02402902175954961,0.02449486008702109,0.02572203013546853,0.02572203013546853,0.013024970187656387,0.02400945112462461,0.16666666666666666,0.0,0.0,,3.0,0.8
Race 2 - CAPALABA - 2026-07-01,2026-07-01,period2,8,1,1.6,0.4862481204413796,False,False,0.4862481204413796,0.47363239773323995,0.4650255525738323,0.48013457026074724,0.37580751049385347,0.37580751049385347,0.5294547841074889,0.4808049539473548,0.16666666666666666,1.0,0.0,,,0.0
Race 2 - LADBROKES-Q1-LAKESIDE - 2026-07-01,2026-07-01,period2,1,0,11.0,0.06759283412685436,False,False,0.06759283412685436,0.07997238594314485,0.08201920550086955,0.07371480099565351,0.09416369327886702,0.09416369327886702,0.05236108604067361,0.06971474572591133,0.125,0.0,0.0,,-4.166666666666666,
Race 2 - LADBROKES-Q1-LAKESIDE - 2026-07-01,2026-07-01,period2,2,0,2.6,0.2859696828443838,False,False,0.2859696828443838,0.23573181816389488,0.2371507063938035,0.2603175464853445,0.20959025722354563,0.20959025722354563,0.3177114139159658,0.2850781981546692,0.125,1.0,0.0,,,
Race 2 - LADBROKES-Q1-LAKESIDE - 2026-07-01,2026-07-01,period2,3,0,5.0,0.1487042350790796,False,False,0.1487042350790796,0.17511639627018014,0.17717751585282093,0.16179288414532345,0.1938958215053893,0.1938958215053893,0.14029332131411998,0.14720702459396046,0.125,0.0,0.0,,0.45833333333333304,
Race 2 - LADBROKES-Q1-LAKESIDE - 2026-07-01,2026-07-01,period2,4,0,71.0,0.010472129230921098,False,False,0.010472129230921098,0.012381408197584322,0.012441542745937161,0.011416601969624464,0.012499548159963906,0.012499548159963906,0.005089516965434457,0.010385017167802638,0.125,0.0,1.0,,4.666666666666666,
Race 2 - LADBROKES-Q1-LAKESIDE - 2026-07-01,2026-07-01,period2,5,0,3.0,0.24784039179846598,False,False,0.24784039179846598,0.22964321010391,0.22833806874218388,0.2391922976402707,0.18372746332026668,0.18372746332026668,0.2656733144385846,0.24496283878219302,0.125,1.0,0.0,,,
Race 2 - LADBROKES-Q1-LAKESIDE - 2026-07-01,2026-07-01,period2,6,1,4.0,0.1858802938488495,False,False,0.1858802938488495,0.20627126496043294,0.20346693130996008,0.19632263918885592,0.23622230691330098,0.23622230691330098,0.1854276580127301,0.1891291807910686,0.125,0.0,0.0,,-2.25,
Race 2 - LADBROKES-Q1-LAKESIDE - 2026-07-01,2026-07-01,period2,7,0,41.0,0.0181346628145219,False,False,0.0181346628145219,0.020746712924864092,0.02035291875511222,0.01944749792587013,0.021904101694866365,0.021904101694866365,0.010110431273614532,0.017955777828709288,0.125,0.0,0.0,,3.583333333333334,
Race 2 - LADBROKES-Q1-LAKESIDE - 2026-07-01,2026-07-01,period2,8,0,21.0,0.03540577025692371,False,True,0.03540577025692371,0.0401368034359888,0.03905311069931265,0.03779573164905729,0.047996807903800044,0.047996807903800044,0.023333258038876835,0.03556721695568539,0.125,0.0,0.0,,-2.375,
Race 3 - LADBROKES-Q1-LAKESIDE - 2026-07-01,2026-07-01,period2,1,0,7.5,0.10028442009902032,False,False,0.10028442009902032,0.10444778240379463,0.10751495488549113,0.10237712094691075,0.11505346931341251,0.11505346931341251,0.08254024429752277,0.09849106939826019,0.125,0.0,1.0,,-0.29166666666666696,
Race 3 - LADBROKES-Q1-LAKESIDE - 2026-07-01,2026-07-01,period2,2,0,21.0,0.03581586432107868,False,True,0.03581586432107868,0.0396826372312462,0.04052714385249179,0.03771156434020961,0.048697211578863614,0.048697211578863614,0.02278862966330093,0.03678317130667532,0.125,0.0,0.0,,-4.958333333333334,
Race 3 - LADBROKES-Q1-LAKESIDE - 2026-07-01,2026-07-01,period2,3,0,12.0,0.0626777625618877,False,False,0.0626777625618877,0.05568321827708452,0.056268722407501505,0.059095644430748856,0.046716514333875046,0.046716514333875046,0.04586863029183358,0.06179565863786368,0.125,1.0,0.0,,,
Race 3 - LADBROKES-Q1-LAKESIDE - 2026-07-01,2026-07-01,period2,4,1,1.7,0.44243126514273673,False,False,0.44243126514273673,0.44006544297234546,0.441682295927156,0.44138554303839145,0.4129640499113235,0.4129640499113235,0.5277535671739497,0.4489220955243663,0.125,0.0,0.0,,2.458333333333333,
Race 3 - LADBROKES-Q1-LAKESIDE - 2026-07-01,2026-07-01,period2,5,0,7.5,0.10028442009902032,False,False,0.10028442009902032,0.1056747334998543,0.1053257426069794,0.10297667882005292,0.10841517717332615,0.10841517717332615,0.08254024429752277,0.09869867654452019,0.125,0.0,0.0,,2.125,
Race 3 - LADBROKES-Q1-LAKESIDE - 2026-07-01,2026-07-01,period2,6,0,34.0,0.022121563257136833,False,False,0.022121563257136833,0.024462308987784544,0.02423670342735217,0.02326982928953264,0.01976553691121345,0.01976553691121345,0.012477962694406418,0.021866238971896247,0.125,0.0,0.0,,8.583333333333332,
Race 3 - LADBROKES-Q1-LAKESIDE - 2026-07-01,2026-07-01,period2,7,0,35.0,0.02148951859264721,False,False,0.02148951859264721,0.02378408994608414,0.023397496980418524,0.022614822278986552,0.019399241187567712,0.019399241187567712,0.012033924259265543,0.021241489286984928,0.125,0.0,0.0,,10.25,
Race 3 - LADBROKES-Q1-LAKESIDE - 2026-07-01,2026-07-01,period2,8,0,3.5,0.2148951859264721,False,False,0.2148951859264721,0.20619978668180625,0.20104693991260958,0.21056879685516727,0.22898879959041799,0.22898879959041799,0.21399679732219817,0.21220160032943322,0.125,0.0,1.0,,3.375,
Race 4 - MURRAY-BRIDGE-STRAIGHT - 2026-07-01,2026-07-01,period2,1,0,46.0,0.01754701614287068,False,False,0.01754701614287068,0.012810052417002678,0.013180860220495094,0.015003536176476498,0.010977218409694359,0.010977218409694359,0.008266955678652715,0.01643344747550083,0.2,0.0,1.0,,6.375,
Race 4 - MURRAY-BRIDGE-STRAIGHT - 2026-07-01,2026-07-01,period2,2,0,27.0,0.02989491639155745,False,False,0.02989491639155745,0.022425645193147156,0.023011186483038792,0.025911209365489532,0.019979482173815656,0.019979482173815656,0.01609119114046006,0.027731522839100745,0.2,0.0,0.0,,0.7083333333333335,
Race 4 - MURRAY-BRIDGE-STRAIGHT - 2026-07-01,2026-07-01,period2,4,1,1.45,0.5566639603945182,False,False,0.5566639603945182,0.58406800563803,0.5885907618874932,0.5706171227102302,0.5947730169407912,0.5947730169407912,0.6224190782376254,0.5725928870028328,0.2,0.0,0.0,,-2.333333333333333,
Race 4 - MURRAY-BRIDGE-STRAIGHT - 2026-07-01,2026-07-01,period2,6,0,7.5,0.10762169900960683,False,False,0.10762169900960683,0.09892603149323496,0.09762985786453496,0.10325753523057708,0.10808865066908849,0.10808865066908849,0.07979328036457888,0.10600942768561465,0.2,0.0,0.0,,-3.208333333333333,
Race 4 - MURRAY-BRIDGE-STRAIGHT - 2026-07-01,2026-07-01,period2,8,0,2.8,0.2882724080614469,False,False,0.2882724080614469,0.28177026525858523,0.27758733354443793,0.2852105965172266,0.2661816318066102,0.2661816318066102,0.27342949457868304,0.2772327149969509,0.2,0.0,0.0,,0.33333333333333326,
Race 5 - CAPALABA - 2026-07-01,2026-07-01,period2,1,0,21.0,0.03759446691494612,False,False,0.03759446691494612,0.038246048351532724,0.039930062527369664,0.037929565150726534,0.04084754120598171,0.04084754120598171,0.02199416500306288,0.03739155551458207,0.16666666666666666,0.0,0.0,,-2.291666666666666,0.6
Race 5 - CAPALABA - 2026-07-01,2026-07-01,period2,2,0,7.5,0.10526450736184914,False,False,0.10526450736184914,0.10841353815482703,0.1123345869824164,0.10685758469318367,0.10087237096114547,0.10087237096114547,0.0796626993064169,0.10115204357760242,0.16666666666666666,0.0,0.0,,1.3333333333333335,0.4
Race 5 - CAPALABA - 2026-07-01,2026-07-01,period2,3,0,18.0,0.04386021140077047,False,False,0.04386021140077047,0.04060897201141898,0.04164643993638315,0.04221521170126911,0.03068618757189722,0.03068618757189722,0.026668031896924044,0.04247611747839662,0.16666666666666666,0.0,1.0,,6.791666666666666,1.0
Race 5 - CAPALABA - 2026-07-01,2026-07-01,period2,6,0,3.4,0.2322011191805496,False,False,0.2322011191805496,0.21517889697682827,0.2153588739721499,0.22359114818743694,0.182001552205054,0.182001552205054,0.21415733360904052,0.2234771505471732,0.16666666666666666,0.0,0.0,,2.5,0.2
Race 5 - CAPALABA - 2026-07-01,2026-07-01,period2,7,0,46.0,0.017162691417692794,False,False,0.017162691417692794,0.016083278481213024,0.01598683697484547,0.0166189125005651,0.015048029248906997,0.015048029248906997,0.008253426872525636,0.016581938716050664,0.16666666666666666,0.0,0.0,,2.125,0.8
Race 5 - CAPALABA - 2026-07-01,2026-07-01,period2,8,1,1.4,0.5639170037241918,False,False,0.5639170037241918,0.58146926602418,0.5747431996068353,0.5727875777668185,0.6305443188070146,0.6305443188070146,0.6492643433120301,0.578921194166195,0.16666666666666666,0.0,0.0,,-2.75,0.0
Race 5 - MURRAY-BRIDGE-STRAIGHT - 2026-07-01,2026-07-01,period2,2,0,3.3,0.2437632182159369,False,False,0.2437632182159369,0.25689981863734596,0.2634836099050551,0.2503863791594118,0.259023883071215,0.259023883071215,0.23111886365567907,0.2340920385789391,0.2,0.0,0.0,,2.4583333333333335,
Race 5 - MURRAY-BRIDGE-STRAIGHT - 2026-07-01,2026-07-01,period2,4,0,27.0,0.029793282226392288,False,False,0.029793282226392288,0.027719021027049432,0.028194305085278967,0.028753640122472897,0.023038985409141885,0.023038985409141885,0.0167021782081946,0.028766964153171908,0.2,0.0,0.0,,6.781333333333333,
Race 5 - MURRAY-BRIDGE-STRAIGHT - 2026-07-01,2026-07-01,period2,5,0,51.0,0.01577291411985474,False,False,0.01577291411985474,0.014472359310337447,0.01445624996743205,0.015117164923238282,0.016561774514871043,0.016561774514871043,0.007542496169124401,0.015330265477834924,0.2,0.0,0.0,,-0.916666666666667,
Race 5 - MURRAY-BRIDGE-STRAIGHT - 2026-07-01,2026-07-01,period2,7,1,2.8,0.28729236432592564,False,False,0.28729236432592564,0.3074362983383449,0.30714145413059796,0.29736121767841833,0.2989841799572586,0.2989841799572586,0.28381168963599623,0.2828573686854848,0.2,0.0,0.0,,3.2083333333333335,
Race 5 - MURRAY-BRIDGE-STRAIGHT - 2026-07-01,2026-07-01,period2,8,0,1.9,0.4233782211118904,True,False,0.4233782211118904,0.39347250268692235,0.386724380911636,0.40838159811645874,0.4023911770475135,0.4023911770475135,0.46082477233100566,0.4389533631045692,0.2,0.0,1.0,,-0.5,
Race 6 - CAPALABA - 2026-07-01,2026-07-01,period2,1,0,23.0,0.033324481866170985,False,False,0.033324481866170985,0.027162843840188924,0.028093226626109004,0.030145319171911888,0.0344522265953601,0.0344522265953601,0.01990599967374913,0.033511322796666305,0.14285714285714285,0.0,0.0,,-4.416666666666666,
Race 6 - CAPALABA - 2026-07-01,2026-07-01,period2,2,0,7.0,0.10949472613170465,False,False,0.10949472613170465,0.09674337587409335,0.09928341042029351,0.10312353337301924,0.11975649741199028,0.11975649741199028,0.08805849072608662,0.10871228454024094,0.14285714285714285,0.0,0.0,,-4.125,1.0
Race 6 - CAPALABA - 2026-07-01,2026-07-01,period2,3,0,20.0,0.03832315414609663,False,False,0.03832315414609663,0.03257309580470019,0.033481635835027355,0.035400606815747374,0.03935023590468871,0.03935023590468871,0.023705891539275315,0.03866641427160015,0.14285714285714285,0.0,1.0,,-3.833333333333334,0.0
Race 6 - CAPALABA - 2026-07-01,2026-07-01,period2,4,0,4.8,0.1596798089420693,False,False,0.1596798089420693,0.14694988914009707,0.14877685577617517,0.15348297148807663,0.1496347364544617,0.1496347364544617,0.14112119355495822,0.1586561928697258,0.14285714285714285,0.0,0.0,,-1.625,0.8
Race 6 - CAPALABA - 2026-07-01,2026-07-01,period2,6,0,7.5,0.10219507772292434,False,False,0.10219507772292434,0.0838729459748253,0.08322993884678961,0.09276336687304791,0.07099898572083652,0.07099898572083652,0.08078248495482669,0.09881128559811478,0.14285714285714285,0.0,0.0,,2.75,0.4
Race 6 - CAPALABA - 2026-07-01,2026-07-01,period2,7,0,27.0,0.028387521589701207,False,False,0.028387521589701207,0.024000359138188026,0.02370962909782701,0.026153099986957435,0.021589372084976365,0.021589372084976365,0.016290675107856444,0.027441920899508268,0.14285714285714285,0.0,1.0,,1.791666666666667,0.6
Race 6 - CAPALABA - 2026-07-01,2026-07-01,period2,8,1,1.45,0.5285952296013329,False,False,0.5285952296013329,0.5886974902279073,0.5834253033977784,0.5589311022912395,0.5642179458276861,0.5642179458276861,0.6301352644432475,0.5342005790241436,0.14285714285714285,0.0,0.0,,1.8333333333333335,0.2
Race 7 - MURRAY-BRIDGE-STRAIGHT - 2026-07-01,2026-07-01,period2,1,0,8.5,0.0920148394076501,False,False,0.0920148394076501,0.08086839952878346,0.0829019938457528,0.08636463108335413,0.08203654726822643,0.08203654726822643,0.06645182757297817,0.08511628042832503,0.16666666666666666,0.0,0.0,,-2.958333333333333,
Race 7 - MURRAY-BRIDGE-STRAIGHT - 2026-07-01,2026-07-01,period2,2,1,1.3,0.6016354884346352,False,False,0.6016354884346352,0.646659071255851,0.6489847066634851,0.6244849436633177,0.6762387908069541,0.6762387908069541,0.6947865398946517,0.6378039183637934,0.16666666666666666,0.0,0.0,,-5.208333333333333,
Race 7 - MURRAY-BRIDGE-STRAIGHT - 2026-07-01,2026-07-01,period2,4,0,51.0,0.015335806567941682,False,False,0.015335806567941682,0.012965153553435112,0.012974431095952187,0.014117562054182126,0.011088268945265831,0.011088268945265831,0.007076489498719454,0.013801979963675893,0.16666666666666666,0.0,1.0,,2.666666666666667,
Race 7 - MURRAY-BRIDGE-STRAIGHT - 2026-07-01,2026-07-01,period2,5,0,4.8,0.16294294478438037,False,False,0.16294294478438037,0.1523658837602048,0.15046281935830585,0.15775357496468975,0.1470264382590136,0.1470264382590136,0.1357466247436984,0.14787700260129466,0.16666666666666666,0.0,1.0,,-0.541666666666667,
Race 7 - MURRAY-BRIDGE-STRAIGHT - 2026-07-01,2026-07-01,period2,7,0,6.5,0.12032709768692705,False,False,0.12032709768692705,0.10072796140192258,0.09843749093735993,0.11022352731808104,0.07784222815506334,0.07784222815506334,0.09292635251653249,0.10840124555558252,0.16666666666666666,0.0,0.0,,6.833333333333334,
Race 7 - MURRAY-BRIDGE-STRAIGHT - 2026-07-01,2026-07-01,period2,8,0,101.0,0.007743823118465602,False,False,0.007743823118465602,0.006413530499802927,0.006238558099144108,0.007055760916375261,0.005767726565476707,0.005767726565476707,0.003012165773420001,0.006999573087328647,0.16666666666666666,0.0,0.0,,3.0,
Race 8 - CAPALABA - 2026-07-01,2026-07-01,period2,1,0,6.0,0.12821551724967592,False,False,0.12821551724967592,0.10747041677632285,0.11038259059389298,0.11770812506354789,0.12368816067781709,0.12368816067781709,0.10631741971376407,0.12420132032047757,0.14285714285714285,0.0,0.0,,-8.041666666666666,0.5
Race 8 - CAPALABA - 2026-07-01,2026-07-01,period2,2,0,14.0,0.05494950739271825,False,False,0.05494950739271825,0.0380271530007115,0.03871600238834835,0.045837454181439065,0.03218014296716621,0.03218014296716621,0.03686663050595769,0.05072846229355816,0.14285714285714285,0.0,0.0,,1.625,0.16666666666666666
Race 8 - CAPALABA - 2026-07-01,2026-07-01,period2,3,0,61.0,0.01261136235242714,False,False,0.01261136235242714,0.008751467372925863,0.008867328993610047,0.010534480465679076,0.008045205715664281,0.008045205715664281,0.0058564062724058875,0.01198524649536846,0.14285714285714285,0.0,0.0,,-3.041666666666667,1.0
Race 8 - CAPALABA - 2026-07-01,2026-07-01,period2,4,0,3.6,0.21369252874945988,False,False,0.21369252874945988,0.23394287622650128,0.23492085545432528,0.22420291912066478,0.23223829445221691,0.23223829445221691,0.20133318545272041,0.22046406238837987,0.14285714285714285,0.0,0.0,,-3.875,0.3333333333333333
Race 8 - CAPALABA - 2026-07-01,2026-07-01,period2,5,0,26.0,0.029588196288386753,False,False,0.029588196288386753,0.022086924412784464,0.022111506961367374,0.025634128033045288,0.018018195366589475,0.018018195366589475,0.017005006642182328,0.027315325850377485,0.14285714285714285,0.0,0.0,,1.3333333333333335,0.6666666666666666
Race 8 - CAPALABA - 2026-07-01,2026-07-01,period2,6,0,16.0,0.048080818968628466,False,False,0.048080818968628466,0.035999567850306106,0.03567346049636087,0.041718266397944945,0.035233167098282926,0.035233167098282926,0.031199203910098457,0.04624640347389647,0.14285714285714285,0.0,0.0,,-5.5,0.8333333333333334
Race 8 - CAPALABA - 2026-07-01,2026-07-01,period2,7,1,1.5,0.5128620689987037,False,False,0.5128620689987037,0.553721594360448,0.5493282551120952,0.5343646267376789,0.5505968337222631,0.5505968337222631,0.6014221475028712,0.5190591791779421,0.14285714285714285,0.0,0.0,,-3.1928333333333336,0.0
Race 8 - MURRAY-BRIDGE-STRAIGHT - 2026-07-01,2026-07-01,period2,1,0,67.0,0.011841200742531654,False,False,0.011841200742531654,0.013184900517831721,0.013586177334121374,0.01249793101900081,0.015456570437141147,0.015456570437141147,0.005817824906137201,0.011902583300738486,0.16666666666666666,0.0,0.0,,-2.916666666666666,
Race 8 - MURRAY-BRIDGE-STRAIGHT - 2026-07-01,2026-07-01,period2,2,0,5.5,0.14424735449993106,False,False,0.14424735449993106,0.13526696130484153,0.13949954770813042,0.13971776126909255,0.10102734020221668,0.10102734020221668,0.13240390319096534,0.14143127934204708,0.16666666666666666,0.0,1.0,,14.5625,
Race 8 - MURRAY-BRIDGE-STRAIGHT - 2026-07-01,2026-07-01,period2,4,1,2.7,0.29383720361097065,True,False,0.29383720361097065,0.29323151372306694,0.29542854618303155,0.29360303124793463,0.2872524183300403,0.2872524183300403,0.3222177381314855,0.29574157338318,0.16666666666666666,0.0,0.0,,-1.583333333333333,
Race 8 - MURRAY-BRIDGE-STRAIGHT - 2026-07-01,2026-07-01,period2,5,0,3.9,0.20342575634605667,False,False,0.20342575634605667,0.1959135132412114,0.19625714079010445,0.19968111305429623,0.2341671366341269,0.2341671366341269,0.2034807787777757,0.20428668658208685,0.16666666666666666,0.0,1.0,,-5.958333333333334,
Race 8 - MURRAY-BRIDGE-STRAIGHT - 2026-07-01,2026-07-01,period2,7,0,3.7,0.21442174317557317,False,False,0.21442174317557317,0.22030486834121984,0.21682880006458483,0.21739436421742886,0.2404167835354259,0.2404167835354259,0.21732115015059714,0.21775403556897222,0.16666666666666666,0.0,0.0,,-4.208333333333333,
Race 8 - MURRAY-BRIDGE-STRAIGHT - 2026-07-01,2026-07-01,period2,8,0,6.0,0.1322267416249368,False,False,0.1322267416249368,0.14209824287182857,0.13839978792002738,0.13710579919224697,0.12167975086104915,0.12167975086104915,0.1187586048430389,0.12888384182297527,0.16666666666666666,0.0,0.0,,4.0,
Race 8 - SAL - 2026-07-01,2026-07-01,period2,1,1,3.4,0.2260847217966456,False,False,0.2260847217966456,0.19859592011318605,0.20310732310853,0.2121701657019617,0.17341876082293484,0.17341876082293484,0.2319824549309601,0.22277282594946335,0.14285714285714285,0.0,0.0,,2.75,1.0
Race 8 - SAL - 2026-07-01,2026-07-01,period2,2,0,4.2,0.18302096526395117,False,False,0.18302096526395117,0.18378684111907742,0.1866973463059286,0.18364164500975821,0.18092779516513602,0.18092779516513602,0.17813209404100314,0.1825235830723688,0.14285714285714285,0.0,0.0,,-0.41666666666666696,0.5
Race 8 - SAL - 2026-07-01,2026-07-01,period2,3,0,13.0,0.05912985031604577,False,False,0.05912985031604577,0.055921078489169246,0.05643376232640419,0.05757775217476562,0.05725985062742643,0.05725985062742643,0.04338849597243987,0.058263662171398105,0.14285714285714285,0.0,0.0,,0.791666666666667,
Race 8 - SAL - 2026-07-01,2026-07-01,period2,4,0,10.0,0.0768688054108595,False,False,0.0768688054108595,0.07099389979675796,0.07085265063676509,0.07396889476637179,0.08268360793182555,0.08268360793182555,0.06022874119040133,0.07672599433865655,0.14285714285714285,0.0,0.0,,-2.0,
Race 8 - SAL - 2026-07-01,2026-07-01,period2,6,0,2.1,0.36604193052790235,False,False,0.36604193052790235,0.4104193618342056,0.4049438265932472,0.3880993237178968,0.4302016252911203,0.4302016252911203,0.4236719072877894,0.3716018846915496,0.14285714285714285,0.0,0.0,,1.041666666666667,0.0
Race 8 - SAL - 2026-07-01,2026-07-01,period2,7,0,31.0,0.02479638884221274,False,False,0.02479638884221274,0.02060433629440221,0.020159809401054544,0.022632737210591766,0.021830788953631823,0.021830788953631823,0.01464204269914682,0.025091410104184465,0.14285714285714285,0.0,1.0,,-1.208333333333333,
Race 8 - SAL - 2026-07-01,2026-07-01,period2,8,0,12.0,0.0640573378423829,False,False,0.0640573378423829,0.05967856235320159,0.057805281628070374,0.06190948141865422,0.05367757120792511,0.05367757120792511,0.04795426387825931,0.0630206396723791,0.14285714285714285,0.0,0.0,,3.0,
Race 1 - CASO - 2026-07-02,2026-07-02,period2,1,0,4.4,0.17205045254466061,False,False,0.17205045254466061,0.16778615651099338,0.17470845650921998,0.16991451846010733,0.14401785370645268,0.14401785370645268,0.15034045119651496,0.16731114804854466,0.14285714285714285,0.0,0.0,1.0,2.375,0.2
Race 1 - CASO - 2026-07-02,2026-07-02,period2,2,0,23.0,0.032913999617239426,False,False,0.032913999617239426,0.032597565151393545,0.03366461922932136,0.03275724941070605,0.026439327625185104,0.026439327625185104,0.01902093668284942,0.03214630622382372,0.14285714285714285,0.0,0.0,0.0,6.833333333333333,1.0
Race 1 - CASO - 2026-07-02,2026-07-02,period2,3,0,20.0,0.03785109955982534,False,False,0.03785109955982534,0.03617966658501531,0.03718280105524233,0.03700803675213094,0.04232158199356544,0.04232158199356544,0.02265187729173346,0.037410864234998224,0.14285714285714285,0.0,1.0,,-1.625,
Race 1 - CASO - 2026-07-02,2026-07-02,period2,4,0,15.0,0.05046813274643378,False,False,0.05046813274643378,0.04846691645117132,0.04934909034696118,0.04946019564179485,0.05417486608856031,0.05417486608856031,0.03245470164940433,0.049760255799229096,0.14285714285714285,0.0,1.0,,-0.625,0.8
Race 1 - CASO - 2026-07-02,2026-07-02,period2,6,0,91.0,0.008318922980181394,False,False,0.008318922980181394,0.008717297788978404,0.008737181521589367,0.00851626190918155,0.009865287992083523,0.009865287992083523,0.003408709213699677,0.008104070154992347,0.14285714285714285,0.0,0.0,0.0,0.5833333333333339,0.4
Race 1 - CASO - 2026-07-02,2026-07-02,period2,7,0,5.5,0.1376403620357285,False,False,0.1376403620357285,0.1421720948909387,0.14119589898899088,0.1398957758041918,0.1116685497236225,0.1116685497236225,0.11374657617028439,0.13398337907691363,0.14285714285714285,0.0,0.0,2.0,7.583333333333334,0.6
Race 1 - CASO - 2026-07-02,2026-07-02,period2,8,1,1.35,0.560757030515931,False,False,0.560757030515931,0.5640803026215093,0.5551619523486749,0.5624479620218876,0.6115125328705305,0.6115125328705305,0.6583767477955138,0.5712839764614982,0.14285714285714285,0.0,0.0,0.0,0.08333333333333304,0.0
Race 11 - RICHMOND-STRAIGHT - 2026-07-02,2026-07-02,period2,1,0,101.0,0.0074744319350837215,False,False,0.0074744319350837215,0.006300262525304848,0.006526812972125705,0.006868066379257645,0.007783036305394524,0.007783036305394524,0.003293692136826071,0.0073991942097400105,0.125,0.0,0.0,,-2.083333333333334,
Race 11 - RICHMOND-STRAIGHT - 2026-07-02,2026-07-02,period2,2,0,4.4,0.1715721876007854,False,False,0.1715721876007854,0.17442029004523574,0.17877632351348063,0.17313625189090556,0.21172042335591243,0.21172042335591243,0.16548890205223393,0.17414597852454786,0.125,0.0,0.0,,-5.75,
Race 11 - RICHMOND-STRAIGHT - 2026-07-02,2026-07-02,period2,3,0,12.0,0.06290980212028799,False,False,0.06290980212028799,0.06689004898600207,0.06820680236179803,0.0649241065147191,0.07403489054725229,0.07403489054725229,0.04721806249668781,0.06309046659439047,0.125,0.0,0.0,,-3.666666666666667,
Race 11 - RICHMOND-STRAIGHT - 2026-07-02,2026-07-02,period2,4,0,3.0,0.25163920848115195,False,False,0.25163920848115195,0.2339405840908602,0.23734167870584494,0.24283316771968289,0.2869987852806737,0.2869987852806737,0.26710569748718516,0.2554141018360035,0.125,0.0,0.0,,-6.958333333333334,
Race 11 - RICHMOND-STRAIGHT - 2026-07-02,2026-07-02,period2,5,0,21.0,0.03594845835445028,False,False,0.03594845835445028,0.03240787962408559,0.03255380814353456,0.03416107341898067,0.030349225988553014,0.030349225988553014,0.023459059771557968,0.035075647497194135,0.125,0.0,0.0,,1.708333333333333,
Race 11 - RICHMOND-STRAIGHT - 2026-07-02,2026-07-02,period2,6,0,6.0,0.12581960424057598,False,False,0.12581960424057598,0.11195556047736156,0.11172317678399968,0.11878539786104722,0.10528377329183806,0.10528377329183806,0.11230411175540855,0.12212541971653962,0.125,0.0,0.0,,0.2916666666666665,
Race 11 - RICHMOND-STRAIGHT - 2026-07-02,2026-07-02,period2,7,1,2.3,0.328225054540633,False,False,0.328225054540633,0.35928175594667183,0.3503170048669198,0.34369207009763136,0.27083185252033154,0.27083185252033154,0.37232733790934425,0.3267613409996938,0.125,1.0,0.0,,,
Race 11 - RICHMOND-STRAIGHT - 2026-07-02,2026-07-02,period2,8,0,46.0,0.016411252727031648,False,False,0.016411252727031648,0.014803618304478175,0.014554392652296798,0.015599866117775578,0.012998012710044462,0.012998012710044462,0.008803136390756307,0.015987850621890638,0.125,0.0,0.0,,3.8333333333333335,
Race 3 - WRGL - 2026-07-02,2026-07-02,period2,1,1,2.5,0.30692575984055803,False,False,0.30692575984055803,0.3524163088321819,0.3615071770437478,0.32931327770934454,0.3191594262295096,0.3191594262295096,0.34622065714352773,0.3083765083758314,0.14285714285714285,0.0,0.0,,3.9166666666666665,
Race 3 - WRGL - 2026-07-02,2026-07-02,period2,2,0,14.0,0.054808171400099644,False,False,0.054808171400099644,0.05537750294010316,0.05637430284455269,0.055163766740970774,0.04134797356323424,0.04134797356323424,0.04018999411462465,0.05414241626636379,0.14285714285714285,0.0,0.0,,9.239666666666666,
Race 3 - WRGL - 2026-07-02,2026-07-02,period2,3,0,11.0,0.06975585450921773,False,False,0.06975585450921773,0.06193465119463108,0.06264943885185259,0.06581452515855893,0.055437418169738226,0.055437418169738226,0.05432967795879166,0.06861066462710153,0.14285714285714285,0.0,0.0,,3.5833333333333335,
Race 3 - WRGL - 2026-07-02,2026-07-02,period2,4,0,11.0,0.06975585450921773,False,False,0.06975585450921773,0.06662545615959078,0.06664880103676865,0.06826137026864817,0.07055675864464035,0.07055675864464035,0.05432967795879166,0.06861066462710153,0.14285714285714285,0.0,0.0,,0.04166666666666696,
Race 3 - WRGL - 2026-07-02,2026-07-02,period2,6,0,15.0,0.05115429330675967,False,False,0.05115429330675967,0.04842042410097691,0.04785802004745196,0.04983333033258429,0.03780637093391837,0.03780637093391837,0.036869216904911656,0.05045409132322305,0.14285714285714285,0.0,0.0,,8.0,
Race 3 - WRGL - 2026-07-02,2026-07-02,period2,7,0,4.0,0.19182859990034876,False,False,0.19182859990034876,0.1713424899600937,0.16735315404783419,0.1815322489626217,0.17420079941694092,0.17420079941694092,0.1923990831026502,0.1876967048111489,0.14285714285714285,0.0,0.0,,0.3333333333333335,
Race 3 - WRGL - 2026-07-02,2026-07-02,period2,8,0,3.0,0.25577146653379834,False,False,0.25577146653379834,0.24388316681242245,0.2376091061277922,0.2500814808272716,0.3014912530420183,0.3014912530420183,0.27566169281670233,0.26210894996922984,0.14285714285714285,0.0,0.0,,-4.125,
Race 3 - GOULBURN - 2026-07-03,2026-07-03,final_later_block,1,1,3.7,0.20604389815417912,False,False,0.20604389815417912,0.2343954976721155,0.2368462043357695,0.21995081742676262,0.2013456624623187,0.2002567232308603,0.2002567232308603,0.20461248015669384,0.125,0.0,0.0,,-2.375,0.7142857142857143
Race 3 - GOULBURN - 2026-07-03,2026-07-03,final_later_block,2,0,2.15,0.3545871735676571,False,False,0.3545871735676571,0.34192447074131155,0.3445517027949597,0.3484958986633383,0.42856886451879045,0.4520973920853038,0.4520973920853038,0.3579832818192504,0.125,0.0,0.0,,6.0,0.5714285714285714
Race 3 - GOULBURN - 2026-07-03,2026-07-03,final_later_block,3,0,31.0,0.024592336231305252,False,False,0.024592336231305252,0.02799317529805798,0.028010843321140184,0.026260140456042767,0.01216848866440962,0.008257472783623595,0.008257472783623595,0.023901536306767696,0.125,0.0,0.0,,4.416666666666667,0.2857142857142857
Race 3 - GOULBURN - 2026-07-03,2026-07-03,final_later_block,4,0,5.0,0.15247248463409258,False,False,0.15247248463409258,0.1396933213816656,0.1388000588860858,0.14606784742121506,0.1332462326038349,0.12747783679065544,0.12747783679065544,0.15055142004337324,0.125,0.0,0.0,,-1.5416666666666665,0.0
Race 3 - GOULBURN - 2026-07-03,2026-07-03,final_later_block,5,0,61.0,0.012497744642138736,False,False,0.012497744642138736,0.01482232265544744,0.014678837093562798,0.013622130094795116,0.005301975508547453,0.0029915408609944454,0.0029915408609944454,0.012233279451206475,0.125,0.0,0.0,1.0,-0.25,0.8571428571428571
Race 3 - GOULBURN - 2026-07-03,2026-07-03,final_later_block,6,0,3.8,0.20062169030801652,False,False,0.20062169030801652,0.19161185781723003,0.18851433280966995,0.19623261992723626,0.19482544032248067,0.1924040886813152,0.1924040886813152,0.20208949524597708,0.125,0.0,0.0,0.0,-3.416666666666667,0.42857142857142855
Race 3 - GOULBURN - 2026-07-03,2026-07-03,final_later_block,7,0,31.0,0.024592336231305252,False,False,0.024592336231305252,0.026852463567734075,0.026367947005269593,0.025719530163453908,0.012260132492181117,0.008257472783623595,0.008257472783623595,0.024268111617853683,0.125,0.0,1.0,,20.541666666666668,1.0
Race 3 - GOULBURN - 2026-07-03,2026-07-03,final_later_block,8,0,31.0,0.024592336231305252,False,False,0.024592336231305252,0.022706890866437703,0.02223007375354256,0.023651015847156,0.012283203427437024,0.008257472783623595,0.008257472783623595,0.024360395358877313,0.125,0.0,1.0,,-2.5,0.14285714285714285
Race 4 - GOULBURN - 2026-07-03,2026-07-03,final_later_block,1,0,3.9,0.20234017872127927,False,False,0.20234017872127927,0.1465356484007949,0.14797778873396067,0.17289842880543857,0.1761574456099625,0.17146161619704917,0.17146161619704917,0.19024493384870245,0.16666666666666666,0.0,0.0,,0.875,
Race 4 - GOULBURN - 2026-07-03,2026-07-03,final_later_block,2,0,23.0,0.034309856391869085,False,False,0.034309856391869085,0.029738689096698284,0.030098238125065912,0.0320736730127231,0.017052257402539645,0.011972147796610048,0.011972147796610048,0.032292586220328434,0.16666666666666666,0.0,0.0,,-1.0416666666666665,1.0
Race 4 - GOULBURN - 2026-07-03,2026-07-03,final_later_block,4,0,1.65,0.4782586042502964,False,False,0.4782586042502964,0.532049026302777,0.5327130341269338,0.5065071254128695,0.5920552854829164,0.6230715297027185,0.6230715297027185,0.49900655282351,0.16666666666666666,0.0,0.0,,0.2916666666666665,0.6666666666666666
Race 4 - GOULBURN - 2026-07-03,2026-07-03,final_later_block,5,0,7.5,0.1052168929350652,False,False,0.1052168929350652,0.08496869132702395,0.08488833827513073,0.09494028651495116,0.0732757264068826,0.06429421949312829,0.06429421949312829,0.10022024714814551,0.16666666666666666,0.0,0.0,,-2.375,0.0
Race 4 - GOULBURN - 2026-07-03,2026-07-03,final_later_block,7,1,4.8,0.1644013952110394,False,False,0.1644013952110394,0.19108933068383321,0.18899888709354742,0.17797102674425938,0.1349808971651799,0.1255746474475162,0.1255746474475162,0.16319964631817102,0.16666666666666666,0.0,0.0,,-7.083333333333334,0.3333333333333333
Race 4 - GOULBURN - 2026-07-03,2026-07-03,final_later_block,8,0,51.0,0.015473072490450766,False,False,0.015473072490450766,0.015618614188872679,0.015323713645361533,0.015609459509758316,0.006478387932518948,0.0036258393629777555,0.0036258393629777555,0.015036033641142525,0.16666666666666666,0.0,0.0,,-5.166666666666666,
Race 6 - GOULBURN - 2026-07-03,2026-07-03,final_later_block,1,0,14.0,0.05509766856704788,False,False,0.05509766856704788,0.04563346614992211,0.046405771269253666,0.0503032929101977,0.03515626229201694,0.02926913656207729,0.02926913656207729,0.0528176394818359,0.14285714285714285,0.0,0.0,,-0.375,0.6666666666666666
Race 6 - GOULBURN - 2026-07-03,2026-07-03,final_later_block,2,0,3.8,0.2029914105101764,False,False,0.2029914105101764,0.1750769845609944,0.17759029905898996,0.18912173140389946,0.20416353690773578,0.2069791359178702,0.2069791359178702,0.1957167398773325,0.14285714285714285,0.0,0.0,,5.666666666666667,
Race 6 - GOULBURN - 2026-07-03,2026-07-03,final_later_block,3,0,34.0,0.022687275292313833,False,False,0.022687275292313833,0.01807174986946198,0.018187931723928207,0.020313247003089892,0.011453485310846834,0.007733633537015974,0.007733633537015974,0.022613040632339414,0.14285714285714285,0.0,0.0,,-3.625,0.3333333333333333
Race 6 - GOULBURN - 2026-07-03,2026-07-03,final_later_block,4,1,3.3,0.23374768482990013,False,False,0.23374768482990013,0.24156453163885094,0.24208360166826437,0.2383846673826525,0.24840174553458402,0.25575907623655564,0.25575907623655564,0.2263297534286691,0.14285714285714285,0.0,0.0,,-0.4583333333333335,
Race 6 - GOULBURN - 2026-07-03,2026-07-03,final_later_block,5,0,2.6,0.2966797538225655,False,False,0.2966797538225655,0.35805161518149664,0.3566003962669589,0.32696769757559485,0.35457971945309674,0.3657143002174956,0.3657143002174956,0.3211759771599001,0.14285714285714285,0.0,0.0,,-2.4166666666666665,0.0
Race 6 - GOULBURN - 2026-07-03,2026-07-03,final_later_block,7,0,6.5,0.11867190152902622,False,False,0.11867190152902622,0.09200574238381294,0.09093526305681278,0.10482611563358836,0.09792050948749231,0.09251921292655185,0.09251921292655185,0.11412439917031372,0.14285714285714285,0.0,0.0,,0.75,
Race 6 - GOULBURN - 2026-07-03,2026-07-03,final_later_block,8,0,11.0,0.07012430544897004,False,False,0.07012430544897004,0.06959591021546092,0.06819673695579216,0.07008324809097737,0.04832474101422747,0.04202550460243351,0.04202550460243351,0.06722245024960934,0.14285714285714285,0.0,0.0,,2.0416666666666665,1.0
Race 7 - GOULBURN - 2026-07-03,2026-07-03,final_later_block,1,0,8.0,0.10228530340450806,False,False,0.10228530340450806,0.09046280246295402,0.09217937466537836,0.09654315041998639,0.05758256605364832,0.047234203615732696,0.047234203615732696,0.08862765336739517,0.2,0.0,0.0,,1.375,0.5
Race 7 - GOULBURN - 2026-07-03,2026-07-03,final_later_block,2,0,7.0,0.11689748960515207,False,False,0.11689748960515207,0.07843784534255052,0.0795778449389907,0.09610483755947076,0.06863029083282533,0.05770912877296023,0.05770912877296023,0.10139377701242062,0.2,0.0,0.0,,-0.958333333333333,0.25
Race 7 - GOULBURN - 2026-07-03,2026-07-03,final_later_block,4,0,19.0,0.043067496170319186,False,False,0.043067496170319186,0.030287842228105925,0.030505670272581376,0.03624839719872499,0.019047596202075773,0.012905094124671926,0.012905094124671926,0.037475102434287304,0.2,0.0,0.0,,-0.875,0.75
Race 7 - GOULBURN - 2026-07-03,2026-07-03,final_later_block,7,0,41.0,0.019958107981367428,False,False,0.019958107981367428,0.014699743210987961,0.0145638810662572,0.01719073268348279,0.00737662742829917,0.004071137707875428,0.004071137707875428,0.017293096589570393,0.2,0.0,0.0,,2.916666666666667,1.0
Race 7 - GOULBURN - 2026-07-03,2026-07-03,final_later_block,8,1,1.14,0.7177916028386532,False,False,0.7177916028386532,0.7861117667554016,0.7831732290567924,0.7539128821383351,0.8473629194831515,0.8780804357787598,0.8780804357787598,0.7552103705963265,0.2,0.0,0.0,,1.3333333333333335,0.0
Race 9 - HEA - 2026-07-03,2026-07-03,final_later_block,1,0,3.0,0.24578114729754535,False,False,0.24578114729754535,0.21266128567176948,0.21668968872556285,0.22907749917961698,0.2906907718421558,0.3076438583006298,0.3076438583006298,0.2398315124667339,0.125,0.0,0.0,1.0,-1.0416666666666665,0.2857142857142857
Race 9 - HEA - 2026-07-03,2026-07-03,final_later_block,2,0,10.0,0.07373434418926361,False,False,0.07373434418926361,0.06373057640500807,0.0646489034435929,0.06868671815445955,0.055926194503175417,0.050551044260753374,0.050551044260753374,0.07205164523044154,0.125,0.0,1.0,1.0,-1.041666666666667,0.8571428571428571
Race 9 - HEA - 2026-07-03,2026-07-03,final_later_block,3,1,5.5,0.13406244398047928,False,False,0.13406244398047928,0.1291980648678658,0.13051071555668498,0.13186984714197078,0.1259877711093766,0.1239327530471752,0.1239327530471752,0.1321528252959808,0.125,0.0,0.0,1.0,-3.416666666666667,0.14285714285714285
Race 9 - HEA - 2026-07-03,2026-07-03,final_later_block,4,0,4.8,0.15361321706096587,False,False,0.15361321706096587,0.17877899503157965,0.17850818663338142,0.16604907867047397,0.15420283339637897,0.1520086406862638,0.1520086406862638,0.16078541152672454,0.125,0.0,0.0,0.0,-0.08333333333333304,0.42857142857142855
Race 9 - HEA - 2026-07-03,2026-07-03,final_later_block,5,0,51.0,0.014457714546914432,False,False,0.014457714546914432,0.020100899010672964,0.020085047399099838,0.017081322637999975,0.007222986499718007,0.0043890938506783725,0.0043890938506783725,0.01572466444683691,0.125,0.0,0.0,1.0,-5.25,0.5714285714285714
Race 9 - HEA - 2026-07-03,2026-07-03,final_later_block,6,0,10.0,0.07373434418926361,False,False,0.07373434418926361,0.06373413719911648,0.0635419597701538,0.06868863698101742,0.05656328563181609,0.050551044260753374,0.050551044260753374,0.07460000974500425,0.125,0.0,0.0,,-2.708333333333334,0.0
Race 9 - HEA - 2026-07-03,2026-07-03,final_later_block,7,0,7.0,0.10533477741323372,False,False,0.10533477741323372,0.11354771897903844,0.11239051029624147,0.10958195147014009,0.09081404974623404,0.08631436333168803,0.08631436333168803,0.10431310898987205,0.125,0.0,0.0,0.0,-2.6666666666666665,0.7142857142857143
Race 9 - HEA - 2026-07-03,2026-07-03,final_later_block,8,0,3.7,0.19928201132233406,False,False,0.19928201132233406,0.21824832283494913,0.21362498817528264,0.2089649457643212,0.21859210727114498,0.224609202262058,0.224609202262058,0.20054082229840603,0.125,0.0,0.0,1.0,-3.125,1.0
Race 1 - LADBROKES-Q2-PARKLANDS - 2026-07-04,2026-07-04,final_later_block,1,1,1.75,0.4289404050091301,False,False,0.4289404050091301,0.42754411334455206,0.4326356367159196,0.42866029134073924,0.5538502114647584,0.5944313884140985,0.5944313884140985,0.4321066806167383,0.125,0.0,0.0,,0.5,
Race 1 - LADBROKES-Q2-PARKLANDS - 2026-07-04,2026-07-04,final_later_block,2,0,7.0,0.10723510125228253,False,False,0.10723510125228253,0.10037664797322397,0.1010394074967689,0.10385063055292305,0.08218841672627834,0.07430392355176232,0.07430392355176232,0.10584189624982639,0.125,0.0,0.0,,-1.416666666666667,
Race 1 - LADBROKES-Q2-PARKLANDS - 2026-07-04,2026-07-04,final_later_block,3,0,14.0,0.053617550626141264,False,False,0.053617550626141264,0.07078151123649615,0.07050999406358563,0.06166485450520407,0.032964335646064186,0.026270404106108973,0.026270404106108973,0.05304613026592982,0.125,0.0,0.0,,1.0,
Race 1 - LADBROKES-Q2-PARKLANDS - 2026-07-04,2026-07-04,final_later_block,4,0,3.7,0.20287721858539934,False,False,0.20287721858539934,0.1926620193028346,0.1914216570380101,0.19789690649881908,0.19615930492323394,0.19335536230243186,0.19335536230243186,0.20457113278564024,0.125,0.0,0.0,,-4.541666666666667,
Race 1 - LADBROKES-Q2-PARKLANDS - 2026-07-04,2026-07-04,final_later_block,5,0,41.0,0.01830843192112141,False,False,0.01830843192112141,0.016666070615812184,0.01654403026903404,0.017485034517462344,0.008521928712037604,0.005241831083688291,0.005241831083688291,0.018362221597085542,0.125,0.0,0.0,,-3.166666666666667,
Race 1 - LADBROKES-Q2-PARKLANDS - 2026-07-04,2026-07-04,final_later_block,6,0,23.0,0.03263676994634686,False,False,0.03263676994634686,0.040621676065899004,0.040033348787062974,0.036446582743910154,0.017294806518296645,0.01247576118870168,0.01247576118870168,0.03175194250708154,0.125,0.0,0.0,,5.166666666666666,
Race 1 - LADBROKES-Q2-PARKLANDS - 2026-07-04,2026-07-04,final_later_block,7,0,8.0,0.09383071359574721,False,False,0.09383071359574721,0.09110867847764068,0.08902753690541784,0.09255005766375893,0.06902661910383268,0.060816836592692616,0.060816836592692616,0.09365596663725287,0.125,0.0,0.0,,-0.875,
Race 1 - LADBROKES-Q2-PARKLANDS - 2026-07-04,2026-07-04,final_later_block,8,0,12.0,0.06255380906383147,False,False,0.06255380906383147,0.06023928298354137,0.058788388724201,0.0614456421771831,0.03999437690549823,0.03310449276051582,0.03310449276051582,0.060664029340445444,0.125,0.0,0.0,,3.0416666666666665,
Race 1 - WPK - 2026-07-04,2026-07-04,final_later_block,1,0,26.0,0.029726710669325432,False,False,0.029726710669325432,0.025955275751648552,0.026534547457202646,0.027812940098523857,0.015579190314306495,0.011171654312352813,0.011171654312352813,0.028801798320167542,0.14285714285714285,0.0,0.0,,1.1666666666666665,
Race 1 - WPK - 2026-07-04,2026-07-04,final_later_block,2,1,2.35,0.3288912669797707,False,False,0.3288912669797707,0.36798554553997065,0.3735223954893745,0.3483390793255374,0.39409316000098704,0.41112673312937514,0.41112673312937514,0.3429924406158228,0.14285714285714285,0.0,0.0,,-7.708333333333334,
Race 1 - WPK - 2026-07-04,2026-07-04,final_later_block,3,0,27.0,0.02862572138527634,False,False,0.02862572138527634,0.022989495703365417,0.023239217121357007,0.025686420688566695,0.01485135843376714,0.010556789562006117,0.010556789562006117,0.02773506504905021,0.14285714285714285,0.0,0.0,,0.3333333333333335,
Race 1 - WPK - 2026-07-04,2026-07-04,final_later_block,4,0,10.0,0.07728944774024613,False,False,0.07728944774024613,0.06908206281047577,0.0695299261406267,0.07316500379166635,0.05459223681723184,0.04683575340136128,0.04683575340136128,0.07786168706484353,0.14285714285714285,0.0,0.0,,-4.833333333333333,
Race 1 - WPK - 2026-07-04,2026-07-04,final_later_block,6,0,5.5,0.14052626861862932,False,False,0.14052626861862932,0.13901874250455015,0.1380214225862098,0.1399510251204704,0.12076074497630718,0.11482421273294582,0.11482421273294582,0.13857034170639126,0.14285714285714285,0.0,0.0,,-2.541666666666667,
Race 1 - WPK - 2026-07-04,2026-07-04,final_later_block,7,0,6.5,0.11890684267730173,False,False,0.11890684267730173,0.12613521117354795,0.12487900399295192,0.12262590958538007,0.09596473382524007,0.0893732344988225,0.0893732344988225,0.11573923180449278,0.14285714285714285,0.0,0.0,,2.625,
Race 1 - WPK - 2026-07-04,2026-07-04,final_later_block,8,0,2.8,0.27603374192945046,False,False,0.27603374192945046,0.24883366651644143,0.24427348721227748,0.2624196213898551,0.3041585756321603,0.31611162236313645,0.31611162236313645,0.2682994354392319,0.14285714285714285,0.0,0.0,,5.666666666666667,
Race 10 - TAREE - 2026-07-04,2026-07-04,final_later_block,1,0,7.0,0.10947179747201716,False,False,0.10947179747201716,0.11764516677841595,0.11865364617537943,0.11351481575961839,0.08068528987122082,0.0740807387527048,0.0740807387527048,0.10049894322676893,0.14285714285714285,0.0,0.0,,-1.208333333333333,
Race 10 - TAREE - 2026-07-04,2026-07-04,final_later_block,2,0,1.65,0.46442580745704254,False,False,0.46442580745704254,0.4771735702705721,0.48052266277999384,0.47088053923626394,0.6119158607720894,0.6473310639051078,0.6473310639051078,0.5056702513730345,0.14285714285714285,0.0,0.0,,-6.625,
Race 10 - TAREE - 2026-07-04,2026-07-04,final_later_block,3,1,5.5,0.13932774223711275,False,False,0.13932774223711275,0.131678537421296,0.1316502563255156,0.13548483165539288,0.11218254776249825,0.10636734776239369,0.10636734776239369,0.12962814776281192,0.14285714285714285,0.0,0.0,,-1.75,
Race 10 - TAREE - 2026-07-04,2026-07-04,final_later_block,5,0,6.0,0.12771709705068668,False,False,0.12771709705068668,0.12082637934151108,0.11962537147502308,0.12425668967912924,0.09929595228873996,0.09335240028387275,0.09335240028387275,0.11712660830334158,0.14285714285714285,0.0,0.0,,0.45833333333333304,
Race 10 - TAREE - 2026-07-04,2026-07-04,final_later_block,6,0,23.0,0.03331750357844,False,False,0.03331750357844,0.03052997273826046,0.030092196988192606,0.03190169906839763,0.017078224881031546,0.012438288063180243,0.012438288063180243,0.030998035334585453,0.14285714285714285,0.0,0.0,,-3.166666666666666,
Race 10 - TAREE - 2026-07-04,2026-07-04,final_later_block,7,0,9.5,0.08066342971622317,False,False,0.08066342971622317,0.07891531612764228,0.07731737249238922,0.07980560079163686,0.053662073057650216,0.046856188339835694,0.046856188339835694,0.07407972721109377,0.14285714285714285,0.0,0.0,,2.916666666666667,
Race 10 - TAREE - 2026-07-04,2026-07-04,final_later_block,8,0,17.0,0.04507662248847766,False,False,0.04507662248847766,0.04323105732230222,0.04213849376350631,0.044155823809560964,0.025180051366769755,0.019573972892905054,0.019573972892905054,0.04199828678836385,0.14285714285714285,0.0,1.0,,-2.0,
Race 2 - MEADOWS - 2026-07-04,2026-07-04,final_later_block,1,0,5.5,0.13856687091836134,False,False,0.13856687091836134,0.13187255116145705,0.13456507350829006,0.13538295836590925,0.13662475842588226,0.13642480485412237,0.13642480485412237,0.1372246191411619,0.125,0.0,0.0,,0.9583333333333339,0.6666666666666666
Race 2 - MEADOWS - 2026-07-04,2026-07-04,final_later_block,2,0,6.0,0.12701963167516456,False,False,0.12701963167516456,0.12462427254717673,0.12560293105145365,0.12600675679749787,0.12124636291035526,0.11973207247622976,0.11973207247622976,0.12578923421273175,0.125,1.0,0.0,,,
Race 2 - MEADOWS - 2026-07-04,2026-07-04,final_later_block,3,0,4.2,0.1814566166788065,False,False,0.1814566166788065,0.16617468495047694,0.16708654375305243,0.17391054960737182,0.1982538677314995,0.20443885496926995,0.20443885496926995,0.17969890601818822,0.125,0.0,0.0,1.0,1.875,0.16666666666666666
Race 2 - MEADOWS - 2026-07-04,2026-07-04,final_later_block,4,0,3.6,0.21169938612527428,False,False,0.21169938612527428,0.2051571467357611,0.20501495228996922,0.20871814946289555,0.24631395673959766,0.25762240150407645,0.25762240150407645,0.21238862244616136,0.125,0.0,0.0,1.0,-2.5,0.5
Race 2 - MEADOWS - 2026-07-04,2026-07-04,final_later_block,5,0,6.0,0.12701963167516456,False,False,0.12701963167516456,0.15933927402484982,0.15841839876305386,0.1424800085837507,0.12183520294591055,0.11973207247622976,0.11973207247622976,0.12814459435495287,0.125,0.0,0.0,0.0,4.25,0.3333333333333333
Race 2 - MEADOWS - 2026-07-04,2026-07-04,final_later_block,6,0,8.5,0.08966091647658675,False,False,0.08966091647658675,0.08076178736413941,0.07993166728358633,0.08522394600054406,0.07577646524172307,0.07100827899156545,0.07100827899156545,0.09008102399219593,0.125,0.0,0.0,,-4.416666666666667,0.0
Race 2 - MEADOWS - 2026-07-04,2026-07-04,final_later_block,7,0,26.0,0.029312222694268746,False,False,0.029312222694268746,0.02526684824441081,0.024936222475104,0.027255678811031678,0.01721201051911223,0.013273252419375398,0.013273252419375398,0.029028284818322717,0.125,0.0,1.0,1.0,8.208333333333334,0.8333333333333334
Race 2 - MEADOWS - 2026-07-04,2026-07-04,final_later_block,8,1,8.0,0.09526472375637342,False,False,0.09526472375637342,0.10680343497172823,0.10444421087549059,0.10102195237099901,0.08273737548591954,0.07776826230913095,0.07776826230913095,0.09764471501628533,0.125,0.0,0.0,0.0,-2.875,1.0
Race 4 - DUBBO - 2026-07-04,2026-07-04,final_later_block,1,0,35.0,0.02174691559751039,False,False,0.02174691559751039,0.02264367107962928,0.023309838324435752,0.022195402615959814,0.009872291587648591,0.006155311314366176,0.006155311314366176,0.02102323240749584,0.125,0.0,1.0,,9.208333333333334,
Race 4 - DUBBO - 2026-07-04,2026-07-04,final_later_block,2,0,3.8,0.200300538398122,False,False,0.200300538398122,0.19169546720452407,0.19567454522347108,0.19599173353959956,0.17694175530890643,0.1720587227002399,0.1720587227002399,0.1915908531349061,0.125,0.0,1.0,,6.791666666666666,
Race 4 - DUBBO - 2026-07-04,2026-07-04,final_later_block,3,0,26.0,0.02927469407357168,False,False,0.02927469407357168,0.025404814375222042,0.025810559947554417,0.027276897372223795,0.01421073495278127,0.009613733245853961,0.009613733245853961,0.028001740073563198,0.125,0.0,1.0,,2.583333333333333,
Race 4 - DUBBO - 2026-07-04,2026-07-04,final_later_block,4,0,5.5,0.13838946289324794,False,False,0.13838946289324794,0.14383415335842645,0.1449912549881255,0.14111503785379814,0.10715476876713372,0.0988116281184182,0.0988116281184182,0.13218419071328025,0.125,0.0,0.0,,2.5,
Race 4 - DUBBO - 2026-07-04,2026-07-04,final_later_block,5,0,27.0,0.028190446144920875,False,False,0.028190446144920875,0.03048466760768855,0.03065135039878694,0.029321249982948255,0.01361685513554911,0.009084613249223246,0.009084613249223246,0.027213580794526702,0.125,0.0,0.0,,23.916666666666668,
Race 4 - DUBBO - 2026-07-04,2026-07-04,final_later_block,6,1,10.0,0.07611420459128637,False,False,0.07611420459128637,0.07736401713347354,0.07723606979306755,0.0767526072001354,0.04859744122337552,0.04030436558275998,0.04030436558275998,0.07347666814522212,0.125,0.0,0.0,,3.416666666666666,
Race 4 - DUBBO - 2026-07-04,2026-07-04,final_later_block,7,0,51.0,0.014924353841428699,False,False,0.014924353841428699,0.013024395771716239,0.012951839840082188,0.01394496199333046,0.006193418792145954,0.0034994260894453053,0.0034994260894453053,0.014275396900247901,0.125,0.0,1.0,,2.791666666666667,
Race 4 - DUBBO - 2026-07-04,2026-07-04,final_later_block,8,0,1.55,0.491059384459912,False,False,0.491059384459912,0.49554881346931984,0.4893745414844765,0.4934021094420045,0.6234127342324594,0.6604721996996932,0.6604721996996932,0.5122343378307579,0.125,0.0,0.0,,7.833333333333333,
Race 6 - GEE - 2026-07-04,2026-07-04,final_later_block,1,0,6.5,0.11877884612544772,False,False,0.11877884612544772,0.10200695944644604,0.10327460747692639,0.1104671884292804,0.10505053448459037,0.1002541044412465,0.1002541044412465,0.11943982461462198,0.125,0.0,0.0,,-4.708333333333333,
Race 6 - GEE - 2026-07-04,2026-07-04,final_later_block,2,1,2.6,0.2969471153136192,False,False,0.2969471153136192,0.2715768450195665,0.2740490354245264,0.28499338062817414,0.3716890143295173,0.3962891435184265,0.3962891435184265,0.29788862676278954,0.125,0.0,0.0,0.0,3.833333333333333,0.0
Race 6 - GEE - 2026-07-04,2026-07-04,final_later_block,3,0,17.0,0.04541544116561236,False,False,0.04541544116561236,0.051294596055994165,0.051766054654132046,0.04843802466637686,0.028805381918398168,0.023702754302262742,0.023702754302262742,0.04411326476680444,0.125,0.0,0.0,2.0,8.583333333333334,1.0
Race 6 - GEE - 2026-07-04,2026-07-04,final_later_block,4,0,4.6,0.16783967387291526,False,False,0.16783967387291526,0.14689889551267998,0.14692154570489094,0.15758157144354135,0.1684314796102566,0.16839742614481015,0.16839742614481015,0.16853364000659588,0.125,0.0,0.0,0.0,-5.458333333333334,0.3333333333333333
Race 6 - GEE - 2026-07-04,2026-07-04,final_later_block,5,0,18.0,0.04289236110085611,False,False,0.04289236110085611,0.049330523679036536,0.048976167947563556,0.04616328310705358,0.026959946582462035,0.021755217980566063,0.021755217980566063,0.04257413238814995,0.125,0.0,0.0,2.0,-0.666666666666667,0.5
Race 6 - GEE - 2026-07-04,2026-07-04,final_later_block,6,0,4.8,0.16084635412821044,False,False,0.16084635412821044,0.21838450157481432,0.21726731680520417,0.18808985251955063,0.1597834796056533,0.15798299424720852,0.15798299424720852,0.16518493568098763,0.125,0.0,0.0,0.0,-7.916666666666666,0.16666666666666666
Race 6 - GEE - 2026-07-04,2026-07-04,final_later_block,7,0,20.0,0.03860312499077051,False,False,0.03860312499077051,0.04350577604168454,0.04284916372265401,0.04112761635996716,0.023331153888676938,0.018574930749250144,0.018574930749250144,0.03759982330695731,0.125,0.0,0.0,1.0,2.416666666666667,0.6666666666666666
Race 6 - GEE - 2026-07-04,2026-07-04,final_later_block,8,0,6.0,0.12867708330256833,False,False,0.12867708330256833,0.11700190266977786,0.1148961082641024,0.12313908284605593,0.11594900958044531,0.11304342861622928,0.11304342861622928,0.1246657524730934,0.125,0.0,0.0,1.0,0.833333333333333,0.8333333333333334
Race 7 - DUBBO - 2026-07-04,2026-07-04,final_later_block,1,1,1.22,0.6396802636052297,False,False,0.6396802636052297,0.6227005074621235,0.6270915421091181,0.6313568474971188,0.7858349062712636,0.8231526600287957,0.8231526600287957,0.6738816449986671,0.16666666666666666,0.0,0.0,,-0.875,
Race 7 - DUBBO - 2026-07-04,2026-07-04,final_later_block,2,0,5.0,0.15608198431967604,False,False,0.15608198431967604,0.15670504416918124,0.1571792941277081,0.15644860191743304,0.11023827189321414,0.0992122103656201,0.0992122103656201,0.14331645647599625,0.16666666666666666,0.0,0.0,,-2.041666666666667,
Race 7 - DUBBO - 2026-07-04,2026-07-04,final_later_block,4,0,21.0,0.037162377218970484,False,False,0.037162377218970484,0.04448171607775643,0.04403955336360067,0.040672074094892686,0.01717549175451114,0.011526333730142137,0.011526333730142137,0.034122965827618146,0.16666666666666666,0.0,0.0,,-3.979166666666666,
Race 7 - DUBBO - 2026-07-04,2026-07-04,final_later_block,5,0,20.0,0.03902049607991901,False,False,0.03902049607991901,0.03915663771646779,0.038580228613301036,0.039102353645924987,0.01806883594937876,0.012401526295702524,0.012401526295702524,0.03507076491040748,0.16666666666666666,0.0,0.0,,-1.541666666666666,
Race 7 - DUBBO - 2026-07-04,2026-07-04,final_later_block,7,0,17.0,0.04590646597637531,False,False,0.04590646597637531,0.045262749329193254,0.04416961668358116,0.04559961804870303,0.02205069693374955,0.01582511045280501,0.01582511045280501,0.04072745637658318,0.16666666666666666,0.0,0.0,,-0.375,
Race 7 - DUBBO - 2026-07-04,2026-07-04,final_later_block,8,0,9.5,0.08214841279982948,False,False,0.08214841279982948,0.09169334524527784,0.08893976510269105,0.08682050479592753,0.046631797197882865,0.037882159126934566,0.037882159126934566,0.07288071141072777,0.16666666666666666,0.0,0.0,,0.41666666666666696,
Race 8 - DUBBO - 2026-07-04,2026-07-04,final_later_block,1,1,2.35,0.34602245503863893,False,False,0.34602245503863893,0.2897847755374659,0.29274325453816197,0.3179613082537024,0.3772703197316458,0.3874503258970843,0.3874503258970843,0.34673030123533044,0.16666666666666666,0.0,0.0,,4.791666666666666,
Race 8 - DUBBO - 2026-07-04,2026-07-04,final_later_block,3,0,4.6,0.17677234116104382,False,False,0.17677234116104382,0.15244984319542376,0.15320355121125806,0.16483711276193558,0.14893471847245693,0.1414754475293977,0.1414754475293977,0.1713125313016346,0.16666666666666666,0.0,1.0,,2.125,
Race 8 - DUBBO - 2026-07-04,2026-07-04,final_later_block,4,0,2.2,0.36961489515490975,False,False,0.36961489515490975,0.4574555514083631,0.45539721630602736,0.41288921084124763,0.41468577334060575,0.4277438781962802,0.4277438781962802,0.3755114587735824,0.16666666666666666,0.0,0.0,,-2.1666666666666665,
Race 8 - DUBBO - 2026-07-04,2026-07-04,final_later_block,6,0,17.0,0.04783251584357656,False,False,0.04783251584357656,0.04488748402179392,0.044299141195784465,0.046527379696982334,0.026907497126340947,0.019913355265349025,0.019913355265349025,0.04788992270931671,0.16666666666666666,0.0,0.0,,-3.083333333333334,
Race 8 - DUBBO - 2026-07-04,2026-07-04,final_later_block,7,0,16.0,0.050822048083800093,False,False,0.050822048083800093,0.04687814576318847,0.04601402138154764,0.04901123487240541,0.028830836909110306,0.02180910532861284,0.02180910532861284,0.0498960316506027,0.16666666666666666,0.0,0.0,,-1.416666666666667,
Race 8 - DUBBO - 2026-07-04,2026-07-04,final_later_block,8,0,91.0,0.008935744718030787,False,False,0.008935744718030787,0.008544200073764885,0.008342815367220537,0.00877375357372677,0.0033708544198403144,0.001607887783276028,0.001607887783276028,0.008659754329533174,0.16666666666666666,0.0,1.0,,3.625,
Race 8 - GEE - 2026-07-04,2026-07-04,final_later_block,1,1,2.7,0.2832951664270028,False,False,0.2832951664270028,0.23723015777991574,0.24251794167686097,0.2601144144308717,0.2910313340229084,0.2973607484307115,0.2973607484307115,0.27204309079949907,0.125,0.0,0.0,,-0.958333333333333,0.2
Race 8 - GEE - 2026-07-04,2026-07-04,final_later_block,2,0,23.0,0.03325638910230033,False,False,0.03325638910230033,0.029672447269662963,0.03026877890015653,0.03151912250566049,0.016658895376873997,0.01196017497611536,0.01196017497611536,0.03075505657914991,0.125,0.0,0.0,,8.083333333333334,0.4
Race 8 - GEE - 2026-07-04,2026-07-04,final_later_block,3,0,16.0,0.04780605933455673,False,False,0.04780605933455673,0.037494801211423304,0.037922861518072386,0.04248023290968271,0.026512637161493352,0.020613384937815143,0.020613384937815143,0.04421039383252798,0.125,0.0,0.0,,1.5,
Race 8 - GEE - 2026-07-04,2026-07-04,final_later_block,4,0,8.5,0.08998787639445971,False,False,0.08998787639445971,0.10645565467393053,0.10660459135330724,0.0982056009412354,0.06219568193246739,0.053235446239370494,0.053235446239370494,0.08907638901175807,0.125,0.0,0.0,1.0,1.4583333333333335,0.6
Race 8 - GEE - 2026-07-04,2026-07-04,final_later_block,5,0,91.0,0.008405460981900084,False,False,0.008405460981900084,0.007355302178405974,0.0073662202053310245,0.007889344425147146,0.0030831135151259906,0.0015197326673458355,0.0015197326673458355,0.007773256058466456,0.125,0.0,1.0,0.0,4.0,1.0
Race 8 - GEE - 2026-07-04,2026-07-04,final_later_block,6,0,21.0,0.03642366425490036,False,False,0.03642366425490036,0.03160733223293543,0.03149347796057253,0.03404439542508875,0.018690709827021836,0.013708828561531126,0.013708828561531126,0.033636353623493966,0.125,0.0,0.0,1.0,4.291666666666666,0.8
Race 8 - GEE - 2026-07-04,2026-07-04,final_later_block,7,0,12.0,0.06374141244607563,False,False,0.06374141244607563,0.0495684613039719,0.04921938952083498,0.05639926558011104,0.038518191395792524,0.031736382247351876,0.031736382247351876,0.058863618841114455,0.125,0.0,0.0,,3.9166666666666665,
Race 8 - GEE - 2026-07-04,2026-07-04,final_later_block,8,0,1.75,0.4370839710588043,False,False,0.4370839710588043,0.5006158433497541,0.4946067388648643,0.4693476237822028,0.5433094367683167,0.5698653019397588,0.5698653019397588,0.46364184125399016,0.125,0.0,0.0,,4.708333333333334,0.0
Race 8 - TAREE - 2026-07-04,2026-07-04,final_later_block,2,1,2.8,0.2696841112682697,False,False,0.2696841112682697,0.24864575806357142,0.2523074875563183,0.25929712947554884,0.3322095553113104,0.3530462364690622,0.3530462364690622,0.26969951183805496,0.14285714285714285,0.0,0.0,,-0.791666666666667,
Race 8 - TAREE - 2026-07-04,2026-07-04,final_later_block,3,0,7.0,0.10787364450730787,False,False,0.10787364450730787,0.10055175703675877,0.10156325471794989,0.10428744062124555,0.09380362238525461,0.08931441812741106,0.08931441812741106,0.1072712351587852,0.14285714285714285,0.0,0.0,,4.333333333333334,
Race 8 - TAREE - 2026-07-04,2026-07-04,final_later_block,4,0,5.5,0.1372937293729373,False,False,0.1372937293729373,0.14259752129087286,0.14299260573603104,0.14010732483578406,0.13031199795423148,0.12824032175039976,0.12824032175039976,0.13652702656572663,0.14285714285714285,0.0,0.0,,4.125,
Race 8 - TAREE - 2026-07-04,2026-07-04,final_later_block,5,0,5.5,0.1372937293729373,False,False,0.1372937293729373,0.15308677051991984,0.1524064063685627,0.1451689325302655,0.13036045727690837,0.12824032175039976,0.12824032175039976,0.1367208638564342,0.14285714285714285,0.0,0.0,,0.625,
Race 8 - TAREE - 2026-07-04,2026-07-04,final_later_block,6,0,6.5,0.11617161716171617,False,False,0.11617161716171617,0.14106121684023634,0.14041506474030258,0.12818385606655852,0.10481839452921009,0.09981564057973655,0.09981564057973655,0.11982665637763075,0.14285714285714285,0.0,0.0,,-1.541666666666667,
Race 8 - TAREE - 2026-07-04,2026-07-04,final_later_block,7,0,8.0,0.09438943894389439,False,False,0.09438943894389439,0.08335001732723513,0.08235022301212373,0.08881658103358218,0.07829263737042741,0.07310273957259088,0.07310273957259088,0.09386233076393703,0.14285714285714285,0.0,0.0,,0.75,
Race 8 - TAREE - 2026-07-04,2026-07-04,final_later_block,8,0,5.5,0.1372937293729373,False,False,0.1372937293729373,0.1307069589214056,0.12796495786871181,0.1341387354370154,0.13020333517265764,0.12824032175039976,0.12824032175039976,0.13609237543943134,0.14285714285714285,0.0,0.0,,2.875,
Race 9 - TAREE - 2026-07-04,2026-07-04,final_later_block,1,1,6.5,0.12296431838975298,False,False,0.12296431838975298,0.1058706381243097,0.10874961427943049,0.11425075061486242,0.0777927871322353,0.06649933956413207,0.06649933956413207,0.111673129836545,0.2,0.0,0.0,,-2.041666666666667,
Race 9 - TAREE - 2026-07-04,2026-07-04,final_later_block,3,0,16.0,0.04995425434583715,False,False,0.04995425434583715,0.043423340996363635,0.044267142053460364,0.04663689210007832,0.024129710213387275,0.01721897887117596,0.01721897887117596,0.04486190424002122,0.2,0.0,0.0,,3.916666666666667,
Race 9 - TAREE - 2026-07-04,2026-07-04,final_later_block,4,0,6.5,0.12296431838975298,False,False,0.12296431838975298,0.10414399429412677,0.10545413010057567,0.11331526319375794,0.0784879634399871,0.06649933956413207,0.06649933956413207,0.11445383506755222,0.2,0.0,0.0,,-1.875,
Race 9 - TAREE - 2026-07-04,2026-07-04,final_later_block,6,0,21.0,0.038060384263494965,False,False,0.038060384263494965,0.03273172534295841,0.03278581484641556,0.03534294840737447,0.017133671454372383,0.01145139578296731,0.01145139578296731,0.034180498468587596,0.2,0.0,0.0,,9.0,
Race 9 - TAREE - 2026-07-04,2026-07-04,final_later_block,8,0,1.2,0.6660567246111619,False,False,0.6660567246111619,0.7138303012422414,0.708743298720118,0.6904541456839268,0.802455867760018,0.8383309462175925,0.8383309462175925,0.6948306323872939,0.2,0.0,0.0,,1.5,
Race 10 - HEA - 2026-07-05,2026-07-05,final_later_block,1,0,6.5,0.12232941625180853,False,False,0.12232941625180853,0.0977393416218562,0.09813893273184349,0.10950190195373304,0.07770088581225384,0.06680331445200284,0.06680331445200284,0.11039359989300683,0.2,0.0,0.0,,-1.625,1.0
Race 10 - HEA - 2026-07-05,2026-07-05,final_later_block,2,1,1.22,0.6517550865875045,False,False,0.6517550865875045,0.6811495912533422,0.6831167585833487,0.6672444515071354,0.7872455441664608,0.8215392165643934,0.8215392165643934,0.6843645269726629,0.2,0.0,1.0,,1.2916666666666665,
Race 10 - HEA - 2026-07-05,2026-07-05,final_later_block,3,0,5.5,0.1445711282975919,False,False,0.1445711282975919,0.12807771622941108,0.12791815779928908,0.13626963071862397,0.09634281821174485,0.08582701558153528,0.08582701558153528,0.12789022610237355,0.2,0.0,0.0,,-1.5,0.6666666666666666
Race 10 - HEA - 2026-07-05,2026-07-05,final_later_block,7,0,23.0,0.03457135676681545,False,False,0.03457135676681545,0.03450288056108412,0.03367977967579696,0.034586562122688756,0.015493418673184652,0.010036361400971442,0.010036361400971442,0.031864590489824283,0.2,0.0,1.0,,4.166666666666666,0.0
Race 10 - HEA - 2026-07-05,2026-07-05,final_later_block,8,0,17.0,0.04677301209627973,False,False,0.04677301209627973,0.058530470334306514,0.05714637120972171,0.05239745369781879,0.02321733313635576,0.015794092001096858,0.015794092001096858,0.04548705654213246,0.2,0.0,0.0,,-3.291666666666667,0.3333333333333333
Race 10 - MOUNT - 2026-07-05,2026-07-05,final_later_block,1,0,11.0,0.07109850391179029,False,False,0.07109850391179029,0.07626931603883902,0.07777711530503431,0.07369438718792813,0.04687914554039832,0.039279056930048926,0.039279056930048926,0.0696794113714465,0.16666666666666666,0.0,0.0,,3.291666666666667,
Race 10 - MOUNT - 2026-07-05,2026-07-05,final_later_block,2,0,6.0,0.13034725717161552,False,False,0.13034725717161552,0.12375375436595264,0.12558657425556993,0.12710405172318529,0.10622843040198524,0.09750417324926662,0.09750417324926662,0.13240120186014112,0.16666666666666666,0.0,0.0,,-1.25,
Race 10 - MOUNT - 2026-07-05,2026-07-05,final_later_block,4,0,1.85,0.42274786109713136,False,False,0.42274786109713136,0.3999979538798824,0.4009860506668235,0.4115274879320753,0.5346381775558698,0.5694983723507522,0.5694983723507522,0.4300575931712231,0.16666666666666666,0.0,0.0,,-0.8333333333333335,
Race 10 - MOUNT - 2026-07-05,2026-07-05,final_later_block,5,0,4.4,0.1777462597794757,False,False,0.1777462597794757,0.17416169131936377,0.17374261947900277,0.17607828803359396,0.1599977110843813,0.15526410530296963,0.15526410530296963,0.1741985284286163,0.16666666666666666,0.0,0.0,,0.45833333333333304,
Race 10 - MOUNT - 2026-07-05,2026-07-05,final_later_block,7,1,5.5,0.14219700782358058,False,False,0.14219700782358058,0.1577345618953906,0.15514021461885258,0.1498780091524684,0.11805225160001641,0.11109795005540019,0.11109795005540019,0.13891515623386508,0.16666666666666666,0.0,0.0,,0.5,
Race 10 - MOUNT - 2026-07-05,2026-07-05,final_later_block,8,0,14.0,0.05586311021640665,False,False,0.05586311021640665,0.06808272250057157,0.06676742567471688,0.061717775970749136,0.03420428381734878,0.027356342111562387,0.027356342111562387,0.05474810893470796,0.16666666666666666,0.0,0.0,,4.125,
Race 11 - HEA - 2026-07-05,2026-07-05,final_later_block,1,0,14.0,0.05377647468613441,False,False,0.05377647468613441,0.05480676228452291,0.055809547776254034,0.05432815450409335,0.03059361272382163,0.02352104003616969,0.02352104003616969,0.05181133078677745,0.14285714285714285,0.0,1.0,0.0,-0.833333333333333,0.0
Race 11 - HEA - 2026-07-05,2026-07-05,final_later_block,2,1,3.9,0.19304375528355947,False,False,0.19304375528355947,0.19096074196229182,0.1929910707194827,0.19213728082701095,0.1662161725304912,0.15997483250172734,0.15997483250172734,0.18494019261678277,0.14285714285714285,0.0,0.0,1.0,-0.16666666666666696,0.8333333333333334
Race 11 - HEA - 2026-07-05,2026-07-05,final_later_block,3,0,18.0,0.04182614697810454,False,False,0.04182614697810454,0.04501499737465881,0.045275646331815925,0.043422443525014134,0.022118031477661573,0.01613391694789224,0.01613391694789224,0.040070375066969574,0.14285714285714285,0.0,0.0,,4.291666666666667,0.3333333333333333
Race 11 - HEA - 2026-07-05,2026-07-05,final_later_block,4,0,1.65,0.4562852397611405,False,False,0.4562852397611405,0.46863679904422334,0.4690297262018566,0.4627518022505046,0.5547023252612115,0.5813298965188619,0.5813298965188619,0.47481961148826063,0.14285714285714285,0.0,0.0,,-1.75,0.16666666666666666
Race 11 - HEA - 2026-07-05,2026-07-05,final_later_block,6,0,61.0,0.012342141731243964,False,False,0.012342141731243964,0.019255913279035513,0.019182469979505602,0.015427268571123165,0.005077484061668398,0.002586150662397859,0.002586150662397859,0.012551484259480017,0.14285714285714285,0.0,0.0,,-0.9166666666666665,0.5
Race 11 - HEA - 2026-07-05,2026-07-05,final_later_block,7,0,101.0,0.0074541648079790275,False,False,0.0074541648079790275,0.007595182579319483,0.007466428502756582,0.0075297458745675035,0.0026957043668104997,0.0012138541682705914,0.0012138541682705914,0.007141254962430225,0.14285714285714285,0.0,0.0,,2.208333333333333,1.0
Race 11 - HEA - 2026-07-05,2026-07-05,final_later_block,8,0,3.2,0.23527207675183806,False,False,0.23527207675183806,0.21372960347594813,0.21024511048832845,0.22440330444768644,0.2185966695783351,0.21524030916468037,0.21524030916468037,0.22866575081929927,0.14285714285714285,0.0,0.0,,-1.666666666666667,0.6666666666666666
Race 12 - HEA - 2026-07-05,2026-07-05,final_later_block,1,1,2.25,0.334063377492378,False,False,0.334063377492378,0.3498887219339499,0.3548340960877609,0.34214440948157127,0.39759723082798215,0.4129928165527987,0.4129928165527987,0.3514104736535327,0.14285714285714285,0.0,0.0,,-6.541666666666667,
Race 12 - HEA - 2026-07-05,2026-07-05,final_later_block,2,0,10.0,0.07516425993578507,False,False,0.07516425993578507,0.07745869579081588,0.07809380778840302,0.07636086254566053,0.050796160730853836,0.044077431068829026,0.044077431068829026,0.07095234971692826,0.14285714285714285,0.0,1.0,0.0,0.41666666666666674,0.25
Race 12 - HEA - 2026-07-05,2026-07-05,final_later_block,3,0,3.1,0.2424653546315647,False,False,0.2424653546315647,0.2264113793253081,0.22704555872628487,0.23447903256060815,0.24962620164955368,0.2553722683768189,0.2553722683768189,0.232388001467758,0.14285714285714285,0.0,0.0,1.0,1.0,0.0
Race 12 - HEA - 2026-07-05,2026-07-05,final_later_block,4,0,21.0,0.03579250473132622,False,False,0.03579250473132622,0.031334587056508205,0.031245802596920128,0.03351491140806977,0.019558342968254115,0.014483960535659786,0.014483960535659786,0.0347814902660371,0.14285714285714285,0.0,0.0,,2.666666666666666,
Race 12 - HEA - 2026-07-05,2026-07-05,final_later_block,6,0,34.0,0.0221071352752309,False,False,0.0221071352752309,0.022522504562581067,0.022212390915493523,0.022330817306262997,0.010587014124275866,0.007030689192081861,0.007030689192081861,0.021255988920857876,0.14285714285714285,0.0,0.0,,2.958333333333333,1.0
Race 12 - HEA - 2026-07-05,2026-07-05,final_later_block,7,0,3.3,0.22777048465389413,False,False,0.22777048465389413,0.2155421029342366,0.21147324394200573,0.22174039823815062,0.23110799760665626,0.23251199639426068,0.23251199639426068,0.22689600124384302,0.14285714285714285,0.0,0.0,0.0,-4.25,0.5
Race 12 - HEA - 2026-07-05,2026-07-05,final_later_block,8,0,12.0,0.06263688327982088,False,False,0.06263688327982088,0.07684200839660024,0.07509509994313186,0.06942956845967677,0.04072705209242397,0.03353083787955096,0.03353083787955096,0.062315694731042995,0.14285714285714285,0.0,0.0,1.0,1.4166666666666667,0.75
Race 3 - MOUNT - 2026-07-05,2026-07-05,final_later_block,1,0,2.05,0.373948270489249,False,False,0.373948270489249,0.3760098137630382,0.38164313851154585,0.3750271978604247,0.46004784223849443,0.4872223045248373,0.4872223045248373,0.37852445537946594,0.16666666666666666,0.0,0.0,,9.0,
Race 3 - MOUNT - 2026-07-05,2026-07-05,final_later_block,2,0,4.8,0.15970707385478344,False,False,0.15970707385478344,0.1499994450172423,0.1511519530028508,0.15479763201024374,0.1410216682771717,0.13598659425822976,0.13598659425822976,0.15612689033399754,0.16666666666666666,0.0,0.0,,2.333333333333333,
Race 3 - MOUNT - 2026-07-05,2026-07-05,final_later_block,4,0,15.0,0.05110626363353069,False,False,0.05110626363353069,0.05325739629966154,0.05313689330048526,0.052177641091397914,0.031545620495600855,0.02461620299531722,0.02461620299531722,0.05233387299645175,0.16666666666666666,0.0,0.0,,-5.375,
Race 3 - MOUNT - 2026-07-05,2026-07-05,final_later_block,5,1,4.8,0.15970707385478344,False,False,0.15970707385478344,0.159035414733883,0.15768420891364776,0.15939195947477,0.1410216682771717,0.13598659425822976,0.13598659425822976,0.15612689033399754,0.16666666666666666,0.0,0.0,,1.375,
Race 3 - MOUNT - 2026-07-05,2026-07-05,final_later_block,7,0,3.9,0.19656255243665655,False,False,0.19656255243665655,0.1982218007136455,0.1943438893911534,0.19741652838458498,0.1890484886232451,0.1856782535853309,0.1856782535853309,0.1991591937369878,0.16666666666666666,0.0,0.0,,-5.791666666666666,
Race 3 - MOUNT - 2026-07-05,2026-07-05,final_later_block,8,0,13.0,0.05896876573099696,False,False,0.05896876573099696,0.06347612947252942,0.06203991688031687,0.06118904117857853,0.037314712088316146,0.030510050378055074,0.030510050378055074,0.057728697219099366,0.16666666666666666,0.0,1.0,,7.333333333333333,
Race 5 - MOUNT - 2026-07-05,2026-07-05,final_later_block,1,0,10.0,0.07554894161131481,False,False,0.07554894161131481,0.077793917193604,0.07947844450166966,0.07668145806490034,0.054693291399700986,0.047711448415585285,0.047711448415585285,0.07563882035204808,0.14285714285714285,0.0,0.0,,-1.375,
Race 5 - MOUNT - 2026-07-05,2026-07-05,final_later_block,2,0,3.3,0.22893618670095398,False,False,0.22893618670095398,0.2309364020806224,0.23390749529280977,0.22998884372060413,0.2441361585689106,0.251681730376857,0.251681730376857,0.2214994431450715,0.14285714285714285,0.0,0.0,,3.25,
Race 5 - MOUNT - 2026-07-05,2026-07-05,final_later_block,3,0,16.0,0.04721808850707176,False,False,0.04721808850707176,0.04913978319528837,0.04941254544833753,0.048180817968038914,0.029101945598755417,0.023574507415450224,0.023574507415450224,0.045684260148670996,0.14285714285714285,0.0,0.0,,0.5833333333333335,
Race 5 - MOUNT - 2026-07-05,2026-07-05,final_later_block,4,0,4.6,0.1642368295898148,False,False,0.1642368295898148,0.15739573328601048,0.1579225366583368,0.16081816556211595,0.1551441801102784,0.15292759316037738,0.15292759316037738,0.16179394095998142,0.14285714285714285,0.0,0.0,,0.8333333333333335,
Race 5 - MOUNT - 2026-07-05,2026-07-05,final_later_block,6,1,2.7,0.2798108948567215,False,False,0.2798108948567215,0.2931089965851645,0.29114985494453244,0.2864509285310093,0.3266410589189416,0.34007676032302603,0.34007676032302603,0.2863339547066882,0.14285714285714285,0.0,1.0,,5.666666666666667,
Race 5 - MOUNT - 2026-07-05,2026-07-05,final_later_block,7,0,31.0,0.024370626326230584,False,False,0.024370626326230584,0.022105390843814913,0.02176572115758811,0.023215914420025664,0.012796716786877316,0.008741381211838718,0.008741381211838718,0.024962723511993114,0.14285714285714285,0.0,0.0,,-2.375,
Race 5 - MOUNT - 2026-07-05,2026-07-05,final_later_block,8,0,4.2,0.1798784324078924,False,False,0.1798784324078924,0.16951977681549535,0.16636340199672578,0.17466387173330575,0.17748664861653576,0.17528657909686549,0.17528657909686549,0.18408685717554663,0.14285714285714285,0.0,0.0,,-8.5,
Race 6 - CAPALABA - 2026-07-05,2026-07-05,final_later_block,1,0,46.0,0.016546723608832935,False,False,0.016546723608832935,0.01345459750384642,0.013725477263627415,0.014964149789248217,0.007466356326724513,0.004587795800771331,0.004587795800771331,0.01610203790458406,0.14285714285714285,0.0,0.0,,1.2916666666666665,1.0
Race 6 - CAPALABA - 2026-07-05,2026-07-05,final_later_block,2,0,8.0,0.09514366075078938,False,False,0.09514366075078938,0.07799359694948717,0.07905461958674809,0.08639330509963346,0.07058912964241454,0.06325660020609995,0.06325660020609995,0.09258671795135832,0.14285714285714285,0.0,0.0,,3.7916666666666665,0.6
Race 6 - CAPALABA - 2026-07-05,2026-07-05,final_later_block,3,0,3.8,0.20030244368587236,False,False,0.20030244368587236,0.2357023533370854,0.23688553476028243,0.21791431906504735,0.19483133545718126,0.1932259415251772,0.1932259415251772,0.19964751725319344,0.14285714285714285,0.0,0.0,,0.08333333333333348,0.2
Race 6 - CAPALABA - 2026-07-05,2026-07-05,final_later_block,4,1,2.6,0.2927497253870442,False,False,0.2927497253870442,0.32923503456826697,0.3298912092972749,0.3113593809068658,0.33141430847408176,0.341413590676053,0.341413590676053,0.301416461868168,0.14285714285714285,0.0,0.0,,-1.25,0.4
Race 6 - CAPALABA - 2026-07-05,2026-07-05,final_later_block,6,0,2.6,0.2927497253870442,False,False,0.2927497253870442,0.2650162874721486,0.2628399445006435,0.27934777487992346,0.32857638105956444,0.341413590676053,0.341413590676053,0.29006475221009864,0.14285714285714285,0.0,0.0,,0.41666666666666674,0.0
Race 6 - CAPALABA - 2026-07-05,2026-07-05,final_later_block,7,0,34.0,0.02238674370606809,False,False,0.02238674370606809,0.017032340353967158,0.016869672423373897,0.019583635282168686,0.010878487961486088,0.007219754855839945,0.007219754855839945,0.02185468727842452,0.14285714285714285,0.0,0.0,,0.541666666666667,0.8
Race 6 - CAPALABA - 2026-07-05,2026-07-05,final_later_block,8,0,9.5,0.08012097747434895,False,False,0.08012097747434895,0.0615657898151983,0.060733542168049645,0.070437434977113,0.056244001078547406,0.048882726260005574,0.048882726260005574,0.0783278255341729,0.14285714285714285,0.0,0.0,,2.958333333333333,
Race 7 - CAPALABA - 2026-07-05,2026-07-05,final_later_block,1,0,10.0,0.07414985547435995,False,False,0.07414985547435995,0.05240145894579482,0.05366485136982522,0.06244583275059713,0.04320563055668983,0.03436568001315074,0.03436568001315074,0.0697254821873071,0.14285714285714285,0.0,0.0,,2.791666666666666,
Race 7 - CAPALABA - 2026-07-05,2026-07-05,final_later_block,2,0,81.0,0.009154303144982709,False,False,0.009154303144982709,0.006805322659464322,0.0069491932847397095,0.007907034311340525,0.0033043959940893984,0.0014907245841163463,0.0014907245841163463,0.008745410224008555,0.14285714285714285,0.0,0.0,,-1.625,
Race 7 - CAPALABA - 2026-07-05,2026-07-05,final_later_block,3,1,7.0,0.10592836496337134,False,False,0.10592836496337134,0.1113835723914699,0.11310529062912152,0.10881614184988721,0.06848464513811575,0.05867834847278422,0.05867834847278422,0.09790353513411035,0.14285714285714285,0.0,0.0,,2.083333333333333,0.6666666666666666
Race 7 - CAPALABA - 2026-07-05,2026-07-05,final_later_block,4,0,101.0,0.0073415698489465294,False,False,0.0073415698489465294,0.005940382039927347,0.006013688202656646,0.006615737631276106,0.00253618405501689,0.0010706385611231539,0.0010706385611231539,0.006932820536698097,0.14285714285714285,0.0,0.0,,-0.875,1.0
Race 7 - CAPALABA - 2026-07-05,2026-07-05,final_later_block,6,0,3.5,0.21185672992674268,False,False,0.21185672992674268,0.19788513829222987,0.19796581604419067,0.20511826738847905,0.17350777109805152,0.16596743245573203,0.16596743245573203,0.19612878702500997,0.14285714285714285,0.0,0.0,,-1.1511666666666664,0.3333333333333333
Race 7 - CAPALABA - 2026-07-05,2026-07-05,final_later_block,7,0,35.0,0.02118567299267427,False,False,0.02118567299267427,0.015379030517976885,0.015325434130137695,0.018082656372679983,0.00909816236681007,0.005248351039702655,0.005248351039702655,0.020647596348132315,0.14285714285714285,0.0,0.0,,-2.0,
Race 7 - CAPALABA - 2026-07-05,2026-07-05,final_later_block,8,0,1.3,0.5703835036489227,False,False,0.5703835036489227,0.6102050951531369,0.6069757263393285,0.59101432969574,0.6998632107912266,0.7331788248733908,0.7331788248733908,0.5999163685447336,0.14285714285714285,0.0,0.0,,-1.9166666666666665,0.0
Race 8 - CAPALABA - 2026-07-05,2026-07-05,final_later_block,1,0,12.0,0.0659539299352292,False,False,0.0659539299352292,0.0504512017806531,0.0514699829047662,0.05806860399269322,0.03585445510719783,0.02800777283448448,0.02800777283448448,0.05939450192533787,0.16666666666666666,0.0,0.0,,-2.208333333333333,0.6
Race 8 - CAPALABA - 2026-07-05,2026-07-05,final_later_block,3,1,1.3,0.6088055070944233,False,False,0.6088055070944233,0.7165638352418023,0.7162499332041318,0.6648933926721655,0.7514350803669771,0.7854805144749851,0.7854805144749851,0.649298778042953,0.16666666666666666,0.0,0.0,,-1.4011666666666667,0.0
Race 8 - CAPALABA - 2026-07-05,2026-07-05,final_later_block,4,0,4.2,0.18843979981494055,False,False,0.18843979981494055,0.13077252852762594,0.13106706370127716,0.15802647979221773,0.1437356413034202,0.13526221929448176,0.13526221929448176,0.1691559073302355,0.16666666666666666,0.0,0.0,,-2.270833333333333,0.8
Race 8 - CAPALABA - 2026-07-05,2026-07-05,final_later_block,6,0,11.0,0.07194974174752276,False,False,0.07194974174752276,0.05167049391698268,0.05135596060492793,0.06137919869618906,0.040126737398317104,0.0319125432669822,0.0319125432669822,0.06476931979232181,0.16666666666666666,0.0,0.0,,-1.583333333333333,0.2
Race 8 - CAPALABA - 2026-07-05,2026-07-05,final_later_block,7,0,23.0,0.034410746053163056,False,False,0.034410746053163056,0.027021105283944444,0.026734633947632612,0.03069614850919288,0.01564939873167124,0.010555011002228387,0.010555011002228387,0.030932561919999803,0.16666666666666666,0.0,0.0,,-3.125,0.4
Race 8 - CAPALABA - 2026-07-05,2026-07-05,final_later_block,8,0,26.0,0.03044027535472117,False,False,0.03044027535472117,0.023520835248991536,0.02312242563726426,0.02693617633754172,0.013198687092416433,0.00878193912683788,0.00878193912683788,0.02644893098915209,0.16666666666666666,0.0,0.0,,1.375,1.0
Race 8 - MOUNT - 2026-07-05,2026-07-05,final_later_block,1,0,15.0,0.049652859843162006,False,False,0.049652859843162006,0.05136913357749611,0.052733195310097,0.05061932170353984,0.030911830991128375,0.025151041802289192,0.025151041802289192,0.048194198557645916,0.125,0.0,0.0,,1.7083333333333335,
Race 8 - MOUNT - 2026-07-05,2026-07-05,final_later_block,2,0,71.0,0.010490040811935636,False,False,0.010490040811935636,0.009900415138426965,0.010129663723449766,0.010214294113975939,0.004385349656669653,0.002442335626245075,0.002442335626245075,0.010214391747943388,0.125,0.0,0.0,,6.916666666666667,
Race 8 - MOUNT - 2026-07-05,2026-07-05,final_later_block,3,0,10.0,0.07447928976474301,False,False,0.07447928976474301,0.06823330414982376,0.06943345673279752,0.07145111849206669,0.05278460599229731,0.04620541418626373,0.04620541418626373,0.07252218141039805,0.125,0.0,0.0,,5.916666666666666,
Race 8 - MOUNT - 2026-07-05,2026-07-05,final_later_block,4,0,23.0,0.03238229989771435,False,False,0.03238229989771435,0.02966355783846522,0.030007641162048626,0.03106408257462016,0.017932079122740245,0.013246499078081298,0.013246499078081298,0.03198881925671709,0.125,0.0,0.0,,-1.666666666666667,
Race 8 - MOUNT - 2026-07-05,2026-07-05,final_later_block,5,0,4.8,0.15516518700988127,False,False,0.15516518700988127,0.13032447493299917,0.13111460900660432,0.14252898873060182,0.1425258316035837,0.13894118915863293,0.13894118915863293,0.153279758938436,0.125,0.0,0.0,,-1.916666666666667,
Race 8 - MOUNT - 2026-07-05,2026-07-05,final_later_block,6,1,3.8,0.19599813095985003,False,False,0.19599813095985003,0.2449903622912715,0.24490998719013435,0.21963094599098804,0.1997341274191116,0.19725020929555784,0.19725020929555784,0.20718588178977285,0.125,0.0,0.0,,-8.916666666666666,
Race 8 - MOUNT - 2026-07-05,2026-07-05,final_later_block,7,0,2.15,0.3464153012313628,False,False,0.3464153012313628,0.32242934898976816,0.3204051594297281,0.3349722911411034,0.4333241808385302,0.46348446034588964,0.46348446034588964,0.34284334231645175,0.125,0.0,1.0,,3.291666666666667,
Race 8 - MOUNT - 2026-07-05,2026-07-05,final_later_block,8,0,5.5,0.13541689048135094,False,False,0.13541689048135094,0.1430894030817492,0.14126628744514028,0.13951895725310415,0.11840199437593917,0.11327885050704055,0.11327885050704055,0.13377142598263503,0.125,0.0,0.0,,-4.25,
Race 9 - HEA - 2026-07-05,2026-07-05,final_later_block,1,0,5.5,0.13717754950431643,False,False,0.13717754950431643,0.1222057029445772,0.12356123861064496,0.12981156863607146,0.09938208884945132,0.09019508422960675,0.09019508422960675,0.12694310270898507,0.14285714285714285,0.0,0.0,,-1.0833333333333333,0.25
Race 9 - HEA - 2026-07-05,2026-07-05,final_later_block,2,0,1.35,0.5588714979805485,False,False,0.5588714979805485,0.5111279810080146,0.5125717483970192,0.5358545835856846,0.7013696549069128,0.7416965347560103,0.7416965347560103,0.5803890153596205,0.14285714285714285,0.0,1.0,,0.625,
Race 9 - HEA - 2026-07-05,2026-07-05,final_later_block,3,0,5.0,0.15089530445474808,False,False,0.15089530445474808,0.19198321558159695,0.1920737680919675,0.17064581210578736,0.11482741914836059,0.10405714264161005,0.10405714264161005,0.1471382486686122,0.14285714285714285,0.0,0.0,1.0,-0.16666666666666663,0.0
Race 9 - HEA - 2026-07-05,2026-07-05,final_later_block,4,0,51.0,0.014793657299485107,False,False,0.014793657299485107,0.015267856743711736,0.01525508750112184,0.015067907868298976,0.005860987386238637,0.0031942701168180656,0.0031942701168180656,0.013861139194500351,0.14285714285714285,0.0,0.0,0.0,-0.20833333333333348,1.0
Race 9 - HEA - 2026-07-05,2026-07-05,final_later_block,6,0,27.0,0.02794357489902742,False,False,0.02794357489902742,0.028691973475701304,0.028312684818078117,0.028388819544757957,0.013023261813338963,0.008292419351952372,0.008292419351952372,0.027215789197498737,0.14285714285714285,0.0,1.0,,2.2083333333333335,
Race 9 - HEA - 2026-07-05,2026-07-05,final_later_block,7,1,8.5,0.08876194379691063,False,False,0.08876194379691063,0.09947805595368901,0.09741861137517159,0.09421134149132109,0.05606773225595639,0.04694599132094804,0.04694599132094804,0.08343295506098145,0.14285714285714285,0.0,0.0,1.0,1.1666666666666665,0.75
Race 9 - HEA - 2026-07-05,2026-07-05,final_later_block,8,0,35.0,0.02155647206496401,False,False,0.02155647206496401,0.031245214292709177,0.03080686120599669,0.02601996676807853,0.009468855639741376,0.005618557583054589,0.005618557583054589,0.021019749809801733,0.14285714285714285,0.0,0.0,0.0,-0.125,0.5
Race 1 - DUBBO - 2026-07-06,2026-07-06,final_later_block,1,0,10.0,0.0766749393853262,False,False,0.0766749393853262,0.07731124447650979,0.07865224326680767,0.07700464130608631,0.05204731706559414,0.04442968316062426,0.04442968316062426,0.07490021878050375,0.16666666666666666,0.0,1.0,,6.875,
Race 1 - DUBBO - 2026-07-06,2026-07-06,final_later_block,2,1,2.4,0.3194789141055258,False,False,0.3194789141055258,0.3061009520061915,0.3088506242227556,0.3127679830256009,0.3661221916272601,0.3778821290869986,0.3778821290869986,0.3308423792480445,0.16666666666666666,0.0,0.0,,-2.416666666666667,
Race 1 - DUBBO - 2026-07-06,2026-07-06,final_later_block,4,0,3.3,0.23234830116765512,False,False,0.23234830116765512,0.23808100592397932,0.23813506326366607,0.23523447723839488,0.2336552716839792,0.2343701545289639,0.2343701545289639,0.2315106231490251,0.16666666666666666,0.0,0.0,,-3.708333333333333,
Race 1 - DUBBO - 2026-07-06,2026-07-06,final_later_block,5,0,2.9,0.26439634270802137,False,False,0.26439634270802137,0.26360666223559664,0.2620587415036541,0.26404306311346243,0.278186716514914,0.2844960358486685,0.2844960358486685,0.25925875851365043,0.16666666666666666,0.0,0.0,,-1.333333333333333,
Race 1 - DUBBO - 2026-07-06,2026-07-06,final_later_block,7,0,35.0,0.021907125538664626,False,False,0.021907125538664626,0.02340498495044746,0.02302205953284906,0.022647263393502544,0.010375030740283706,0.006785332742447985,0.006785332742447985,0.021144124733790865,0.16666666666666666,0.0,0.0,,1.291666666666666,
Race 1 - DUBBO - 2026-07-06,2026-07-06,final_later_block,8,0,9.0,0.08519437709480687,False,False,0.08519437709480687,0.09149515040727545,0.08928126821026756,0.08830257192295307,0.05961347236796889,0.05203666463229676,0.05203666463229676,0.08234389557498528,0.16666666666666666,0.0,0.0,,0.6666666666666661,
Race 1 - TRA - 2026-07-06,2026-07-06,final_later_block,1,0,2.6,0.2846392686728631,False,False,0.2846392686728631,0.294331623074783,0.3008828683775259,0.2894758842597593,0.2865336568378474,0.2855768444660773,0.2855768444660773,0.28940409395315764,0.125,0.0,0.0,,-3.0,1.0
Race 1 - TRA - 2026-07-06,2026-07-06,final_later_block,2,0,27.0,0.027409707353683116,False,False,0.027409707353683116,0.02667083007890474,0.02715500474385625,0.027040641146838015,0.012921353720761874,0.008533699899895122,0.008533699899895122,0.02608431518336213,0.125,0.0,0.0,,-0.5833333333333339,
Race 1 - TRA - 2026-07-06,2026-07-06,final_later_block,3,0,10.0,0.07400620985494442,False,False,0.07400620985494442,0.07118618453552641,0.0720718588459135,0.07259027782777248,0.046181988714822195,0.037860209466632294,0.037860209466632294,0.07114732645939191,0.125,0.0,0.0,,-2.458333333333334,
Race 1 - TRA - 2026-07-06,2026-07-06,final_later_block,4,0,81.0,0.009136569117894372,False,False,0.009136569117894372,0.008631531748931538,0.00868981831243155,0.0088814122097383,0.0034054264155438264,0.001642311311462644,0.001642311311462644,0.008694771727787374,0.125,0.0,0.0,,-0.541666666666667,
Race 1 - TRA - 2026-07-06,2026-07-06,final_later_block,5,0,7.0,0.10572315693563487,False,False,0.10572315693563487,0.10616751608994593,0.10608285394971081,0.10595645238154745,0.07363659554457608,0.06464515072844536,0.06464515072844536,0.10061092999296822,0.125,0.0,0.0,,-0.958333333333333,
Race 1 - TRA - 2026-07-06,2026-07-06,final_later_block,6,0,81.0,0.009136569117894372,False,False,0.009136569117894372,0.008476521470259572,0.008433252730823156,0.008801302021748437,0.003396237457878975,0.001642311311462644,0.001642311311462644,0.008658015897127969,0.125,0.0,0.0,,5.583333333333334,
Race 1 - TRA - 2026-07-06,2026-07-06,final_later_block,7,0,27.0,0.027409707353683116,False,False,0.027409707353683116,0.024580970770526768,0.0243373304680184,0.02595961418696558,0.012893786847767319,0.008533699899895122,0.008533699899895122,0.025974047691383905,0.125,0.0,0.0,,1.5,
Race 1 - TRA - 2026-07-06,2026-07-06,final_later_block,8,1,1.6,0.4625388115934026,False,False,0.4625388115934026,0.459954822231122,0.45234701257172044,0.4612944159656305,0.5610309544608024,0.5915657729161296,0.5915657729161296,0.46942649909482087,0.125,0.0,0.0,,0.08333333333333348,0.0
Race 1 - WAR - 2026-07-06,2026-07-06,final_later_block,1,1,1.65,0.4493766869419063,False,False,0.4493766869419063,0.4387721030322912,0.44382195444104017,0.4443385231099999,0.5864253964985978,0.6226921954728376,0.6226921954728376,0.47762499957587856,0.14285714285714285,0.0,0.0,,-7.875,0.5
Race 1 - WAR - 2026-07-06,2026-07-06,final_later_block,2,0,6.0,0.12357858890902422,False,False,0.12357858890902422,0.1249640537106273,0.12577134032864795,0.12435216841826666,0.09646340678649683,0.08979919909103128,0.08979919909103128,0.11645602987289351,0.14285714285714285,1.0,0.0,,,0.0
Race 1 - WAR - 2026-07-06,2026-07-06,final_later_block,4,0,7.5,0.09886287112721938,False,False,0.09886287112721938,0.10138933930974144,0.10089777823696702,0.10018482649092003,0.07233134779704295,0.06425507631762666,0.06425507631762666,0.09656016223529187,0.14285714285714285,0.0,0.0,,-3.125,0.25
Race 1 - WAR - 2026-07-06,2026-07-06,final_later_block,5,0,5.0,0.14829430669082908,False,False,0.14829430669082908,0.13298351882498138,0.13165510037177686,0.14052394828414047,0.12346989354036753,0.11804411277133262,0.11804411277133262,0.1397472358474723,0.14285714285714285,1.0,0.0,,,
Race 1 - WAR - 2026-07-06,2026-07-06,final_later_block,6,0,9.5,0.07804963510043635,False,False,0.07804963510043635,0.0813050675184802,0.07998347549374592,0.0797137867160914,0.05219234693292124,0.04507273698995248,0.04507273698995248,0.0735511767618275,0.14285714285714285,0.0,0.0,,1.416666666666667,
Race 1 - WAR - 2026-07-06,2026-07-06,final_later_block,7,0,81.0,0.00915396954881661,False,False,0.00915396954881661,0.010319715338742829,0.010111889655745878,0.009725854876624326,0.003537384788970692,0.0018103886179722285,0.0018103886179722285,0.008718373301966082,0.14285714285714285,0.0,0.0,0.0,0.2916666666666661,1.0
Race 1 - WAR - 2026-07-06,2026-07-06,final_later_block,8,0,8.0,0.09268394168176818,False,False,0.09268394168176818,0.11026620226513575,0.10775846147207623,0.10116089210395712,0.06558022365560293,0.05832629073924719,0.05832629073924719,0.08734202240467015,0.14285714285714285,0.0,0.0,1.0,1.583333333333333,0.75
Race 3 - TRA - 2026-07-06,2026-07-06,final_later_block,1,0,5.0,0.151140625792244,False,False,0.151140625792244,0.13856409661278737,0.14154297893403722,0.14477582327163913,0.1404004511242799,0.1380438184428507,0.1380438184428507,0.14747034916856752,0.14285714285714285,0.0,0.0,,-0.5416666666666661,
Race 3 - TRA - 2026-07-06,2026-07-06,final_later_block,2,0,4.8,0.15743815186692084,False,False,0.15743815186692084,0.1599390289370385,0.16266330991000624,0.15874947467722267,0.14976213553038736,0.14676081481353564,0.14676081481353564,0.15876609768094246,0.14285714285714285,0.0,1.0,0.0,-4.458333333333333,0.25
Race 3 - TRA - 2026-07-06,2026-07-06,final_later_block,3,0,101.0,0.007482209197635841,False,False,0.007482209197635841,0.008237189262643257,0.00832939965485138,0.007853884741113575,0.0029577967827095477,0.00152051220199912,0.00152051220199912,0.00726965052484083,0.14285714285714285,0.0,0.0,1.0,2.333333333333334,1.0
Race 3 - TRA - 2026-07-06,2026-07-06,final_later_block,4,0,6.5,0.11626201984018769,False,False,0.11626201984018769,0.10520914934630397,0.10558329384613763,0.110643464061159,0.09808927972018887,0.09313264460081985,0.09313264460081985,0.1129591850782959,0.14285714285714285,1.0,0.0,,,
Race 3 - TRA - 2026-07-06,2026-07-06,final_later_block,6,1,4.8,0.15743815186692084,False,False,0.15743815186692084,0.16865373570007355,0.16785693995382364,0.16301705836062305,0.14976213553038736,0.14676081481353564,0.14676081481353564,0.15876609768094246,0.14285714285714285,0.0,1.0,1.0,-1.416666666666667,0.75
Race 3 - TRA - 2026-07-06,2026-07-06,final_later_block,7,0,2.5,0.302281251584488,False,False,0.302281251584488,0.30734763105620205,0.30385910927671606,0.30493032649048196,0.3696728224735174,0.3904468804872973,0.3904468804872973,0.3073506484321777,0.14285714285714285,0.0,0.0,0.0,8.041666666666668,0.0
Race 3 - TRA - 2026-07-06,2026-07-06,final_later_block,8,0,7.0,0.10795758985160285,False,False,0.10795758985160285,0.11204916908495147,0.11016496842442781,0.11002996839776054,0.08935537883852944,0.08333451463996154,0.08333451463996154,0.10741797143423315,0.14285714285714285,0.0,0.0,1.0,-0.625,0.5
Race 3 - WAR - 2026-07-06,2026-07-06,final_later_block,1,0,4.8,0.15815009617172202,False,False,0.15815009617172202,0.16101285483312489,0.16223529660325514,0.15967447526826783,0.12651355820703344,0.11710636963214947,0.11710636963214947,0.15473512393168537,0.14285714285714285,0.0,0.0,1.0,-4.166666666666667,0.5
Race 3 - WAR - 2026-07-06,2026-07-06,final_later_block,2,1,1.45,0.5235313528443212,False,False,0.5235313528443212,0.528301059412336,0.5295847572363469,0.5262384546979394,0.6652920843946919,0.7053267750654622,0.7053267750654622,0.5451880123823811,0.14285714285714285,0.0,0.0,0.0,1.4583333333333335,0.0
Race 3 - WAR - 2026-07-06,2026-07-06,final_later_block,3,0,4.8,0.15815009617172202,False,False,0.15815009617172202,0.17231221798339516,0.17202640080529044,0.1651822048593266,0.12500713021996873,0.11710636963214947,0.11710636963214947,0.14870941198342652,0.14285714285714285,0.0,0.0,1.0,1.583333333333333,0.25
Race 3 - WAR - 2026-07-06,2026-07-06,final_later_block,4,0,27.0,0.028115572652750578,False,False,0.028115572652750578,0.022395167456067795,0.022230989414490032,0.025108520104085697,0.013192824649061918,0.008778023266398025,0.008778023266398025,0.026437228797053593,0.14285714285714285,0.0,0.0,,4.541666666666667,
Race 3 - WAR - 2026-07-06,2026-07-06,final_later_block,5,0,16.0,0.0474450288515166,False,False,0.0474450288515166,0.04025467650323039,0.039774671834434776,0.04372945051986277,0.02574691414719863,0.01924254008251986,0.01924254008251986,0.04526003634123495,0.14285714285714285,0.0,0.0,,-2.0,0.75
Race 3 - WAR - 2026-07-06,2026-07-06,final_later_block,6,0,17.0,0.04465414480142739,False,False,0.04465414480142739,0.038046048995645065,0.03744953613001077,0.041243561603312176,0.02368945446603818,0.0175698879480495,0.0175698879480495,0.04204815402000421,0.14285714285714285,0.0,0.0,,3.916666666666667,
Race 3 - WAR - 2026-07-06,2026-07-06,final_later_block,8,0,19.0,0.03995370850654029,False,False,0.03995370850654029,0.03767797481620062,0.036698347976172045,0.038823332947205524,0.02055803391600724,0.014870034373271557,0.014870034373271557,0.03762203254421429,0.14285714285714285,0.0,0.0,,1.541666666666667,1.0
Race 4 - TRA - 2026-07-06,2026-07-06,final_later_block,1,0,15.0,0.05070579609875983,False,False,0.05070579609875983,0.0483774153055686,0.04962539627161157,0.04961641502631331,0.033765325100336085,0.02776668694869315,0.02776668694869315,0.05176123955526489,0.125,0.0,0.0,,-1.375,0.6666666666666666
Race 4 - TRA - 2026-07-06,2026-07-06,final_later_block,2,0,15.0,0.05070579609875983,False,False,0.05070579609875983,0.046203182230612934,0.04714493096723192,0.04848863910390564,0.03349350419603905,0.02776668694869315,0.02776668694869315,0.05067395593807675,0.125,0.0,0.0,,2.541666666666666,
Race 4 - TRA - 2026-07-06,2026-07-06,final_later_block,3,0,11.0,0.06914426740739978,False,False,0.06914426740739978,0.06369906077638193,0.0646184185262056,0.06648441509921865,0.05027860872489433,0.044215233693588755,0.044215233693588755,0.06846873381881106,0.125,0.0,1.0,1.0,0.45833333333333304,1.0
Race 4 - TRA - 2026-07-06,2026-07-06,final_later_block,4,0,5.0,0.1521173882962795,False,False,0.1521173882962795,0.14558657463523808,0.14686205876045275,0.1490820453217437,0.14569464871240484,0.14427993765898856,0.14427993765898856,0.14993878187265364,0.125,0.0,0.0,0.0,1.9166666666666665,0.5
Race 4 - TRA - 2026-07-06,2026-07-06,final_later_block,5,0,27.0,0.028169886721533238,False,False,0.028169886721533238,0.027458576709394993,0.027529175688312802,0.027861648542505835,0.015616704697541476,0.011497814727265571,0.011497814727265571,0.02797337460836919,0.125,0.0,0.0,1.0,-0.833333333333333,0.8333333333333334
Race 4 - TRA - 2026-07-06,2026-07-06,final_later_block,6,0,3.1,0.24535062628432175,False,False,0.24535062628432175,0.2192603816841775,0.21841488642938095,0.23235333829613367,0.28211527986322044,0.29554145816566296,0.29554145816566296,0.24183674495589294,0.125,0.0,0.0,,0.4583333333333335,0.0
Race 4 - TRA - 2026-07-06,2026-07-06,final_later_block,7,0,4.8,0.15845561280862447,False,False,0.15845561280862447,0.15250226137506784,0.15128633254460036,0.15572817844315937,0.1542699215189441,0.1533907236914448,0.1533907236914448,0.15690751500144198,0.125,0.0,1.0,1.0,1.958333333333333,0.16666666666666666
Race 4 - TRA - 2026-07-06,2026-07-06,final_later_block,8,1,3.1,0.24535062628432175,False,False,0.24535062628432175,0.2969125472835581,0.29451880081220405,0.2703853201670198,0.2847660071866196,0.29554145816566296,0.29554145816566296,0.2524396542494896,0.125,0.0,0.0,0.0,-3.083333333333333,0.3333333333333333
Race 4 - WAR - 2026-07-06,2026-07-06,final_later_block,1,0,31.0,0.025168575730212805,False,False,0.025168575730212805,0.01935757434069719,0.019848802772005472,0.022137830172871856,0.010273341762703751,0.006375398014639793,0.006375398014639793,0.021967173006895626,0.125,0.0,1.0,1.0,5.25,0.7142857142857143
Race 4 - WAR - 2026-07-06,2026-07-06,final_later_block,2,0,15.0,0.05201505650910647,False,False,0.05201505650910647,0.0506464166355199,0.051523774623235534,0.05147770332628586,0.026132495924874162,0.018941438359748954,0.018941438359748954,0.047705668620249796,0.125,0.0,0.0,0.0,-8.5,0.42857142857142855
Race 4 - WAR - 2026-07-06,2026-07-06,final_later_block,3,0,6.0,0.13003764127276615,False,False,0.13003764127276615,0.09746435186635757,0.09876926347405682,0.11291137726963488,0.08448849416808915,0.0748726092206131,0.0748726092206131,0.11333614901051729,0.125,0.0,0.0,2.0,-0.29166666666666696,0.14285714285714285
Race 4 - WAR - 2026-07-06,2026-07-06,final_later_block,4,0,18.0,0.043345880424255384,False,False,0.043345880424255384,0.03466892846056569,0.034999703030451815,0.03887983268811393,0.020251609356322427,0.014409240362816872,0.014409240362816872,0.037778716336839095,0.125,0.0,0.0,0.0,6.625,0.5714285714285714
Race 4 - WAR - 2026-07-06,2026-07-06,final_later_block,5,0,18.0,0.043345880424255384,False,False,0.043345880424255384,0.032854005920640084,0.03297956779942891,0.037848471340346815,0.020251609356322427,0.014409240362816872,0.014409240362816872,0.037778716336839095,0.125,0.0,0.0,1.0,0.875,0.2857142857142857
Race 4 - WAR - 2026-07-06,2026-07-06,final_later_block,6,0,101.0,0.007725008392441554,False,False,0.007725008392441554,0.00759180701737645,0.0075836639232245255,0.007680726903007949,0.0025207010874765596,0.0010840961021745662,0.0010840961021745662,0.00683051604338254,0.125,0.0,0.0,2.0,-1.5,0.8571428571428571
Race 4 - WAR - 2026-07-06,2026-07-06,final_later_block,7,1,1.18,0.6612083454547433,False,False,0.6612083454547433,0.7272998912625848,0.7246132100706194,0.6955144994244501,0.819103377308153,0.8584733795626043,0.8584733795626043,0.7009933705447993,0.125,0.0,0.0,0.0,-7.291666666666666,0.0
Race 4 - WAR - 2026-07-06,2026-07-06,final_later_block,8,0,21.0,0.037153611792218905,False,False,0.037153611792218905,0.030117024496258256,0.029682014306977547,0.033549558875288585,0.01697837103605853,0.011434598014585554,0.011434598014585554,0.033609690100477464,0.125,0.0,0.0,,-7.833333333333334,1.0
Race 5 - DUBBO - 2026-07-06,2026-07-06,final_later_block,1,0,6.5,0.12265202318380065,False,False,0.12265202318380065,0.11952751005872639,0.12214733137038626,0.12115221810049615,0.08209237772929931,0.07161797918970726,0.07161797918970726,0.11351557334807545,0.2,0.0,0.0,,-0.3333333333333335,
Race 5 - DUBBO - 2026-07-06,2026-07-06,final_later_block,2,0,9.5,0.08391980533628465,False,False,0.08391980533628465,0.07282936520410493,0.07414900234327197,0.07822499993294822,0.049496433666206346,0.040532807823084584,0.040532807823084584,0.07638731119557163,0.2,0.0,0.0,,0.25,
Race 5 - DUBBO - 2026-07-06,2026-07-06,final_later_block,4,0,31.0,0.025717359699829166,False,False,0.025717359699829166,0.01937716644328212,0.019503154446494794,0.02233666854561639,0.011099150349217497,0.0068762167318436795,0.0068762167318436795,0.023767951201338955,0.2,0.0,0.0,,2.9166666666666665,
Race 5 - DUBBO - 2026-07-06,2026-07-06,final_later_block,5,0,1.35,0.5905467782923735,False,False,0.5905467782923735,0.6169145284195631,0.6147378080341227,0.6039482491562668,0.722942368263675,0.7566437425228892,0.7566437425228892,0.6218382454860323,0.2,0.0,0.0,,1.4166666666666665,
Race 5 - DUBBO - 2026-07-06,2026-07-06,final_later_block,7,1,4.5,0.17716403348771204,False,False,0.17716403348771204,0.1713514298743235,0.16946270380572417,0.1743378642646724,0.13436966999160183,0.12432925373247522,0.12432925373247522,0.1644909187689817,0.2,0.0,0.0,,7.291666666666667,
Race 5 - WAR - 2026-07-06,2026-07-06,final_later_block,1,0,16.0,0.04823215068301225,False,False,0.04823215068301225,0.042565198052671775,0.04348836384968105,0.04534337380556745,0.03029610647411623,0.0244752341406517,0.0244752341406517,0.047758723474509816,0.125,0.0,1.0,,5.166666666666667,
Race 5 - WAR - 2026-07-06,2026-07-06,final_later_block,2,0,2.5,0.3086857643712784,False,False,0.3086857643712784,0.30044706485547457,0.304486982920148,0.3047617590119437,0.37621695196340915,0.3962751290899111,0.3962751290899111,0.31604242058390336,0.125,0.0,0.0,,3.125,
Race 5 - WAR - 2026-07-06,2026-07-06,final_later_block,3,0,41.0,0.018822302705565758,False,False,0.018822302705565758,0.01831190605881023,0.018493745671792353,0.0185789574700976,0.00925255505710424,0.005966656606985394,0.005966656606985394,0.019110250407460776,0.125,0.0,0.0,,-1.416666666666666,
Race 5 - WAR - 2026-07-06,2026-07-06,final_later_block,4,1,5.5,0.14031171107785384,False,False,0.14031171107785384,0.13897020869520915,0.13982499721690514,0.13974169385515167,0.1252271509732605,0.1214402897863735,0.1214402897863735,0.13658773453392153,0.125,0.0,0.0,,-0.4583333333333335,0.5
Race 5 - WAR - 2026-07-06,2026-07-06,final_later_block,5,0,61.0,0.012651055916855674,False,False,0.012651055916855674,0.012870245354278284,0.012840466145523944,0.012769532232473789,0.00559316750656042,0.003287850612454966,0.003287850612454966,0.012509118188876782,0.125,0.0,0.0,,2.916666666666667,
Race 5 - WAR - 2026-07-06,2026-07-06,final_later_block,6,0,5.0,0.1543428821856392,False,False,0.1543428821856392,0.18156277721828942,0.18037098959506717,0.16752317656796445,0.1433807937912388,0.14010441549752536,0.14010441549752536,0.15320992867237915,0.125,0.0,0.0,,-0.375,1.0
Race 5 - WAR - 2026-07-06,2026-07-06,final_later_block,7,0,3.5,0.2204898316937703,False,False,0.2204898316937703,0.2139535365500259,0.21075910661419786,0.21735628652948558,0.2339220210694437,0.23922400813816463,0.23922400813816463,0.218016059863281,0.125,0.0,0.0,,2.75,
Race 5 - WAR - 2026-07-06,2026-07-06,final_later_block,8,0,8.0,0.0964643013660245,False,False,0.0964643013660245,0.09131906321524078,0.08973534798668473,0.09392522052731565,0.07611125316486685,0.06922641612793326,0.06922641612793326,0.09676576427566762,0.125,0.0,0.0,,-1.75,0.0
Race 6 - WAR - 2026-07-06,2026-07-06,final_later_block,1,1,2.25,0.349729575434454,False,False,0.349729575434454,0.32820178086940244,0.33436731088390115,0.339515968758491,0.4192293984707469,0.44006239130168456,0.44006239130168456,0.3567304199779341,0.125,0.0,0.0,,5.416666666666667,0.25
Race 6 - WAR - 2026-07-06,2026-07-06,final_later_block,2,0,31.0,0.02538359821701682,False,False,0.02538359821701682,0.02227765909670343,0.0225263351249777,0.023830597315535485,0.012713871070093736,0.008604893326249283,0.008604893326249283,0.025040804301627095,0.125,0.0,0.0,,2.125,
Race 6 - WAR - 2026-07-06,2026-07-06,final_later_block,3,0,31.0,0.02538359821701682,False,False,0.02538359821701682,0.020015293099777832,0.0200455133336703,0.02258817419527127,0.01258238095244544,0.008604893326249283,0.008604893326249283,0.02451484383103391,0.125,0.0,0.0,,-0.29166666666666674,
Race 6 - WAR - 2026-07-06,2026-07-06,final_later_block,4,0,46.0,0.017106337928859162,False,False,0.017106337928859162,0.01601128258359968,0.016040874245753067,0.016584987306858052,0.007783214304089365,0.004760485909512227,0.004760485909512227,0.01685139948782078,0.125,0.0,0.0,,3.041666666666667,0.75
Race 6 - WAR - 2026-07-06,2026-07-06,final_later_block,5,0,5.0,0.1573783089455043,False,False,0.1573783089455043,0.12935755468812304,0.1287837992833632,0.14298546581734428,0.13844420057330448,0.13284127187437664,0.13284127187437664,0.155252986670088,0.125,0.0,0.0,,4.5,
Race 6 - WAR - 2026-07-06,2026-07-06,final_later_block,6,0,3.6,0.21858098464653375,False,False,0.21858098464653375,0.25659927140441374,0.25456996523288583,0.23733263286996006,0.21712009820475148,0.21743741704587383,0.21743741704587383,0.21616814168138443,0.125,0.0,0.0,,2.041666666666666,0.5
Race 6 - WAR - 2026-07-06,2026-07-06,final_later_block,7,0,81.0,0.009714710428734832,False,False,0.009714710428734832,0.009163749116597305,0.009026251201614063,0.009455295017926246,0.00392387383816307,0.0020373258856559466,0.0020373258856559466,0.00958351769568444,0.125,0.0,0.0,,3.291666666666666,1.0
Race 6 - WAR - 2026-07-06,2026-07-06,final_later_block,8,0,4.0,0.19672288618188039,False,False,0.19672288618188039,0.2183734091413825,0.2146399506938347,0.2077068787186136,0.18820296258640548,0.1856513213303982,0.1856513213303982,0.19585788635442736,0.125,0.0,0.0,,8.625,0.0
Race 7 - DUBBO - 2026-07-06,2026-07-06,final_later_block,1,0,7.0,0.10622900779048865,False,False,0.10622900779048865,0.085092849370455,0.08695844457441898,0.09520966320484694,0.07918827709504059,0.07159662428129336,0.07159662428129336,0.10196323553628225,0.14285714285714285,0.0,0.0,,-1.625,
Race 7 - DUBBO - 2026-07-06,2026-07-06,final_later_block,2,0,3.0,0.24786768484447352,False,False,0.24786768484447352,0.2829486834867139,0.2868901442267784,0.265201958572434,0.2520524619340214,0.25518651687848665,0.25518651687848665,0.24265029710062574,0.14285714285714285,0.0,0.0,,7.083333333333334,
Race 7 - DUBBO - 2026-07-06,2026-07-06,final_later_block,3,0,101.0,0.007362406480528916,False,False,0.007362406480528916,0.006964810460970278,0.007077575557901969,0.007170962969599013,0.002824486761204866,0.001306343971786325,0.001306343971786325,0.007378915129460489,0.14285714285714285,0.0,0.0,,-10.666666666666668,
Race 7 - DUBBO - 2026-07-06,2026-07-06,final_later_block,4,1,3.9,0.19066744988036427,False,False,0.19066744988036427,0.20025013204097378,0.20201841750876479,0.1956760251258519,0.17598608680312267,0.17216413926715796,0.17216413926715796,0.1874519294110168,0.14285714285714285,0.0,1.0,,-3.229166666666667,
Race 7 - DUBBO - 2026-07-06,2026-07-06,final_later_block,6,0,23.0,0.03233056758840959,False,False,0.03233056758840959,0.028499712986513187,0.02847473329094531,0.030397638145888636,0.016910421085547876,0.012021200816244523,0.012021200816244523,0.03157808189345795,0.14285714285714285,0.0,1.0,,-2.541666666666666,
Race 7 - DUBBO - 2026-07-06,2026-07-06,final_later_block,7,0,17.0,0.04374135614902474,False,False,0.04374135614902474,0.04019897812110251,0.0399533879724256,0.041992000177951856,0.02457821515869762,0.018917608092216476,0.018917608092216476,0.04156003635814105,0.14285714285714285,0.0,1.0,,-0.6666666666666661,
Race 7 - DUBBO - 2026-07-06,2026-07-06,final_later_block,8,0,2.0,0.3718015272667103,False,False,0.3718015272667103,0.3560448335332714,0.3486272968687649,0.3643517518034277,0.44846005116236487,0.46880756669281465,0.46880756669281465,0.38741750457101565,0.14285714285714285,0.0,0.0,,-2.166666666666667,
Race 7 - WAR - 2026-07-06,2026-07-06,final_later_block,1,0,2.9,0.262617998390163,False,False,0.262617998390163,0.2330215271261034,0.23647016321720524,0.24761998913133126,0.26321236523071156,0.2670254744700302,0.2670254744700302,0.25177303751275565,0.14285714285714285,0.0,0.0,,5.958333333333333,
Race 7 - WAR - 2026-07-06,2026-07-06,final_later_block,3,0,13.0,0.0585840150254979,False,False,0.0585840150254979,0.0579662165518856,0.05824916054893645,0.05833141053568519,0.035121936139886685,0.028134206048823697,0.028134206048823697,0.05608512641307564,0.14285714285714285,0.0,0.0,1.0,1.541666666666667,0.75
Race 7 - WAR - 2026-07-06,2026-07-06,final_later_block,4,1,1.75,0.4351955401894129,False,False,0.4351955401894129,0.4537812935749722,0.453990383176827,0.44482680239708805,0.540972214504626,0.5696296925049648,0.5696296925049648,0.4549997805036095,0.14285714285714285,0.0,0.0,0.0,-0.16666666666666607,0.25
Race 7 - WAR - 2026-07-06,2026-07-06,final_later_block,5,0,20.0,0.03807960976657363,False,False,0.03807960976657363,0.03916190364992032,0.0389400323782496,0.03865481299296354,0.020210253460562495,0.014743639346108192,0.014743639346108192,0.036610095803925415,0.14285714285714285,0.0,0.0,1.0,-0.75,1.0
Race 7 - WAR - 2026-07-06,2026-07-06,final_later_block,6,0,46.0,0.016556352072423317,False,False,0.016556352072423317,0.01361537225191868,0.01345662526881077,0.01502873826820946,0.0071958601077142595,0.0042268121267885084,0.0042268121267885084,0.016103004050491514,0.14285714285714285,0.0,0.0,,-2.583333333333333,
Race 7 - WAR - 2026-07-06,2026-07-06,final_later_block,7,0,7.0,0.10879888504735323,False,False,0.10879888504735323,0.10644409824218248,0.10453874031759156,0.10772052233880754,0.08032300567058694,0.07120371156312058,0.07120371156312058,0.10768088799298602,0.14285714285714285,0.0,1.0,0.0,-3.25,0.0
Race 7 - WAR - 2026-07-06,2026-07-06,final_later_block,8,0,9.5,0.08016759950857606,False,False,0.08016759950857606,0.0960095886030173,0.09435489509237964,0.08781772433591502,0.05296436488591218,0.045036463940164195,0.045036463940164195,0.07674806772315614,0.14285714285714285,0.0,0.0,1.0,3.416666666666667,0.5
Race 8 - TRA - 2026-07-06,2026-07-06,final_later_block,1,1,1.8,0.4296459847455755,False,False,0.4296459847455755,0.4720616997874223,0.47842315595567525,0.4514005382202497,0.5397242338760242,0.573328311427854,0.573328311427854,0.43891200122053464,0.16666666666666666,0.0,0.0,,-2.166666666666667,0.25
Race 8 - TRA - 2026-07-06,2026-07-06,final_later_block,3,0,9.5,0.08140660763600377,False,False,0.08140660763600377,0.06431296178094144,0.06450094793973628,0.07252477577559822,0.05508141936157375,0.04728536414032747,0.04728536414032747,0.07846958502531258,0.16666666666666666,0.0,0.0,,-1.458333333333334,1.0
Race 8 - TRA - 2026-07-06,2026-07-06,final_later_block,5,0,3.7,0.20901696555190158,False,False,0.20901696555190158,0.16790236532189945,0.16719795189146155,0.18777012150738837,0.19576471145776966,0.19454029033174755,0.19454029033174755,0.19943797483583606,0.16666666666666666,0.0,0.0,1.0,-0.666666666666667,0.5
Race 8 - TRA - 2026-07-06,2026-07-06,final_later_block,6,0,16.0,0.04833517328387724,False,False,0.04833517328387724,0.05352256875499407,0.05294141867680517,0.05098089144686629,0.02839567599395661,0.02163376818750124,0.02163376818750124,0.04868139941332271,0.16666666666666666,0.0,0.0,0.0,-6.583333333333333,0.75
Race 8 - TRA - 2026-07-06,2026-07-06,final_later_block,7,0,8.5,0.0909838555931807,False,False,0.0909838555931807,0.08965370971420845,0.08813628044383846,0.09052605850468114,0.06431864235383614,0.055870654275124394,0.055870654275124394,0.08966260658997133,0.16666666666666666,0.0,0.0,1.0,-4.5,0.0
Race 8 - TRA - 2026-07-06,2026-07-06,final_later_block,8,0,5.5,0.14061141318946108,False,False,0.14061141318946108,0.15254669464053427,0.14880024509248338,0.1467976145452163,0.11671531695683965,0.10734161163744532,0.10734161163744532,0.1448364329150226,0.16666666666666666,0.0,0.0,,-16.458333333333332,
Race 1 - HOR - 2026-07-07,2026-07-07,final_later_block,1,1,5.0,0.15262955346813928,False,False,0.15262955346813928,0.15447787738903077,0.1571179633387335,0.1537714412684559,0.1270312455832265,0.11851709732144099,0.11851709732144099,0.15257369036858306,0.16666666666666666,1.0,0.0,,,
Race 1 - HOR - 2026-07-07,2026-07-07,final_later_block,2,0,1.85,0.41251230667064664,False,False,0.41251230667064664,0.3677041391000005,0.37015304058404125,0.3900236439095615,0.49847522699034363,0.5265970480544693,0.5265970480544693,0.4141097637979666,0.16666666666666666,1.0,0.0,,,
Race 1 - HOR - 2026-07-07,2026-07-07,final_later_block,4,0,71.0,0.01074856010339009,False,False,0.01074856010339009,0.0130431942353987,0.013059886783997339,0.011857423923289097,0.004347309973113011,0.002214871270052489,0.002214871270052489,0.010744626082294576,0.16666666666666666,0.0,0.0,1.0,4.375,0.6666666666666666
Race 1 - HOR - 2026-07-07,2026-07-07,final_later_block,5,0,3.5,0.21804221924019895,False,False,0.21804221924019895,0.23008249407122774,0.22866797281297047,0.2243031158233448,0.20634145059497766,0.20236432201979265,0.20236432201979265,0.21827283632053257,0.16666666666666666,1.0,0.0,0.0,,0.0
Race 1 - HOR - 2026-07-07,2026-07-07,final_later_block,7,0,4.6,0.16590168855232532,False,False,0.16590168855232532,0.18107123913093212,0.17809574947467963,0.17356947961490746,0.14175312542873236,0.13430719078111725,0.13430719078111725,0.16409092937157768,0.16666666666666666,1.0,0.0,0.0,,0.3333333333333333
Race 1 - HOR - 2026-07-07,2026-07-07,final_later_block,8,0,19.0,0.040165671965299805,False,False,0.040165671965299805,0.053621056073410264,0.05290538700557798,0.04647489546044121,0.022051641429606868,0.015999470553127334,0.015999470553127334,0.04020815405904548,0.16666666666666666,1.0,0.0,1.0,,1.0
Race 10 - AP_K - 2026-07-07,2026-07-07,final_later_block,1,0,4.8,0.16665516527499827,False,False,0.16665516527499827,0.14890378358593823,0.15064131109945875,0.15768121429045226,0.14400690529468,0.13781939513914412,0.13781939513914412,0.1625694357612876,0.2,0.0,0.0,1.0,-0.5,0.25
Race 10 - AP_K - 2026-07-07,2026-07-07,final_later_block,2,1,2.3,0.34780208405217033,False,False,0.34780208405217033,0.33859846546333516,0.34127832056687973,0.34349963714600257,0.40196317498527834,0.4155090061921815,0.4155090061921815,0.361325681364569,0.2,0.0,0.0,0.0,-4.291666666666666,1.0
Race 10 - AP_K - 2026-07-07,2026-07-07,final_later_block,4,0,3.5,0.22855565523428334,False,False,0.22855565523428334,0.26412995694581165,0.262289238189557,0.24593623260769737,0.22255052287527863,0.2213452105015079,0.2213452105015079,0.22616645999659082,0.2,0.0,0.0,1.0,3.083333333333333,0.5
Race 10 - AP_K - 2026-07-07,2026-07-07,final_later_block,5,0,3.6,0.22220688703333102,False,False,0.22220688703333102,0.21520051473071816,0.21329375730944447,0.21888606324745183,0.21310075029058975,0.21218683968836333,0.21218683968836333,0.21584248209726897,0.2,0.0,0.0,0.0,4.833333333333334,0.0
Race 10 - AP_K - 2026-07-07,2026-07-07,final_later_block,7,0,23.0,0.03478020840521703,False,False,0.03478020840521703,0.033167279274196895,0.03249737283466016,0.033996852708396016,0.01837864655417312,0.013139548478803,0.013139548478803,0.034095940780283475,0.2,0.0,0.0,,2.666666666666666,0.75
Race 11 - AP_K - 2026-07-07,2026-07-07,final_later_block,1,0,4.4,0.17363687631711727,False,False,0.17363687631711727,0.18205121197515786,0.18442855393211552,0.17798244505756405,0.16539376752137697,0.16202821973663084,0.16202821973663084,0.17549041087561537,0.16666666666666666,0.0,0.0,0.0,-4.791666666666666,0.6
Race 11 - AP_K - 2026-07-07,2026-07-07,final_later_block,2,1,2.5,0.3056009023181264,False,False,0.3056009023181264,0.33564667300520606,0.33810279125881537,0.3206106087137386,0.36199916276841404,0.37832031446222597,0.37832031446222597,0.31303570768697825,0.16666666666666666,0.0,0.0,1.0,-5.583333333333334,1.0
Race 11 - AP_K - 2026-07-07,2026-07-07,final_later_block,4,0,5.0,0.1528004511590632,False,False,0.1528004511590632,0.132791491255495,0.13259875828797613,0.14259583528424474,0.1374217401764789,0.13375642990843353,0.13375642990843353,0.148417670980615,0.16666666666666666,0.0,0.0,1.0,2.791666666666667,0.2
Race 11 - AP_K - 2026-07-07,2026-07-07,final_later_block,5,0,3.6,0.21222284883203224,False,False,0.21222284883203224,0.2125754450721167,0.21073619379620764,0.21262386962004842,0.21606529142250624,0.21893536716564005,0.21893536716564005,0.2074550641931048,0.16666666666666666,0.0,0.0,0.0,-1.0416666666666665,0.0
Race 11 - AP_K - 2026-07-07,2026-07-07,final_later_block,7,0,20.0,0.0382001127897658,False,False,0.0382001127897658,0.032969074488984576,0.03242470474687238,0.03552590087433871,0.021815769740204074,0.016719553738554185,0.016719553738554185,0.037104417745153745,0.16666666666666666,0.0,0.0,1.0,4.948,0.4
Race 11 - AP_K - 2026-07-07,2026-07-07,final_later_block,8,0,6.5,0.11753880858389477,False,False,0.11753880858389477,0.10396610420303981,0.10170899797801308,0.11066134045006547,0.09730426837101983,0.09024011498851549,0.09024011498851549,0.11849672851853285,0.16666666666666666,0.0,1.0,0.0,-2.375,0.8
Race 11 - HOBT - 2026-07-07,2026-07-07,final_later_block,1,1,1.55,0.4956094794559392,False,False,0.4956094794559392,0.5483745021143392,0.5519718172679148,0.522446773431351,0.6116177058878538,0.639875078698803,0.639875078698803,0.526845587455006,0.16666666666666666,0.0,0.0,,-1.0,
Race 11 - HOBT - 2026-07-07,2026-07-07,final_later_block,2,0,21.0,0.036580699674128844,False,False,0.036580699674128844,0.02983291261663784,0.03003823436892549,0.03310605670219721,0.018227509848983442,0.01283109738339143,0.01283109738339143,0.03441674724575947,0.16666666666666666,0.0,0.0,1.0,4.125,0.75
Race 11 - HOBT - 2026-07-07,2026-07-07,final_later_block,3,0,10.0,0.07681946931567057,False,False,0.07681946931567057,0.057646415528184364,0.05762953025059516,0.06668918774312682,0.046974864859160484,0.039047455912451824,0.039047455912451824,0.07075709169928646,0.16666666666666666,0.0,0.0,0.0,0.04166666666666652,0.5
Race 11 - HOBT - 2026-07-07,2026-07-07,final_later_block,4,0,3.5,0.21948419804477307,False,False,0.21948419804477307,0.220018268979633,0.2182756847750678,0.22022398827177916,0.1930958009828161,0.18857784857561619,0.18857784857561619,0.20664965820441578,0.16666666666666666,0.0,1.0,0.0,2.3333333333333335,0.0
Race 11 - HOBT - 2026-07-07,2026-07-07,final_later_block,6,0,4.8,0.16004056107431372,False,False,0.16004056107431372,0.13312876645899044,0.13134105680436636,0.1462798846472524,0.12569188426283784,0.11741697490741727,0.11741697490741727,0.1505166123290995,0.16666666666666666,0.0,0.0,0.0,-0.625,0.25
Race 11 - HOBT - 2026-07-07,2026-07-07,final_later_block,7,0,67.0,0.011465592435174712,False,False,0.011465592435174712,0.010999134302215134,0.010743676533130358,0.0112541092042933,0.004392234158348521,0.0022515445223204064,0.0022515445223204064,0.010814303066432865,0.16666666666666666,0.0,0.0,1.0,6.541666666666667,1.0
Race 12 - AP_K - 2026-07-07,2026-07-07,final_later_block,1,0,1.6,0.47711500330469264,False,False,0.47711500330469264,0.4445260568247339,0.4502799049401641,0.4608894051899371,0.6163919603075735,0.6533896302557416,0.6533896302557416,0.505398950463069,0.16666666666666666,0.0,1.0,1.0,-5.583333333333334,0.0
Race 12 - AP_K - 2026-07-07,2026-07-07,final_later_block,2,0,4.8,0.15903833443489757,False,False,0.15903833443489757,0.17896053583853994,0.17934467318241515,0.1688364148540616,0.13156717741169577,0.1257448929712875,0.1257448929712875,0.14903403073292057,0.16666666666666666,0.0,0.0,0.0,2.5,0.4
Race 12 - AP_K - 2026-07-07,2026-07-07,final_later_block,4,0,11.0,0.06939854593522803,False,False,0.06939854593522803,0.07289070477127067,0.07244620129989651,0.07117833694571733,0.04344295180285791,0.03624625853962817,0.03624625853962817,0.06503303159254713,0.16666666666666666,0.0,0.0,1.0,4.291666666666667,0.6
Race 12 - AP_K - 2026-07-07,2026-07-07,final_later_block,5,0,7.0,0.10905485789821545,False,False,0.10905485789821545,0.1148532349519166,0.11348648157703559,0.11200326954128176,0.07959052474372708,0.07140114094848761,0.07140114094848761,0.10415867612944546,0.16666666666666666,0.0,1.0,0.0,-1.5,0.2
Race 12 - AP_K - 2026-07-07,2026-07-07,final_later_block,7,0,10.0,0.07633840052875084,False,False,0.07633840052875084,0.08459036167014859,0.08277017031645231,0.0804208289698308,0.04951898427542449,0.041816936336367454,0.041816936336367454,0.07262512809259561,0.16666666666666666,0.0,0.0,1.0,-3.208333333333333,0.8
Race 12 - AP_K - 2026-07-07,2026-07-07,final_later_block,8,1,7.0,0.10905485789821545,False,False,0.10905485789821545,0.10417910594339018,0.10167256868403621,0.10667174449917155,0.07948840145872128,0.07140114094848761,0.07140114094848761,0.10375018298942228,0.16666666666666666,0.0,0.0,0.0,-1.666666666666667,1.0
Race 2 - BULLI - 2026-07-07,2026-07-07,final_later_block,1,0,4.6,0.16291898191499624,False,False,0.16291898191499624,0.1521879795874876,0.1551680561959587,0.15749381695607814,0.16276000741921884,0.160814836964086,0.160814836964086,0.1685955187846174,0.125,0.0,0.0,,-2.958333333333333,
Race 2 - BULLI - 2026-07-07,2026-07-07,final_later_block,2,1,6.0,0.1249045528014971,False,False,0.1249045528014971,0.12464648729952657,0.12636013062409274,0.12480059199275353,0.11204360936893912,0.10795331590844788,0.10795331590844788,0.12431448975041284,0.125,0.0,0.0,,3.0416666666666665,
Race 2 - BULLI - 2026-07-07,2026-07-07,final_later_block,3,0,5.0,0.14988546336179653,False,False,0.14988546336179653,0.15249439532573103,0.15363764540544214,0.15121476105809678,0.1438978153133638,0.1419083190732917,0.1419083190732917,0.14986630403358,0.125,0.0,0.0,,1.625,
Race 2 - BULLI - 2026-07-07,2026-07-07,final_later_block,4,0,10.0,0.07494273168089827,False,False,0.07494273168089827,0.07923764087448822,0.07926776125553792,0.07707579572729427,0.05657350396272213,0.050172167361754436,0.050172167361754436,0.07577751376562522,0.125,0.0,0.0,,-1.708333333333333,
Race 2 - BULLI - 2026-07-07,2026-07-07,final_later_block,5,0,4.6,0.16291898191499624,False,False,0.16291898191499624,0.16132134982294707,0.1608949335006964,0.16215085999783765,0.1613356668626243,0.160814836964086,0.160814836964086,0.16289815655823917,0.125,0.0,0.0,,2.75,
Race 2 - BULLI - 2026-07-07,2026-07-07,final_later_block,6,0,101.0,0.007420072443653294,False,False,0.007420072443653294,0.006565145319843599,0.006515500301695759,0.006980937238690154,0.0030244602651906113,0.0015630785438281198,0.0015630785438281198,0.007408605429278086,0.125,0.0,0.0,,-0.25,
Race 2 - BULLI - 2026-07-07,2026-07-07,final_later_block,7,0,2.7,0.2775656728922158,False,False,0.2775656728922158,0.2867125203258458,0.2819622134257305,0.2821588624211401,0.33613739739619347,0.3576162263226651,0.3576162263226651,0.27170091061677876,0.125,0.0,0.0,,1.0,
Race 2 - BULLI - 2026-07-07,2026-07-07,final_later_block,8,0,19.0,0.039443542989946456,False,False,0.039443542989946456,0.03683448144413001,0.03619375929084582,0.03812437460810948,0.02422753941174771,0.019157218861840807,0.019157218861840807,0.03943850106146843,0.125,0.0,1.0,,0.2916666666666661,
Race 2 - LADBROKES-Q1-LAKESIDE - 2026-07-07,2026-07-07,final_later_block,1,0,5.0,0.14860927152317882,False,False,0.14860927152317882,0.1743966040007999,0.17723350596397,0.16113238104720262,0.11982765870422352,0.1121929040155727,0.1121929040155727,0.14273192277017593,0.14285714285714285,0.0,0.0,,2.875,
Race 2 - LADBROKES-Q1-LAKESIDE - 2026-07-07,2026-07-07,final_later_block,2,0,7.5,0.09907284768211921,False,False,0.09907284768211921,0.10380293504631549,0.10531656312987923,0.1015016261312486,0.06968167558031677,0.06107008168871178,0.06107008168871178,0.0955164572551317,0.14285714285714285,0.0,0.0,,-2.625,
Race 2 - LADBROKES-Q1-LAKESIDE - 2026-07-07,2026-07-07,final_later_block,3,0,6.0,0.123841059602649,False,False,0.123841059602649,0.1074361262452856,0.10804874795911493,0.11545117578462444,0.09281494347116473,0.08534803377964043,0.08534803377964043,0.1152156725457376,0.14285714285714285,1.0,0.0,,,
Race 2 - LADBROKES-Q1-LAKESIDE - 2026-07-07,2026-07-07,final_later_block,4,0,17.0,0.04370860927152318,False,False,0.04370860927152318,0.044104027316549096,0.04424188811682157,0.04394540573508698,0.023805923085344096,0.017895630905957895,0.017895630905957895,0.0415367996235027,0.14285714285714285,0.0,0.0,,5.75,
Race 2 - LADBROKES-Q1-LAKESIDE - 2026-07-07,2026-07-07,final_later_block,6,1,1.5,0.495364238410596,False,False,0.495364238410596,0.48239801394804693,0.47847139448994114,0.4892782845207981,0.6419263529978386,0.6827842702371233,0.6827842702371233,0.5193526012799845,0.14285714285714285,1.0,0.0,,,
Race 2 - LADBROKES-Q1-LAKESIDE - 2026-07-07,2026-07-07,final_later_block,7,0,11.0,0.06754966887417219,False,False,0.06754966887417219,0.06790624799922364,0.06710370985872678,0.06778870540114146,0.042006050470469125,0.034382018389386725,0.034382018389386725,0.06487814671371632,0.14285714285714285,1.0,1.0,,,
Race 2 - LADBROKES-Q1-LAKESIDE - 2026-07-07,2026-07-07,final_later_block,8,0,34.0,0.02185430463576159,False,False,0.02185430463576159,0.01995604544377924,0.019584190481546325,0.020902421379897715,0.009937395690643235,0.006327060983607193,0.006327060983607193,0.020768399811751364,0.14285714285714285,1.0,0.0,,,
Race 3 - GEE - 2026-07-07,2026-07-07,final_later_block,1,0,8.5,0.08971050791168132,False,False,0.08971050791168132,0.0825750321495027,0.08411465039147482,0.08629257417337684,0.07198955646491222,0.06586338876839991,0.06586338876839991,0.09036805955444917,0.125,0.0,1.0,,-3.75,
Race 3 - GEE - 2026-07-07,2026-07-07,final_later_block,2,0,4.2,0.18155698029745027,False,False,0.18155698029745027,0.16763669140761772,0.17036914586145388,0.174911517156718,0.18633373259530103,0.18962627985684552,0.18962627985684552,0.17645609081066757,0.125,0.0,1.0,0.0,0.9166666666666661,1.0
Race 3 - GEE - 2026-07-07,2026-07-07,final_later_block,3,0,8.5,0.08971050791168132,False,False,0.08971050791168132,0.10463027871621775,0.10566995882808104,0.09713544629159865,0.07151432301055612,0.06586338876839991,0.06586338876839991,0.08846712573702477,0.125,0.0,1.0,2.0,1.541666666666666,0.8
Race 3 - GEE - 2026-07-07,2026-07-07,final_later_block,4,0,14.0,0.054467094089235085,False,False,0.054467094089235085,0.062994332387791,0.0630881514223762,0.05872800291742672,0.036870320069002344,0.031158777292014547,0.031158777292014547,0.05400494839996575,0.125,0.0,1.0,1.0,1.333333333333333,0.6
Race 3 - GEE - 2026-07-07,2026-07-07,final_later_block,5,0,14.0,0.054467094089235085,False,False,0.054467094089235085,0.04917742441192951,0.04910570790965678,0.05188924881316186,0.037066156098086174,0.031158777292014547,0.031158777292014547,0.05478829251630107,0.125,0.0,0.0,0.0,-1.708333333333333,0.2
Race 3 - GEE - 2026-07-07,2026-07-07,final_later_block,6,1,3.1,0.2459804249191262,False,False,0.2459804249191262,0.20837921685830002,0.20686786387786119,0.22698902817756655,0.28598154247222934,0.2990404378085956,0.2990404378085956,0.24680485646313047,0.125,0.0,0.0,2.0,-5.416666666666667,0.4
Race 3 - GEE - 2026-07-07,2026-07-07,final_later_block,7,0,3.1,0.2459804249191262,False,False,0.2459804249191262,0.29196928140744255,0.2886088962000994,0.2686867469251666,0.28713523957001225,0.2990404378085956,0.2990404378085956,0.2514196448542621,0.125,0.0,0.0,0.0,-5.708333333333333,0.0
Race 3 - GEE - 2026-07-07,2026-07-07,final_later_block,8,0,20.0,0.038126965862464564,False,False,0.038126965862464564,0.03263774266119871,0.03217562550899662,0.035367435544984824,0.023109129719900524,0.018248512405134375,0.018248512405134375,0.03769098166419897,0.125,0.0,0.0,,-2.333333333333333,
Race 3 - HOR - 2026-07-07,2026-07-07,final_later_block,1,0,31.0,0.024419183459463523,False,False,0.024419183459463523,0.017389961340194514,0.017589780164412747,0.02067109421247599,0.010608908012048992,0.006828018464907672,0.006828018464907672,0.021951576653472953,0.14285714285714285,0.0,0.0,,-1.833333333333334,
Race 3 - HOR - 2026-07-07,2026-07-07,final_later_block,2,1,1.4,0.540710490888121,False,False,0.540710490888121,0.5992922178006929,0.6004253776898827,0.571018667502853,0.6788555107481976,0.7114512948579751,0.7114512948579751,0.5810681584188654,0.14285714285714285,0.0,0.0,,-4.5,0.0
Race 3 - HOR - 2026-07-07,2026-07-07,final_later_block,3,0,3.9,0.1941012018572742,False,False,0.1941012018572742,0.1649590558091356,0.16645396874633459,0.1794943499466951,0.15821943058395221,0.15301722339181892,0.15301722339181892,0.17382605216035213,0.14285714285714285,0.0,0.0,,21.708333333333332,0.25
Race 3 - HOR - 2026-07-07,2026-07-07,final_later_block,4,0,46.0,0.01645640624442107,False,False,0.01645640624442107,0.013259970496851662,0.01326820393423785,0.014817924173296382,0.006604718057120391,0.0037774652700140344,0.0037774652700140344,0.015086476418439462,0.14285714285714285,0.0,0.0,,-4.625,1.0
Race 3 - HOR - 2026-07-07,2026-07-07,final_later_block,6,0,9.5,0.0796836512887757,False,False,0.0796836512887757,0.09352878208662575,0.09273049488051982,0.08659759719727982,0.04908092725470452,0.040248696491620044,0.040248696491620044,0.07557761954395795,0.14285714285714285,1.0,0.0,,,0.5
Race 3 - HOR - 2026-07-07,2026-07-07,final_later_block,7,0,41.0,0.018463285054716325,False,False,0.018463285054716325,0.012849479743927361,0.01271493063186511,0.015450617769332618,0.007522138623059672,0.004489122354265677,0.004489122354265677,0.01662118742944166,0.14285714285714285,0.0,1.0,,-1.583333333333334,
Race 3 - HOR - 2026-07-07,2026-07-07,final_later_block,8,0,6.0,0.1261657812072282,False,False,0.1261657812072282,0.09872053272257224,0.09681724395274724,0.11194974919806695,0.08910836672091638,0.08018817916939838,0.08018817916939838,0.11586892937547036,0.14285714285714285,0.0,0.0,,-1.75,0.75
Race 4 - AP_K - 2026-07-07,2026-07-07,final_later_block,1,0,26.0,0.02946730335927899,False,False,0.02946730335927899,0.025237423729509833,0.02590046172212307,0.02730945751301263,0.014552467718146316,0.010092143065960516,0.010092143065960516,0.027933441674703716,0.16666666666666666,0.0,0.0,0.0,0.583333333333333,0.6
Race 4 - AP_K - 2026-07-07,2026-07-07,final_later_block,2,1,2.7,0.2837592175337976,False,False,0.2837592175337976,0.24894845810165805,0.25427335869202583,0.2661644664712366,0.29581437374085795,0.30157669272077386,0.30157669272077386,0.2785274168011102,0.16666666666666666,0.0,0.0,1.0,3.791666666666667,0.8
Race 4 - AP_K - 2026-07-07,2026-07-07,final_later_block,4,0,26.0,0.02946730335927899,False,False,0.02946730335927899,0.022985271486348213,0.02324681382690633,0.026062458593178475,0.014544792541732268,0.010092143065960516,0.010092143065960516,0.027902740969047525,0.16666666666666666,0.0,0.0,0.0,-0.875,0.4
Race 4 - AP_K - 2026-07-07,2026-07-07,final_later_block,5,0,11.0,0.06964998975829578,False,False,0.06964998975829578,0.0716883256915765,0.07190554497163114,0.07076281702442976,0.04502819122110302,0.03667367167973145,0.03667367167973145,0.07009174984521772,0.16666666666666666,0.0,0.0,1.0,-8.625,1.0
Race 4 - AP_K - 2026-07-07,2026-07-07,final_later_block,7,0,2.25,0.3405110610405572,False,False,0.3405110610405572,0.3807874685468303,0.37781709145645365,0.360601311753828,0.3845269987440143,0.3964328578103325,0.3964328578103325,0.34880942154505973,0.16666666666666666,0.0,0.0,0.0,-1.3333333333333335,0.2
Race 4 - AP_K - 2026-07-07,2026-07-07,final_later_block,8,0,3.1,0.24714512494879148,False,False,0.24714512494879148,0.25035305244407713,0.24685672933086006,0.24909948864431442,0.24553317603414618,0.2451324916572412,0.2451324916572412,0.24673522916486115,0.16666666666666666,0.0,1.0,1.0,-1.458333333333333,0.0
Race 5 - AP_K - 2026-07-07,2026-07-07,final_later_block,1,1,1.85,0.4152355467368959,False,False,0.4152355467368959,0.38289027886690863,0.3896425261863713,0.3991240857274831,0.49611036524509244,0.5194378502391634,0.5194378502391634,0.42612791026287933,0.16666666666666666,0.0,0.0,0.0,-0.375,0.0
Race 5 - AP_K - 2026-07-07,2026-07-07,final_later_block,2,0,13.0,0.05909121242025058,False,False,0.05909121242025058,0.05313776989906761,0.053693494250311946,0.05609015195403877,0.03522635086550858,0.02788535364485337,0.02788535364485337,0.05724934252747419,0.16666666666666666,0.0,0.0,1.0,0.708333333333333,0.6
Race 5 - AP_K - 2026-07-07,2026-07-07,final_later_block,4,0,3.8,0.20215414775348883,False,False,0.20215414775348883,0.22172626130700288,0.2213983910717871,0.2119207096135073,0.18267619621978334,0.17644761405831497,0.17644761405831497,0.2013619427041885,0.16666666666666666,0.0,0.0,0.0,-0.5833333333333339,0.2
Race 5 - AP_K - 2026-07-07,2026-07-07,final_later_block,5,0,31.0,0.02478018585365347,False,False,0.02478018585365347,0.02834487302945924,0.028161302834637962,0.02652852122319853,0.011991194256372007,0.007572663246440402,0.007572663246440402,0.02524678728616682,0.16666666666666666,0.0,0.0,1.0,-1.791666666666666,1.0
Race 5 - AP_K - 2026-07-07,2026-07-07,final_later_block,7,0,18.0,0.04267698674795875,False,False,0.04267698674795875,0.03742452938484444,0.036877054265154266,0.04000355173772005,0.023231742053652173,0.0171152176937135,0.0171152176937135,0.0415813151334682,0.16666666666666666,0.0,0.0,1.0,-1.083333333333333,0.8
Race 5 - AP_K - 2026-07-07,2026-07-07,final_later_block,8,0,3.0,0.2560619204877525,False,False,0.2560619204877525,0.2764762875127172,0.2702272313917375,0.2663329797440523,0.2507641513595915,0.2515413011175143,0.2515413011175143,0.24843270208582297,0.16666666666666666,0.0,0.0,0.0,-0.25,0.4
Race 5 - HOR - 2026-07-07,2026-07-07,final_later_block,1,0,10.0,0.07835398858445039,False,False,0.07835398858445039,0.06314100872148645,0.06439918341127675,0.07057492444383145,0.05486677764487301,0.04792704280333527,0.04792704280333527,0.0756859821694862,0.14285714285714285,0.0,0.0,1.0,5.333333333333333,0.6
Race 5 - HOR - 2026-07-07,2026-07-07,final_later_block,2,0,5.5,0.1424617974262734,False,False,0.1424617974262734,0.13277174441807285,0.13544095151289537,0.13799588939140695,0.12247868711547552,0.11749965696828565,0.11749965696828565,0.13741577755704518,0.14285714285714285,0.0,0.0,0.0,6.583333333333333,0.8
Race 5 - HOR - 2026-07-07,2026-07-07,final_later_block,3,0,23.0,0.03406695155845669,False,False,0.03406695155845669,0.03245341135777975,0.0328653832594787,0.03336267949043874,0.018520124583994012,0.013740067900923197,0.013740067900923197,0.03286029463320645,0.14285714285714285,0.0,0.0,,6.958333333333333,1.0
Race 5 - HOR - 2026-07-07,2026-07-07,final_later_block,4,1,7.5,0.10447198477926717,False,False,0.10447198477926717,0.10643442275033303,0.10698978017925379,0.10580473087048896,0.08141664944349347,0.07378850950391552,0.07378850950391552,0.10430106926222733,0.14285714285714285,0.0,0.0,,-1.958333333333333,0.4
Race 5 - HOR - 2026-07-07,2026-07-07,final_later_block,6,0,3.8,0.2061947068011852,False,False,0.2061947068011852,0.17124941437524352,0.17010092472733349,0.1885460390255306,0.2031726759742979,0.20459981563557714,0.20459981563557714,0.19889125699046012,0.14285714285714285,0.0,0.0,1.0,8.416666666666666,0.2
Race 5 - HOR - 2026-07-07,2026-07-07,final_later_block,7,0,2.05,0.3822145784607336,False,False,0.3822145784607336,0.4547807921364267,0.4514603473652527,0.4183297878791855,0.4876295747010879,0.5163567294660298,0.5163567294660298,0.4014481104062621,0.14285714285714285,0.0,0.0,0.0,1.5416666666666665,0.0
Race 5 - HOR - 2026-07-07,2026-07-07,final_later_block,8,0,15.0,0.052235992389633584,False,False,0.052235992389633584,0.03916920624065769,0.03874342954450917,0.04538594889911774,0.03191551053677812,0.02608817772193333,0.02608817772193333,0.04939750898131251,0.14285714285714285,0.0,0.0,,0.875,
Race 6 - HOBT - 2026-07-07,2026-07-07,final_later_block,1,0,5.0,0.15394374207095674,False,False,0.15394374207095674,0.11076698665640008,0.11277126887397958,0.13105249650589545,0.12655473841084147,0.1215070372006424,0.1215070372006424,0.14169784204143865,0.16666666666666666,0.0,0.0,1.0,1.583333333333333,0.8
Race 6 - HOBT - 2026-07-07,2026-07-07,final_later_block,2,1,2.25,0.34209720460212606,False,False,0.34209720460212606,0.3679318464831778,0.37065047829292386,0.3560553871273277,0.38904490553860593,0.4025155480373808,0.4025155480373808,0.3486329780422812,0.16666666666666666,0.0,0.0,0.0,1.8541666666666665,0.0
Race 6 - HOBT - 2026-07-07,2026-07-07,final_later_block,3,0,23.0,0.03346603088499059,False,False,0.03346603088499059,0.02605338477870656,0.026324273112338235,0.029634205546440365,0.017024603741461815,0.012315858307025392,0.012315858307025392,0.031150840044771085,0.16666666666666666,0.0,0.0,2.0,-1.458333333333333,1.0
Race 6 - HOBT - 2026-07-07,2026-07-07,final_later_block,4,0,17.0,0.04527757119734021,False,False,0.04527757119734021,0.0348167701809379,0.03510418014454893,0.039846933940124785,0.025588727539365447,0.0193813067706793,0.0193813067706793,0.04421098984542388,0.16666666666666666,0.0,0.0,0.0,-15.333333333333332,0.4
Race 6 - HOBT - 2026-07-07,2026-07-07,final_later_block,7,0,8.5,0.09055514239468042,False,False,0.09055514239468042,0.0784184664016006,0.0773929579318325,0.08457165697441026,0.06314592511689426,0.05481861378321627,0.05481861378321627,0.08812785911792825,0.16666666666666666,0.0,0.0,0.0,-4.125,0.6
Race 6 - HOBT - 2026-07-07,2026-07-07,final_later_block,8,0,2.3,0.33466030884990594,False,False,0.33466030884990594,0.382012545499177,0.37775684164437695,0.35883931990580126,0.3786410996528311,0.3894616359010558,0.3894616359010558,0.34617949090815703,0.16666666666666666,0.0,0.0,1.0,-2.1666666666666665,0.2
Race 7 - AP_K - 2026-07-07,2026-07-07,final_later_block,1,0,9.0,0.08610145944371404,False,False,0.08610145944371404,0.07304206120932168,0.07477972359521634,0.07956941204138669,0.06247938994328123,0.05549183808921401,0.05549183808921401,0.08344204550548286,0.16666666666666666,0.0,0.0,0.0,2.166666666666667,1.0
Race 7 - AP_K - 2026-07-07,2026-07-07,final_later_block,2,0,8.5,0.09116625117569724,False,False,0.09116625117569724,0.07327803489019363,0.07440106462193845,0.08200839981395532,0.06749453900521013,0.060459490922341055,0.060459490922341055,0.08859968325381733,0.16666666666666666,0.0,0.0,1.0,-1.208333333333333,0.2
Race 7 - AP_K - 2026-07-07,2026-07-07,final_later_block,4,0,3.1,0.24997197903013757,False,False,0.24997197903013757,0.30486827871515665,0.3063951627886011,0.27698494599706086,0.26980476517368224,0.274505047085826,0.274505047085826,0.25570391943725096,0.16666666666666666,0.0,0.0,0.0,7.916666666666667,0.0
Race 7 - AP_K - 2026-07-07,2026-07-07,final_later_block,5,0,9.5,0.08156980368351857,False,False,0.08156980368351857,0.09953095888451881,0.0995711597500703,0.09040619371623301,0.059567277148384445,0.05116906327826165,0.05116906327826165,0.08476191875875283,0.16666666666666666,0.0,0.0,1.0,0.4583333333333339,0.4
Race 7 - AP_K - 2026-07-07,2026-07-07,final_later_block,7,1,4.8,0.16144023645696387,False,False,0.16144023645696387,0.16324487011640162,0.1616356226116401,0.16288460769877589,0.14612134359845882,0.14247249130728237,0.14247249130728237,0.15706790047198813,0.16666666666666666,0.0,0.0,1.0,2.208333333333333,0.6
Race 7 - AP_K - 2026-07-07,2026-07-07,final_later_block,8,0,2.35,0.3297502702099687,False,False,0.3297502702099687,0.28603579618440766,0.28321726663253366,0.30814644073258823,0.39453268513098316,0.4159020693170749,0.4159020693170749,0.33042453257270793,0.16666666666666666,0.0,0.0,0.0,3.5,0.8
Race 7 - HOBT - 2026-07-07,2026-07-07,final_later_block,1,1,1.95,0.3854350231547888,False,False,0.3854350231547888,0.37503293445216546,0.38013502747071437,0.3804182164940094,0.4898759160470796,0.5230909842603091,0.5230909842603091,0.39023071140739096,0.14285714285714285,0.0,0.0,0.0,0.7083333333333335,0.0
Race 7 - HOBT - 2026-07-07,2026-07-07,final_later_block,2,0,27.0,0.027836973894512517,False,False,0.027836973894512517,0.027548501012913545,0.02776048300854666,0.027708372091459457,0.014689791617117899,0.01015274563554283,0.01015274563554283,0.028300929561843106,0.14285714285714285,0.0,0.0,2.0,-4.791666666666666,1.0
Race 7 - HOBT - 2026-07-07,2026-07-07,final_later_block,3,0,6.5,0.11563050694643662,False,False,0.11563050694643662,0.11041441274896306,0.11079790088560945,0.11305769111008998,0.09273019813985772,0.0859526195120853,0.0859526195120853,0.11306293402317502,0.14285714285714285,0.0,0.0,0.0,3.9166666666666665,0.8
Race 7 - HOBT - 2026-07-07,2026-07-07,final_later_block,4,0,3.8,0.19778902503995735,False,False,0.19778902503995735,0.1871364994604601,0.18675549521278897,0.19250027718087934,0.19412912206232882,0.1922886971661998,0.1922886971661998,0.19965039675071583,0.14285714285714285,0.0,0.0,1.0,-4.291666666666667,0.2
Race 7 - HOBT - 2026-07-07,2026-07-07,final_later_block,5,0,11.0,0.06832711774107618,False,False,0.06832711774107618,0.06741860729866529,0.06678407470082555,0.06791058203265657,0.04664852341103005,0.039042725209562375,0.039042725209562375,0.06946591801543306,0.14285714285714285,0.0,0.0,1.0,-6.5,0.6
Race 7 - HOBT - 2026-07-07,2026-07-07,final_later_block,7,0,5.5,0.13665423548215236,False,False,0.13665423548215236,0.1534922469848784,0.15099908231046383,0.14491247833931672,0.11588848080050676,0.11042950300673812,0.11042950300673812,0.1322654141818127,0.14285714285714285,0.0,0.0,,1.6666666666666667,
Race 7 - HOBT - 2026-07-07,2026-07-07,final_later_block,8,0,11.0,0.06832711774107618,False,False,0.06832711774107618,0.0789567980419541,0.07676793641105122,0.07349238275158854,0.0460379679220791,0.039042725209562375,0.039042725209562375,0.06702369605962927,0.14285714285714285,0.0,0.0,,1.3333333333333333,0.4
Race 8 - AP_K - 2026-07-07,2026-07-07,final_later_block,1,1,4.6,0.16620075319566593,False,False,0.16620075319566593,0.20044749244652052,0.2027895451231779,0.18334836908795268,0.15764340366245838,0.1545449195679733,0.1545449195679733,0.16693885594591357,0.16666666666666666,0.0,0.0,0.0,-5.083333333333334,0.75
Race 8 - AP_K - 2026-07-07,2026-07-07,final_later_block,2,0,2.45,0.31205039375512783,False,False,0.31205039375512783,0.25770294504713687,0.2606094343042076,0.28486054566894736,0.37760288063469505,0.3975963179413189,0.3975963179413189,0.3176225687148236,0.16666666666666666,0.0,0.0,1.0,-2.625,0.25
Race 8 - AP_K - 2026-07-07,2026-07-07,final_later_block,4,0,7.5,0.10193646196000843,False,False,0.10193646196000843,0.12077338427575289,0.12071099483392224,0.11145784441047987,0.08147879572422592,0.07423343981777945,0.07423343981777945,0.10321486344356537,0.16666666666666666,0.0,0.0,0.0,-2.625,0.5
Race 8 - AP_K - 2026-07-07,2026-07-07,final_later_block,5,0,6.5,0.1176189945692405,False,False,0.1176189945692405,0.09993351529031026,0.09986099662424047,0.10890668960104935,0.09694014557737117,0.09200712185415512,0.09200712185415512,0.1117392167470193,0.16666666666666666,0.0,0.0,1.0,4.75,0.0
Race 8 - AP_K - 2026-07-07,2026-07-07,final_later_block,7,0,8.0,0.09556543308750791,False,False,0.09556543308750791,0.0735595750673643,0.0730304110003515,0.08422291443307232,0.07313065955980762,0.06738395534670713,0.06738395534670713,0.09037077219910906,0.16666666666666666,0.0,0.0,,1.0,
Race 8 - AP_K - 2026-07-07,2026-07-07,final_later_block,8,0,3.7,0.2066279634324495,False,False,0.2066279634324495,0.2475830878729152,0.24299861811410023,0.22720363679849848,0.21320411484144186,0.21423424547206613,0.21423424547206613,0.21011372294956915,0.16666666666666666,0.0,0.0,,0.8333333333333335,1.0
Race 8 - HOBT - 2026-07-07,2026-07-07,final_later_block,1,0,23.0,0.03347828561746179,False,False,0.03347828561746179,0.02980705406442033,0.030477579751164125,0.031672745006279784,0.019312762357472785,0.01473799309431723,0.01473799309431723,0.03303707014693945,0.125,0.0,0.0,0.0,6.5,0.8571428571428571
Race 8 - HOBT - 2026-07-07,2026-07-07,final_later_block,2,0,27.0,0.02851853960006004,False,False,0.02851853960006004,0.0231370064351163,0.023486166898134268,0.025755014356292946,0.01598260250119302,0.011587358839349292,0.011587358839349292,0.029168333486724197,0.125,0.0,0.0,2.0,-4.416666666666667,1.0
Race 8 - HOBT - 2026-07-07,2026-07-07,final_later_block,3,0,3.1,0.2483872803876197,False,False,0.2483872803876197,0.2738464499368899,0.2756420176134057,0.26149464847440856,0.28466113985657726,0.29784311270464403,0.29784311270464403,0.24511522131237684,0.125,0.0,0.0,1.0,0.08333333333333326,0.2857142857142857
Race 8 - HOBT - 2026-07-07,2026-07-07,final_later_block,4,0,4.2,0.18333346885752883,False,False,0.18333346885752883,0.1854272405600852,0.18628527365636205,0.18486394523008434,0.18694381534165203,0.18886703703702698,0.18886703703702698,0.18117415025552716,0.125,0.0,0.0,0.0,0.666666666666667,0.42857142857142855
Race 8 - HOBT - 2026-07-07,2026-07-07,final_later_block,5,0,26.0,0.029615406507754658,False,False,0.029615406507754658,0.02512569947408763,0.02514631524861758,0.027350325617595567,0.016359654185987744,0.012262247588252248,0.012262247588252248,0.02865187397919423,0.125,0.0,0.0,2.0,3.166666666666667,0.5714285714285714
Race 8 - HOBT - 2026-07-07,2026-07-07,final_later_block,6,1,4.8,0.16041678525033773,False,False,0.16041678525033773,0.12712904318436724,0.12656085532351594,0.14318313437512534,0.15561219106456425,0.15458531905418435,0.15458531905418435,0.158692807095704,0.125,0.0,0.0,0.0,-0.5833333333333335,0.7142857142857143
Race 8 - HOBT - 2026-07-07,2026-07-07,final_later_block,7,0,3.5,0.2200001626290346,False,False,0.2200001626290346,0.25583296589627896,0.2538170589456982,0.23786707126435075,0.24336415554343138,0.24827216773042401,0.24827216773042401,0.22864011898245354,0.125,0.0,0.0,1.0,-3.583333333333334,0.14285714285714285
Race 8 - HOBT - 2026-07-07,2026-07-07,final_later_block,8,0,8.0,0.09625007115020263,False,False,0.09625007115020263,0.07969454044875438,0.0785847325631022,0.08781311567586268,0.07776367914912159,0.07184476395180187,0.07184476395180187,0.09552042474108077,0.125,0.0,0.0,1.0,-0.833333333333333,0.0
Race 9 - AP_K - 2026-07-07,2026-07-07,final_later_block,1,0,9.5,0.07958796948641951,False,False,0.07958796948641951,0.057534347981001877,0.05842245966318439,0.06777792090911725,0.04841790474696134,0.04011296417245628,0.04011296417245628,0.07333272647047652,0.2,0.0,0.0,,2.166666666666667,
Race 9 - AP_K - 2026-07-07,2026-07-07,final_later_block,2,1,4.2,0.18002040717166318,False,False,0.18002040717166318,0.17433921669208016,0.1771885456404607,0.1774431945035422,0.14470752970324408,0.13645712846467764,0.13645712846467764,0.16945873341894332,0.2,1.0,0.0,,,1.0
Race 9 - AP_K - 2026-07-07,2026-07-07,final_later_block,4,0,6.5,0.1163208784801516,False,False,0.1163208784801516,0.10178999383395257,0.10253716012538835,0.10898891099630488,0.07956532696785532,0.07087615163201942,0.07087615163201942,0.105632852975363,0.2,0.0,0.0,,0.5,0.6666666666666666
Race 9 - AP_K - 2026-07-07,2026-07-07,final_later_block,6,0,1.4,0.5400612215149896,False,False,0.5400612215149896,0.5681163506325234,0.5648230436097155,0.5548059039543838,0.6736742639119699,0.7090520386673248,0.7090520386673248,0.567540939645905,0.2,0.0,0.0,,0.9166666666666665,0.0
Race 9 - AP_K - 2026-07-07,2026-07-07,final_later_block,8,0,9.0,0.08400952334677615,False,False,0.08400952334677615,0.09822009086044199,0.09702879096125118,0.0909840696366519,0.05363497466996947,0.04350171706352189,0.04350171706352189,0.08403474748931221,0.2,0.0,0.0,,-1.333333333333333,0.3333333333333333
Race 1 - BEN - 2026-07-08,2026-07-08,final_later_block,1,0,10.0,0.07751594970773606,False,False,0.07751594970773606,0.08118211979572171,0.08321695531443883,0.07935987302861026,0.050630677006441735,0.04295660472148247,0.04295660472148247,0.07365289386131951,0.14285714285714285,0.0,0.0,,1.125,0.5
Race 1 - BEN - 2026-07-08,2026-07-08,final_later_block,2,0,14.0,0.05536853550552575,False,False,0.05536853550552575,0.062137468473314875,0.06328257943614246,0.058679111696765374,0.03306138843033989,0.025932112320751436,0.025932112320751436,0.054449216759105266,0.14285714285714285,0.0,0.0,,-3.625,1.0
Race 1 - BEN - 2026-07-08,2026-07-08,final_later_block,3,1,18.0,0.043064416504297806,False,False,0.043064416504297806,0.04687229092216382,0.04746725993853998,0.04494616154468708,0.023901373466841947,0.01778775708144876,0.01778775708144876,0.04224222262302151,0.14285714285714285,0.0,0.0,,-5.958333333333334,0.25
Race 1 - BEN - 2026-07-08,2026-07-08,final_later_block,4,0,14.0,0.05536853550552575,False,False,0.05536853550552575,0.052861344784864074,0.053295259809038376,0.05412225167787636,0.032582739915256426,0.025932112320751436,0.025932112320751436,0.052534622698771405,0.14285714285714285,0.0,0.0,,-0.125,
Race 1 - BEN - 2026-07-08,2026-07-08,final_later_block,6,0,1.7,0.4559761747513886,False,False,0.4559761747513886,0.45915402241980496,0.4582453453410887,0.4577469999459678,0.5791357802784753,0.612853351503732,0.612853351503732,0.47798306660270523,0.14285714285714285,1.0,0.0,,,
Race 1 - BEN - 2026-07-08,2026-07-08,final_later_block,7,0,3.2,0.24223734283667517,False,False,0.24223734283667517,0.22311430433807877,0.22094851610499633,0.2325731038506351,0.23543771132274013,0.23730395699461185,0.23730395699461185,0.22983897430712494,0.14285714285714285,1.0,0.0,,,0.0
Race 1 - BEN - 2026-07-08,2026-07-08,final_later_block,8,0,11.0,0.07046904518885096,False,False,0.07046904518885096,0.0746784492660519,0.07354408405575523,0.0725724982554578,0.045250329579904505,0.037234105057221946,0.037234105057221946,0.06929900314795216,0.14285714285714285,0.0,0.0,,-3.75,0.75
Race 1 - LADBROKES-Q1-LAKESIDE - 2026-07-08,2026-07-08,final_later_block,1,0,5.5,0.1352927553319157,False,False,0.1352927553319157,0.14715811817924274,0.15042189483176877,0.1411294340034431,0.11803415663539205,0.11334393007595768,0.11334393007595768,0.1321048363136951,0.125,0.0,0.0,,5.291666666666666,
Race 1 - LADBROKES-Q1-LAKESIDE - 2026-07-08,2026-07-08,final_later_block,2,0,4.4,0.16911594416489462,False,False,0.16911594416489462,0.16209799297701988,0.1645813675734815,0.165603424148953,0.16207297771325163,0.15840295780426508,0.15840295780426508,0.17308303744021125,0.125,0.0,0.0,,-8.5,
Race 1 - LADBROKES-Q1-LAKESIDE - 2026-07-08,2026-07-08,final_later_block,3,0,8.5,0.08754237109712193,False,False,0.08754237109712193,0.08746276619147254,0.0885024538985274,0.08752033539015937,0.06638651753484714,0.05899482441950425,0.05899482441950425,0.08856159688087585,0.125,0.0,1.0,,-4.0,
Race 1 - LADBROKES-Q1-LAKESIDE - 2026-07-08,2026-07-08,final_later_block,4,0,51.0,0.014590395182853655,False,False,0.014590395182853655,0.014704303085770013,0.014797151787688702,0.01465021393404008,0.006654414187487776,0.004014089369246398,0.004014089369246398,0.01457538864221191,0.125,0.0,0.0,,-0.08333333333333393,
Race 1 - LADBROKES-Q1-LAKESIDE - 2026-07-08,2026-07-08,final_later_block,5,0,7.0,0.10630145061793377,False,False,0.10630145061793377,0.1062117705122523,0.10610875437880932,0.10627818671150663,0.08605137290049086,0.07893965817328094,0.07893965817328094,0.1073865170821206,0.125,0.0,0.0,,-4.458333333333334,
Race 1 - LADBROKES-Q1-LAKESIDE - 2026-07-08,2026-07-08,final_later_block,6,0,8.5,0.08754237109712193,False,False,0.08754237109712193,0.09099171330258322,0.09048058602132773,0.08926851087546912,0.0656972608313482,0.05899482441950425,0.05899482441950425,0.08580457006688007,0.125,0.0,0.0,,-2.625,
Race 1 - LADBROKES-Q1-LAKESIDE - 2026-07-08,2026-07-08,final_later_block,7,0,27.0,0.027559635345390236,False,False,0.027559635345390236,0.02622385030516709,0.02596508513913098,0.0268889088082328,0.014552663200980347,0.010420694289674879,0.010420694289674879,0.026948569934896752,0.125,0.0,0.0,,0.041666666666666075,
Race 1 - LADBROKES-Q1-LAKESIDE - 2026-07-08,2026-07-08,final_later_block,8,1,2.0,0.3720550771627682,False,False,0.3720550771627682,0.3651494854464921,0.3591427063692655,0.3686609861281959,0.48055063699620193,0.5168890214485664,0.5168890214485664,0.37153548363910854,0.125,0.0,0.0,,2.4583333333333335,
Race 10 - SAL - 2026-07-08,2026-07-08,final_later_block,1,0,4.6,0.16585747802649053,False,False,0.16585747802649053,0.20435776578838669,0.20675483483963772,0.18471816969998556,0.16949034709813957,0.1710780088008721,0.1710780088008721,0.16472736198994198,0.14285714285714285,0.0,0.0,0.0,-0.791666666666667,0.25
Race 10 - SAL - 2026-07-08,2026-07-08,final_later_block,2,1,4.4,0.17339645430042191,False,False,0.17339645430042191,0.17361425188686141,0.17613410000178312,0.17408418071285975,0.18042874105358628,0.18287398117196701,0.18287398117196701,0.17309302069844415,0.14285714285714285,0.0,0.0,1.0,-2.666666666666666,1.0
Race 10 - SAL - 2026-07-08,2026-07-08,final_later_block,3,0,10.0,0.07629443989218565,False,False,0.07629443989218565,0.09692030039941697,0.09704621023074501,0.08627805286164827,0.05911859292404778,0.053374145393002094,0.053374145393002094,0.07635193551718485,0.14285714285714285,0.0,0.0,2.0,-4.333333333333334,0.75
Race 10 - SAL - 2026-07-08,2026-07-08,final_later_block,4,0,9.5,0.08030993672861646,False,False,0.08030993672861646,0.09207151183112187,0.09204960209261599,0.08627675337748687,0.06306532519472435,0.05764286077291123,0.05764286077291123,0.07933271846016368,0.14285714285714285,0.0,1.0,0.0,2.916666666666667,0.0
Race 10 - SAL - 2026-07-08,2026-07-08,final_later_block,6,0,3.4,0.22439541144760483,False,False,0.22439541144760483,0.1854924408504213,0.18407331301576915,0.2046994185421599,0.25727276673159255,0.26922324759089455,0.26922324759089455,0.22142132415368646,0.14285714285714285,0.0,0.0,,-0.75,
Race 10 - SAL - 2026-07-08,2026-07-08,final_later_block,7,0,6.0,0.12715739982030938,False,False,0.12715739982030938,0.11887528238261505,0.11725278118570687,0.12335680577316335,0.11855203756858691,0.11484287568063899,0.11484287568063899,0.1296795232324307,0.14285714285714285,0.0,0.0,,-3.791666666666667,0.5
Race 10 - SAL - 2026-07-08,2026-07-08,final_later_block,8,0,5.0,0.1525888797843713,False,False,0.1525888797843713,0.12866844686117673,0.12668915863374203,0.14058661903269631,0.1520721894293225,0.15096488058971397,0.15096488058971397,0.15539411594814806,0.14285714285714285,0.0,0.0,,-4.875,
Race 11 - SAL - 2026-07-08,2026-07-08,final_later_block,1,0,2.7,0.2884375576061851,False,False,0.2884375576061851,0.28215403917227927,0.2868341491527983,0.28562993770402095,0.3474800059102678,0.3655677695699839,0.3655677695699839,0.2932167149311195,0.125,0.0,0.0,0.0,4.416666666666667,0.42857142857142855
Race 11 - SAL - 2026-07-08,2026-07-08,final_later_block,2,0,3.5,0.22250897301048567,False,False,0.22250897301048567,0.2025772128384351,0.20428415528039381,0.2125708675329267,0.24030404667121635,0.2476917141623089,0.2476917141623089,0.2181410441979388,0.125,0.0,0.0,1.0,0.875,0.2857142857142857
Race 11 - SAL - 2026-07-08,2026-07-08,final_later_block,3,0,9.0,0.08653126728185553,False,False,0.08653126728185553,0.08586082075478461,0.08624838348262809,0.08630157754367263,0.06625984265512402,0.060068914107099226,0.060068914107099226,0.0848326282991984,0.125,0.0,0.0,1.0,2.208333333333333,0.5714285714285714
Race 11 - SAL - 2026-07-08,2026-07-08,final_later_block,4,0,27.0,0.02884375576061851,False,False,0.02884375576061851,0.028763115556523094,0.028749011293898355,0.028838890782855058,0.01585236554883837,0.011560267909887421,0.011560267909887421,0.028728658465691215,0.125,0.0,0.0,2.0,-2.666666666666666,0.7142857142857143
Race 11 - SAL - 2026-07-08,2026-07-08,final_later_block,5,0,12.0,0.06489845046139166,False,False,0.06489845046139166,0.05828912795865192,0.05783671229948317,0.06158084265134801,0.04558075016446811,0.03901590419587003,0.03901590419587003,0.06527528807026232,0.125,0.0,0.0,0.0,-0.708333333333333,0.0
Race 11 - SAL - 2026-07-08,2026-07-08,final_later_block,6,0,20.0,0.038939070276835,False,False,0.038939070276835,0.034637511449568066,0.03415692597018201,0.03677060831504272,0.02315693576985455,0.01813295366253945,0.01813295366253945,0.03822888209179986,0.125,0.0,1.0,2.0,1.416666666666666,0.8571428571428571
Race 11 - SAL - 2026-07-08,2026-07-08,final_later_block,7,1,3.8,0.2049424751412368,False,False,0.2049424751412368,0.24340318786977194,0.2391072764982628,0.2236216275436436,0.21619800732722844,0.21894657219644093,0.21894657219644093,0.20795231271959105,0.125,0.0,0.0,0.0,-1.875,0.14285714285714285
Race 11 - SAL - 2026-07-08,2026-07-08,final_later_block,8,0,12.0,0.06489845046139166,False,False,0.06489845046139166,0.06431498439998608,0.06278338602235341,0.06468564792649044,0.04516804595300222,0.03901590419587003,0.03901590419587003,0.06362447122439881,0.125,0.0,0.0,1.0,0.4583333333333339,1.0
Race 2 - CAPALABA - 2026-07-08,2026-07-08,final_later_block,1,0,51.0,0.015143820444479107,False,False,0.015143820444479107,0.01582487009588724,0.016353634566661324,0.015483055034023462,0.006149150606985601,0.003369161137935211,0.003369161137935211,0.01448911901413677,0.125,0.0,0.0,,2.75,1.0
Race 2 - CAPALABA - 2026-07-08,2026-07-08,final_later_block,2,0,26.0,0.02970518625647825,False,False,0.02970518625647825,0.03123120182836403,0.03208392714286288,0.030463468051240068,0.014303281155049096,0.00925586528033832,0.00925586528033832,0.029445528779181423,0.125,0.0,0.0,,-2.708333333333333,0.5
Race 2 - CAPALABA - 2026-07-08,2026-07-08,final_later_block,3,0,35.0,0.0220667097905267,False,False,0.0220667097905267,0.023876823776758135,0.024413778598020502,0.022957570337762745,0.009745222946922344,0.005926181934461895,0.005926181934461895,0.021202345984303688,0.125,0.0,0.0,,-0.708333333333333,0.8333333333333334
Race 2 - CAPALABA - 2026-07-08,2026-07-08,final_later_block,4,0,51.0,0.015143820444479107,False,False,0.015143820444479107,0.01580666370856661,0.016042810005051356,0.015474145904911649,0.006189950372807014,0.003369161137935211,0.003369161137935211,0.014652318077422424,0.125,0.0,0.0,,-1.291666666666667,0.6666666666666666
Race 2 - CAPALABA - 2026-07-08,2026-07-08,final_later_block,5,0,41.0,0.018837435187034988,False,False,0.018837435187034988,0.022698977294518172,0.02293437360756064,0.02068154053662635,0.008187663127643217,0.004674135107651511,0.004674135107651511,0.018728247187618337,0.125,0.0,0.0,,-4.291666666666667,
Race 2 - CAPALABA - 2026-07-08,2026-07-08,final_later_block,6,0,1.9,0.4064920224570708,False,False,0.4064920224570708,0.4007496774738049,0.40196680971375703,0.4036746328802756,0.45208131791348455,0.46853996992426705,0.46853996992426705,0.40270536188113687,0.125,0.0,0.0,,2.583333333333333,0.0
Race 2 - CAPALABA - 2026-07-08,2026-07-08,final_later_block,7,1,8.0,0.0965418553335543,False,False,0.0965418553335543,0.0923649652680682,0.0922006667057173,0.09444529138549114,0.06443552474160051,0.054230307408950816,0.054230307408950816,0.09505117673954962,0.125,0.0,0.0,,-2.916666666666667,0.3333333333333333
Race 2 - CAPALABA - 2026-07-08,2026-07-08,final_later_block,8,0,1.95,0.3960691500863767,False,False,0.3960691500863767,0.39744682055403263,0.39400399966036875,0.3968202958696688,0.43890788913550777,0.4506352180684601,0.4506352180684601,0.4037259023366508,0.125,0.0,0.0,,-3.375,0.16666666666666666
Race 2 - TAREE - 2026-07-08,2026-07-08,final_later_block,1,1,8.5,0.08904523512866235,False,False,0.08904523512866235,0.07391049896394372,0.0756763088668008,0.08124662688341294,0.07188039468882082,0.06620685451570525,0.06620685451570525,0.08890101520816751,0.125,0.0,1.0,,-0.375,
Race 2 - TAREE - 2026-07-08,2026-07-08,final_later_block,2,0,8.5,0.08904523512866235,False,False,0.08904523512866235,0.0906278138954871,0.09282624305324215,0.08996695556159877,0.07170256422482381,0.06620685451570525,0.06620685451570525,0.08818969335217945,0.125,0.0,1.0,,9.375,
Race 2 - TAREE - 2026-07-08,2026-07-08,final_later_block,3,0,5.0,0.151376899718726,False,False,0.151376899718726,0.1656734972960069,0.16791141420275155,0.15860002559769143,0.1476048966537994,0.14674940096789374,0.14674940096789374,0.15017138371151628,0.125,0.0,0.0,,-0.541666666666667,
Race 2 - TAREE - 2026-07-08,2026-07-08,final_later_block,4,0,17.0,0.04452261756433117,False,False,0.04452261756433117,0.059164509885593346,0.0595162718158824,0.05140056704423339,0.02888278110161103,0.023407657894543188,0.023407657894543188,0.04530815072281454,0.125,0.0,0.0,,-1.6666666666666665,
Race 2 - TAREE - 2026-07-08,2026-07-08,final_later_block,5,0,5.5,0.13761536338066,False,False,0.13761536338066,0.126876673113585,0.12689053008675602,0.13233395175651821,0.12915018633950376,0.1272000580155342,0.1272000580155342,0.1350005713114124,0.125,0.0,0.0,,-1.8178333333333336,
Race 2 - TAREE - 2026-07-08,2026-07-08,final_later_block,6,0,35.0,0.021625271388389426,False,False,0.021625271388389426,0.01850552817967184,0.0185186258258224,0.020034497570504423,0.011275800702105255,0.007923722857321396,0.007923722857321396,0.021332034236456833,0.125,0.0,0.0,,10.75,
Race 2 - TAREE - 2026-07-08,2026-07-08,final_later_block,7,0,3.1,0.24415628986891288,False,False,0.24415628986891288,0.22718411078795775,0.22469033692285903,0.23586845650670565,0.2863394915369178,0.30059988000200616,0.30059988000200616,0.24355832614165282,0.125,0.0,0.0,,-2.125,
Race 2 - TAREE - 2026-07-08,2026-07-08,final_later_block,8,0,3.4,0.22261308782165587,False,False,0.22261308782165587,0.2380573678777543,0.23397026922588576,0.23054891907933509,0.25316388475241813,0.2617055712312908,0.2617055712312908,0.22753882531580022,0.125,0.0,1.0,,1.2916666666666665,
Race 3 - BEN - 2026-07-08,2026-07-08,final_later_block,1,0,3.9,0.19160552270852724,False,False,0.19160552270852724,0.19943618301371208,0.2032975130575772,0.19577875811349227,0.2100495383047169,0.2169101412692752,0.2169101412692752,0.189467729411042,0.125,0.0,0.0,,0.875,0.8333333333333334
Race 3 - BEN - 2026-07-08,2026-07-08,final_later_block,2,1,4.6,0.1624481605572296,False,False,0.1624481605572296,0.16269296744189113,0.16504006932525428,0.16281760812013207,0.16725719059754443,0.16933238300285514,0.16933238300285514,0.1610316133816123,0.125,0.0,1.0,,-1.125,0.5
Race 3 - BEN - 2026-07-08,2026-07-08,final_later_block,3,0,27.0,0.027676353280120598,False,False,0.027676353280120598,0.02817600000372695,0.028399959525743864,0.027967502350691627,0.01599406930318324,0.01190778875144492,0.01190778875144492,0.0282529109583982,0.125,0.0,0.0,,-3.583333333333334,1.0
Race 3 - BEN - 2026-07-08,2026-07-08,final_later_block,4,0,12.0,0.06227179488027134,False,False,0.06227179488027134,0.05788898650743156,0.05794420016542907,0.060131667323730195,0.045759172728584235,0.04018878703612659,0.04018878703612659,0.06247032980595718,0.125,0.0,0.0,,-2.291666666666667,0.16666666666666666
Race 3 - BEN - 2026-07-08,2026-07-08,final_later_block,5,0,4.8,0.15567948720067837,False,False,0.15567948720067837,0.1289538873696055,0.12837294611097622,0.14190330046618976,0.15763072950562515,0.15886012929200966,0.15886012929200966,0.15394253014647163,0.125,0.0,0.0,,2.625,
Race 3 - BEN - 2026-07-08,2026-07-08,final_later_block,6,0,8.0,0.09340769232040702,False,False,0.09340769232040702,0.11639428758058515,0.11531723919092599,0.10442794595310916,0.08032159011866358,0.07383151621491724,0.07383151621491724,0.09979181182990257,0.125,0.0,0.0,,-8.875,0.3333333333333333
Race 3 - BEN - 2026-07-08,2026-07-08,final_later_block,7,0,3.5,0.21350329673235888,False,False,0.21350329673235888,0.22262153573266827,0.2196497014236083,0.21834611098414972,0.24497561135411647,0.2551377382184541,0.2551377382184541,0.21448923076110357,0.125,0.0,1.0,,-1.708333333333334,0.0
Race 3 - BEN - 2026-07-08,2026-07-08,final_later_block,8,0,8.0,0.09340769232040702,False,False,0.09340769232040702,0.08383615235037943,0.08197837120048515,0.08862710668850535,0.07801209808756605,0.07383151621491724,0.07383151621491724,0.09055384370551249,0.125,0.0,0.0,,2.25,0.6666666666666666
Race 3 - CAPALABA - 2026-07-08,2026-07-08,final_later_block,1,0,2.35,0.3243641725027644,False,False,0.3243641725027644,0.30828992599292143,0.3131434638874268,0.3166242563332866,0.38714144823805957,0.40755308405720814,0.40755308405720814,0.3259065407806138,0.16666666666666666,0.0,0.0,,5.0,
Race 3 - CAPALABA - 2026-07-08,2026-07-08,final_later_block,2,0,3.3,0.23098660769136253,False,False,0.23098660769136253,0.2127127362211708,0.21447735440432605,0.22194135046036248,0.24109307766397053,0.2449148211570807,0.2449148211570807,0.22962784718464008,0.16666666666666666,0.0,0.0,,-0.541666666666667,0.0
Race 3 - CAPALABA - 2026-07-08,2026-07-08,final_later_block,4,0,20.0,0.03811279026907482,False,False,0.03811279026907482,0.04039203917064099,0.04022095369887153,0.03928541440928687,0.021556958286363677,0.016415003656793544,0.016415003656793544,0.03698282217507407,0.16666666666666666,0.0,0.0,,5.333333333333334,0.25
Race 3 - CAPALABA - 2026-07-08,2026-07-08,final_later_block,5,1,5.0,0.15245116107629927,False,False,0.15245116107629927,0.16358708894122959,0.16241542345831309,0.1581204191983894,0.13720037372079666,0.13132002925434838,0.13132002925434838,0.1548414071201415,0.16666666666666666,0.0,0.0,,-9.125,1.0
Race 3 - CAPALABA - 2026-07-08,2026-07-08,final_later_block,7,0,6.0,0.1270426342302494,False,False,0.1270426342302494,0.15672210528109154,0.1541650068399052,0.14128236313696285,0.1073089193619455,0.0998985309372846,0.0998985309372846,0.12954008463592823,0.16666666666666666,0.0,0.0,,-8.791666666666666,0.5
Race 3 - CAPALABA - 2026-07-08,2026-07-08,final_later_block,8,0,6.0,0.1270426342302494,False,False,0.1270426342302494,0.11829610439294565,0.11557779771115727,0.12274619646171171,0.105699222728864,0.0998985309372846,0.0998985309372846,0.12310129810360229,0.16666666666666666,0.0,0.0,,3.0730000000000004,0.75
Race 4 - BEN - 2026-07-08,2026-07-08,final_later_block,1,0,16.0,0.047832556243144496,False,False,0.047832556243144496,0.04529074072821263,0.04639347375218575,0.046555899268556515,0.02731157303320425,0.021629860451699682,0.021629860451699682,0.04435671077771795,0.125,0.0,1.0,,11.0,0.6
Race 4 - BEN - 2026-07-08,2026-07-08,final_later_block,2,1,8.5,0.090037752928272,False,False,0.090037752928272,0.08924492967604927,0.09066131362642646,0.08966280318089641,0.06276916796274433,0.05586056228587529,0.05586056228587529,0.08349498499335146,0.125,0.0,0.0,,3.541666666666667,0.0
Race 4 - BEN - 2026-07-08,2026-07-08,final_later_block,3,0,7.0,0.10933155712718742,False,False,0.10933155712718742,0.11095839071206295,0.11211468912790058,0.11016941771100275,0.08137008532370177,0.07474577194870673,0.07474577194870673,0.10124302544868694,0.125,0.0,0.0,,4.375,0.4
Race 4 - BEN - 2026-07-08,2026-07-08,final_later_block,4,0,51.0,0.015006292154712,False,False,0.015006292154712,0.016044420544144716,0.016133989904543015,0.015520543657008685,0.006361698429262635,0.0038008298429264543,0.0038008298429264543,0.014044304188271177,0.125,0.0,0.0,,10.291666666666666,1.0
Race 4 - BEN - 2026-07-08,2026-07-08,final_later_block,5,0,1.6,0.478325562431445,False,False,0.478325562431445,0.4667497815647686,0.46583859873182965,0.47261997157362506,0.6421183162692026,0.6839962449896949,0.6839962449896949,0.5164845301077253,0.125,0.0,0.0,1.0,-1.625,0.2
Race 4 - BEN - 2026-07-08,2026-07-08,final_later_block,6,0,11.0,0.06957462726275564,False,False,0.06957462726275564,0.07954592273831401,0.07924542325585923,0.07441193856156936,0.04456494666460252,0.0379441356091425,0.0379441356091425,0.0644273798309826,0.125,0.0,0.0,0.0,9.875,0.8
Race 4 - BEN - 2026-07-08,2026-07-08,final_later_block,7,0,7.0,0.10933155712718742,False,False,0.10933155712718742,0.10837685905831639,0.10726872320301777,0.10888028763750941,0.08137008532370177,0.07474577194870673,0.07474577194870673,0.10124302544868694,0.125,0.0,0.0,,3.208333333333333,
Race 4 - BEN - 2026-07-08,2026-07-08,final_later_block,8,0,9.5,0.08056009472529599,False,False,0.08056009472529599,0.08378895497813149,0.08234378839823754,0.0821791384098319,0.054134126993580306,0.04727682292324787,0.04727682292324787,0.0747060392045776,0.125,0.0,0.0,,9.166666666666668,
Race 5 - SAL - 2026-07-08,2026-07-08,final_later_block,1,0,7.0,0.1081479326698919,False,False,0.1081479326698919,0.0914883950725474,0.0929246633786879,0.09985154419137345,0.09604514748040416,0.0926634737031857,0.0926634737031857,0.10619016881205953,0.125,0.0,0.0,,3.5,0.3333333333333333
Race 5 - SAL - 2026-07-08,2026-07-08,final_later_block,2,0,3.6,0.21028764685812315,False,False,0.21028764685812315,0.18468122907631757,0.18702946952505037,0.1978248880967995,0.24005590517625422,0.25124757896793,0.25124757896793,0.20648088380122698,0.125,0.0,0.0,,1.25,0.16666666666666666
Race 5 - SAL - 2026-07-08,2026-07-08,final_later_block,3,0,17.0,0.044531501687602545,False,False,0.044531501687602545,0.03885014428632038,0.03913114809496902,0.041753478095705274,0.02969272241706975,0.024483993450488534,0.024483993450488534,0.04531890931681339,0.125,0.0,0.0,,-7.291666666666666,
Race 5 - SAL - 2026-07-08,2026-07-08,final_later_block,4,0,5.0,0.15140710573784866,False,False,0.15140710573784866,0.13090726378585937,0.1311771421994709,0.1413245696136722,0.15364401863480331,0.1534972609540159,0.1534972609540159,0.15408429167716556,0.125,0.0,0.0,1.0,-5.125,0.5
Race 5 - SAL - 2026-07-08,2026-07-08,final_later_block,5,0,13.0,0.05823350220686487,False,False,0.05823350220686487,0.07500779780232403,0.07490973040929517,0.0663441038749807,0.042081059497475704,0.036613446197311224,0.036613446197311224,0.05848389939796914,0.125,0.0,0.0,1.0,0.29166666666666696,0.0
Race 5 - SAL - 2026-07-08,2026-07-08,final_later_block,6,1,6.5,0.11646700441372974,False,False,0.11646700441372974,0.11329925186548205,0.11255958157372153,0.11531283347528301,0.10629909990875674,0.10355846435491034,0.10355846435491034,0.11452100657029594,0.125,0.0,0.0,0.0,12.458333333333332,1.0
Race 5 - SAL - 2026-07-08,2026-07-08,final_later_block,7,0,3.5,0.2162958653397838,False,False,0.2162958653397838,0.27861999921892,0.2768279901987879,0.24642962842359722,0.25203704251799774,0.26209188249529575,0.26209188249529575,0.22187252258610377,0.125,0.0,1.0,1.0,-4.666666666666666,0.6666666666666666
Race 5 - SAL - 2026-07-08,2026-07-08,final_later_block,8,0,8.0,0.09462944108615541,False,False,0.09462944108615541,0.08714591889222914,0.0854402746200171,0.09115895422858873,0.0801450043672383,0.07584389987686259,0.07584389987686259,0.09304831783836542,0.125,0.0,0.0,1.0,6.416666666666666,0.8333333333333334
Race 6 - CAPALABA - 2026-07-08,2026-07-08,final_later_block,1,0,15.0,0.05076892305096821,False,False,0.05076892305096821,0.05164569431317811,0.052505842566322375,0.051214639769910406,0.02599394617854925,0.01908057786274424,0.01908057786274424,0.04673405112596427,0.14285714285714285,0.0,0.0,,-2.666666666666666,0.8333333333333334
Race 6 - CAPALABA - 2026-07-08,2026-07-08,final_later_block,2,0,9.5,0.08016145744889716,False,False,0.08016145744889716,0.09035011225249537,0.09092494112794319,0.08511875001347409,0.04657639407190822,0.03785672183814204,0.03785672183814204,0.07273541077320676,0.14285714285714285,0.0,0.0,,0.16666666666666696,0.3333333333333333
Race 6 - CAPALABA - 2026-07-08,2026-07-08,final_later_block,3,0,4.5,0.16922974350322734,False,False,0.16922974350322734,0.16650930880615175,0.16745001752908256,0.16789420014558598,0.12608307342488856,0.1161206989517636,0.1161206989517636,0.15597019684426344,0.14285714285714285,0.0,1.0,,-0.375,0.16666666666666666
Race 6 - CAPALABA - 2026-07-08,2026-07-08,final_later_block,4,1,1.24,0.6141401981971961,False,False,0.6141401981971961,0.6051064130062713,0.60425793053842,0.6097161897387184,0.7637467359112159,0.8027787800082087,0.8027787800082087,0.6466506036202375,0.14285714285714285,0.0,0.0,,2.0833333333333335,0.0
Race 6 - CAPALABA - 2026-07-08,2026-07-08,final_later_block,6,0,27.0,0.028204957250537892,False,False,0.028204957250537892,0.02839697387442185,0.028061774464530644,0.02830589169129374,0.012323781848255277,0.007901012805754393,0.007901012805754393,0.025592088975757932,0.14285714285714285,0.0,0.0,,1.75,0.5
Race 6 - CAPALABA - 2026-07-08,2026-07-08,final_later_block,7,0,26.0,0.029289763298635505,False,False,0.029289763298635505,0.02898949334082129,0.028452792517397303,0.029144481294571836,0.012943202982161894,0.008361195727632503,0.008361195727632503,0.026689224745750074,0.14285714285714285,0.0,0.0,,-0.541666666666667,0.6666666666666666
Race 6 - CAPALABA - 2026-07-08,2026-07-08,final_later_block,8,0,27.0,0.028204957250537892,False,False,0.028204957250537892,0.0290020044066604,0.02834670125630397,0.028605847346445498,0.012332865583020828,0.007901012805754393,0.007901012805754393,0.025628423914820134,0.14285714285714285,0.0,0.0,,1.708333333333333,1.0
Race 6 - MURRAY-BRIDGE-STRAIGHT - 2026-07-08,2026-07-08,final_later_block,1,0,4.6,0.1654383035937992,False,False,0.1654383035937992,0.1802368160193728,0.18397492327043033,0.1727571483603299,0.14079775703268468,0.13455022972756014,0.13455022972756014,0.15954033894805827,0.16666666666666666,0.0,0.0,,2.4583333333333335,
Race 6 - MURRAY-BRIDGE-STRAIGHT - 2026-07-08,2026-07-08,final_later_block,2,0,19.0,0.04005348402797244,False,False,0.04005348402797244,0.03963821595921985,0.040196079212476886,0.039863317478090396,0.021677706033663993,0.016028422796445535,0.016028422796445535,0.03862555574531937,0.16666666666666666,0.0,0.0,,1.75,
Race 6 - MURRAY-BRIDGE-STRAIGHT - 2026-07-08,2026-07-08,final_later_block,4,1,2.7,0.28185785056721346,False,False,0.28185785056721346,0.2605057476453465,0.26200207608152115,0.2710940351559931,0.2974179662704808,0.2992096146996906,0.2992096146996906,0.2920430209828514,0.16666666666666666,0.0,1.0,,-2.541666666666667,
Race 6 - MURRAY-BRIDGE-STRAIGHT - 2026-07-08,2026-07-08,final_later_block,5,0,18.0,0.04227867758508202,False,False,0.04227867758508202,0.043996183480691495,0.04381661600202052,0.04314837444202109,0.023582431722834928,0.01738250782135559,0.01738250782135559,0.04218220342727294,0.16666666666666666,0.0,0.0,,-3.25,
Race 6 - MURRAY-BRIDGE-STRAIGHT - 2026-07-08,2026-07-08,final_later_block,7,0,1.95,0.3902647161699879,False,False,0.3902647161699879,0.38852971318557883,0.3844865321299811,0.38957223975342975,0.4631825219673146,0.48749399915058145,0.48749399915058145,0.390248090417514,0.16666666666666666,0.0,0.0,,2.583333333333333,
Race 6 - MURRAY-BRIDGE-STRAIGHT - 2026-07-08,2026-07-08,final_later_block,8,0,9.5,0.08010696805594487,False,False,0.08010696805594487,0.0870933237097905,0.08552377330357004,0.08356488481013571,0.05334161697302102,0.04533522580436674,0.04533522580436674,0.07736079047898387,0.16666666666666666,0.0,0.0,,0.25,
Race 7 - CAPALABA - 2026-07-08,2026-07-08,final_later_block,1,0,6.5,0.11805911120349304,False,False,0.11805911120349304,0.1544092512203259,0.15573817974969908,0.1354109016664036,0.09197808152300711,0.08449875318850804,0.08449875318850804,0.11441606652650434,0.14285714285714285,0.0,0.0,,-2.666666666666667,0.4
Race 7 - CAPALABA - 2026-07-08,2026-07-08,final_later_block,2,0,41.0,0.01871668836152938,False,False,0.01871668836152938,0.018343074024463023,0.018653692596761796,0.01858308360512937,0.008435070665562549,0.005333896087356799,0.005333896087356799,0.017738594400179802,0.14285714285714285,0.0,0.0,,1.4166666666666665,0.2
Race 7 - CAPALABA - 2026-07-08,2026-07-08,final_later_block,3,0,10.0,0.07673842228227047,False,False,0.07673842228227047,0.09812184460851164,0.09820054440464598,0.08702749877322359,0.0527677479936012,0.044281297295015024,0.044281297295015024,0.07822710008935971,0.14285714285714285,0.0,0.0,,-3.6875,0.6
Race 7 - CAPALABA - 2026-07-08,2026-07-08,final_later_block,4,1,1.75,0.43850527018440266,False,False,0.43850527018440266,0.4309998038417158,0.4326162030368226,0.4360066986992729,0.5668694409157653,0.6048716958336416,0.6048716958336416,0.4528626761621364,0.14285714285714285,0.0,0.0,,-2.375,0.0
Race 7 - CAPALABA - 2026-07-08,2026-07-08,final_later_block,6,0,12.0,0.06394868523522539,False,False,0.06394868523522539,0.0592391530018814,0.058866353365162036,0.061728744929309784,0.040486131343555956,0.033685924172322516,0.033685924172322516,0.060886752857256275,0.14285714285714285,0.0,0.0,,2.666666666666667,0.8
Race 7 - CAPALABA - 2026-07-08,2026-07-08,final_later_block,7,0,7.0,0.10962631754610067,False,False,0.10962631754610067,0.09292192915858712,0.09204636143727714,0.10122405677419255,0.08375215620887025,0.07560896197920519,0.07560896197920519,0.10818173889786542,0.14285714285714285,0.0,0.0,,-3.0,
Race 7 - CAPALABA - 2026-07-08,2026-07-08,final_later_block,8,0,4.4,0.17440550518697834,False,False,0.17440550518697834,0.14596494414451514,0.14387866540963126,0.1600190155524682,0.15571137134963756,0.15171947144395076,0.15171947144395076,0.16768707106669797,0.14285714285714285,0.0,0.0,,-2.1666666666666665,1.0
Race 7 - SAL - 2026-07-08,2026-07-08,final_later_block,1,0,5.5,0.13945796147026834,False,False,0.13945796147026834,0.17633192380836138,0.17866106733858111,0.15732653065856553,0.12721489656139012,0.12330989396537763,0.12330989396537763,0.13892990434942756,0.14285714285714285,0.0,1.0,,1.0,0.6
Race 7 - SAL - 2026-07-08,2026-07-08,final_later_block,2,0,13.0,0.05900144523742122,False,False,0.05900144523742122,0.05453457502112871,0.05568855163358572,0.05690915380516936,0.03981665829687808,0.033933365118573415,0.033933365118573415,0.0574665378317921,0.14285714285714285,0.0,1.0,,1.0,1.0
Race 7 - SAL - 2026-07-08,2026-07-08,final_later_block,3,0,6.5,0.11800289047484244,False,False,0.11800289047484244,0.09937554307572866,0.10079365823125885,0.10864279171676629,0.10070599507296882,0.09597805033528925,0.09597805033528925,0.11488982928600752,0.14285714285714285,0.0,0.0,0.0,-0.5416666666666665,0.4
Race 7 - SAL - 2026-07-08,2026-07-08,final_later_block,4,0,18.0,0.0426121548936931,False,False,0.0426121548936931,0.03829579717645341,0.03866541421637153,0.04052818382217131,0.026359283015224166,0.020827310941844163,0.020827310941844163,0.04295519923536417,0.14285714285714285,0.0,0.0,1.0,-4.041666666666666,0.8
Race 7 - SAL - 2026-07-08,2026-07-08,final_later_block,6,0,4.8,0.15979558085134915,False,False,0.15979558085134915,0.12811476104140393,0.12818346431168245,0.1435478870829943,0.15376136115387834,0.15124467829508612,0.15124467829508612,0.161311409730255,0.14285714285714285,0.0,0.0,,-5.958333333333334,
Race 7 - SAL - 2026-07-08,2026-07-08,final_later_block,7,0,4.4,0.1743224518378354,False,False,0.1743224518378354,0.15751514480267667,0.15663809180038532,0.1662465562513468,0.17155977346511145,0.1723308157530471,0.1723308157530471,0.16924664660130448,0.14285714285714285,0.0,1.0,1.0,0.5416666666666665,0.2
Race 7 - SAL - 2026-07-08,2026-07-08,final_later_block,8,1,2.5,0.3068075152345904,False,False,0.3068075152345904,0.34583225507424725,0.3413697524681351,0.32679889666298645,0.38058203243454913,0.4023758855907824,0.4023758855907824,0.3152004729658492,0.14285714285714285,0.0,0.0,0.0,4.916666666666666,0.0
Race 8 - CAPALABA - 2026-07-08,2026-07-08,final_later_block,1,0,13.0,0.06021278997856743,False,False,0.06021278997856743,0.06025712742786908,0.06104906707732729,0.06035374271528441,0.03339554495226932,0.025795585723877343,0.025795585723877343,0.05619542263744525,0.125,0.0,0.0,,-4.916666666666667,0.14285714285714285
Race 8 - CAPALABA - 2026-07-08,2026-07-08,final_later_block,2,0,1.35,0.5798268664602789,False,False,0.5798268664602789,0.6253899698474656,0.6283592776187585,0.6033651789211638,0.7323666607394904,0.770832060005259,0.770832060005259,0.6169704629421849,0.125,0.0,0.0,,2.083333333333333,0.0
Race 8 - CAPALABA - 2026-07-08,2026-07-08,final_later_block,3,0,13.0,0.06021278997856743,False,False,0.06021278997856743,0.044470586324069084,0.04465330029581233,0.051848527007805116,0.03306268384803582,0.025795585723877343,0.025795585723877343,0.05486397822051123,0.125,0.0,0.0,,-2.958333333333333,0.42857142857142855
Race 8 - CAPALABA - 2026-07-08,2026-07-08,final_later_block,4,0,14.0,0.05591187640866975,False,False,0.05591187640866975,0.041817045777231214,0.04179901330386598,0.04844894533364721,0.03032298033811342,0.023081730636627013,0.023081730636627013,0.05204672944257264,0.125,0.0,0.0,,-8.041666666666666,0.2857142857142857
Race 8 - CAPALABA - 2026-07-08,2026-07-08,final_later_block,5,0,41.0,0.019091860237106746,False,False,0.019091860237106746,0.014524513899571568,0.014449806880681915,0.016685166550646273,0.007745442508902176,0.004605583249793111,0.004605583249793111,0.017165020286229373,0.125,0.0,0.0,,-0.41666666666666696,0.7142857142857143
Race 8 - CAPALABA - 2026-07-08,2026-07-08,final_later_block,6,0,34.0,0.02302253734474637,False,False,0.02302253734474637,0.018023733329729185,0.017841235771602515,0.020410544432682698,0.009818426159549868,0.006098767066981728,0.006098767066981728,0.02097740343725429,0.125,0.0,0.0,,-2.75,0.8571428571428571
Race 8 - CAPALABA - 2026-07-08,2026-07-08,final_later_block,7,0,51.0,0.015348358229830912,False,False,0.015348358229830912,0.011777619474383246,0.011599947923102105,0.013471480984520104,0.005936049436370367,0.003319748305376798,0.003319748305376798,0.013784952829351072,0.125,0.0,0.0,,2.4166666666666665,1.0
Race 8 - CAPALABA - 2026-07-08,2026-07-08,final_later_block,8,1,4.2,0.1863729213622325,False,False,0.1863729213622325,0.18373940391968097,0.18024835112884938,0.18541641405425024,0.14735221201726856,0.14047093928820759,0.14047093928820759,0.16799603020445147,0.125,0.0,0.0,,-1.166666666666667,0.5714285714285714
Race 8 - MURRAY-BRIDGE-STRAIGHT - 2026-07-08,2026-07-08,final_later_block,1,0,17.0,0.04584007648613376,False,False,0.04584007648613376,0.04275633190541407,0.04379156109416221,0.04427430102979495,0.023277014970426127,0.01672370286946205,0.01672370286946205,0.04293695127331836,0.16666666666666666,0.0,0.0,,17.458333333333332,
Race 8 - MURRAY-BRIDGE-STRAIGHT - 2026-07-08,2026-07-08,final_later_block,2,0,10.0,0.07792813002642739,False,False,0.07792813002642739,0.07687318791325665,0.07846789808963507,0.0774039992743022,0.04585706695094697,0.03706856934996711,0.03706856934996711,0.07222255975388653,0.16666666666666666,0.0,0.0,,2.416666666666667,
Race 8 - MURRAY-BRIDGE-STRAIGHT - 2026-07-08,2026-07-08,final_later_block,4,1,2.1,0.371086333459178,False,False,0.371086333459178,0.37830998047132647,0.38031274766317846,0.37470561966821453,0.3776361566123576,0.3851916665531616,0.3851916665531616,0.35496962678994554,0.16666666666666666,0.0,0.0,,2.75,
Race 8 - MURRAY-BRIDGE-STRAIGHT - 2026-07-08,2026-07-08,final_later_block,5,0,31.0,0.025138106460137866,False,False,0.025138106460137866,0.023464498251803335,0.023530793652515165,0.024288502733048226,0.010932352383614227,0.00679146214223285,0.00679146214223285,0.023355023107758353,0.16666666666666666,0.0,0.0,,-1.041666666666667,
Race 8 - MURRAY-BRIDGE-STRAIGHT - 2026-07-08,2026-07-08,final_later_block,7,0,1.65,0.47229169712986296,False,False,0.47229169712986296,0.4714637825164789,0.46688788752613025,0.47190888085638427,0.5396359988197101,0.5530697539100904,0.5530697539100904,0.4993347335485696,0.16666666666666666,0.0,0.0,,-5.25,
Race 8 - MURRAY-BRIDGE-STRAIGHT - 2026-07-08,2026-07-08,final_later_block,8,0,101.0,0.007715656438260137,False,False,0.007715656438260137,0.007132218941720462,0.0070091119743787775,0.007418696438255745,0.0026614102629450155,0.001154845175086177,0.001154845175086177,0.007181105526521531,0.16666666666666666,0.0,0.0,,-0.41666666666666696,
Race 8 - SAL - 2026-07-08,2026-07-08,final_later_block,1,0,2.45,0.3158704457102111,False,False,0.3158704457102111,0.2859428781247554,0.289957006311839,0.3012640549190892,0.3640427744520392,0.37997197183733,0.37997197183733,0.3162551822961668,0.16666666666666666,0.0,0.0,,1.25,
Race 8 - SAL - 2026-07-08,2026-07-08,final_later_block,2,1,2.6,0.2976471507653912,False,False,0.2976471507653912,0.3624853912961742,0.36264903386830566,0.3292678270581763,0.33806431130151887,0.3475687061395249,0.3475687061395249,0.3095511267875008,0.16666666666666666,0.0,0.0,,-5.625,1.0
Race 8 - SAL - 2026-07-08,2026-07-08,final_later_block,3,0,9.0,0.08598695466555747,False,False,0.08598695466555747,0.07438869108724308,0.07445798704044296,0.08017203754422719,0.061989017419233274,0.05396807470194569,0.05396807470194569,0.08605184557109605,0.16666666666666666,0.0,0.0,,-6.125,
Race 8 - SAL - 2026-07-08,2026-07-08,final_later_block,4,0,5.5,0.1407059258163668,False,False,0.1407059258163668,0.1276752881575389,0.1269047907013668,0.13435777275870422,0.1187396459352195,0.11296831601573586,0.11296831601573586,0.13605363569367046,0.16666666666666666,0.0,0.0,,1.5,0.0
Race 8 - SAL - 2026-07-08,2026-07-08,final_later_block,7,0,6.5,0.11905886030615652,False,False,0.11905886030615652,0.11156913750601954,0.10914163455893963,0.11553300698382045,0.0941225909071895,0.08792870038389186,0.08792870038389186,0.11270426247708243,0.16666666666666666,0.0,0.0,,2.166666666666667,0.6666666666666666
Race 8 - SAL - 2026-07-08,2026-07-08,final_later_block,8,0,19.0,0.040730662736316696,False,False,0.040730662736316696,0.03793861382826897,0.036889547519106,0.03940530073598278,0.023041659984799588,0.0175942309215716,0.0175942309215716,0.039383947174483555,0.16666666666666666,0.0,0.0,,0.20833333333333304,0.3333333333333333
