race_id,race_date,venue,race_number,runner_count,winner_box,winner_dog_name,model_winner_rank,model_top1_correct,model_top3_correct,model_winner_probability,model_logloss,market_winner_rank,market_top1_correct,market_top3_correct,market_winner_probability,market_logloss,model_top_box,market_top_box,winner_prediction_source_path,winner_prediction_raw_probability
Race 1 - AP_K - 2026-06-11,2026-06-11,AP_K,1,6,4,Gina Gulla,4,False,False,0.12393500141983134,2.087998032906699,2,False,True,0.22393662293140074,1.4963922005022474,1,1,/mnt/tenn-nvme2/tenn/offloaded-home/l4nd0/greyhound-autonomous-accuracy-odds-v1-20260610/artifacts/full_evidence_orchestration_20260525/daily_race_ingest_shadow_20260611T183015+1000_daemon_autopilot/shadow_predictions.jsonl,0.12393500141983134
Race 1 - BEN - 2026-06-12,2026-06-12,BEN,1,8,3,Manchester Trev,3,False,True,0.1316950620588057,2.0272661647945407,2,False,True,0.14261821201938207,1.9475840651357705,2,7,/mnt/tenn-nvme2/tenn/offloaded-home/l4nd0/greyhound-autonomous-accuracy-odds-v1-20260610/artifacts/full_evidence_orchestration_20260525/daily_race_ingest_shadow_20260612T180234+1000_daemon_autopilot/shadow_predictions.jsonl,0.1316950620588057
Race 1 - CASO - 2026-06-18,2026-06-18,CASO,1,6,8,Kooringa Ellsie,1,True,True,0.3468292075641411,1.0589228174255867,1,True,True,0.531296161385234,0.6324356704991394,8,8,/mnt/tenn-nvme2/tenn/offloaded-home/l4nd0/greyhound-autonomous-accuracy-odds-v1-20260610/artifacts/full_evidence_orchestration_20260525/daily_race_ingest_shadow_20260618T141702+1000_daemon_autopilot/shadow_predictions.jsonl,0.3468292075641411
Race 1 - GEE - 2026-06-13,2026-06-13,GEE,1,8,6,Ranger Riot,5,False,False,0.0935599505865642,2.3691528654133247,2,False,True,0.206587816818266,1.577029693937299,2,8,/mnt/tenn-nvme2/tenn/offloaded-home/l4nd0/greyhound-autonomous-accuracy-odds-v1-20260610/artifacts/full_evidence_orchestration_20260525/daily_race_ingest_shadow_20260613T160211+1000_daemon_autopilot/shadow_predictions.jsonl,0.09355995058656419
Race 1 - GEE - 2026-06-16,2026-06-16,GEE,1,6,4,Sugarcane,6,False,False,0.09631392964057528,2.3401423222422073,1,True,True,0.5615824206952424,0.5769967289412953,2,4,/mnt/tenn-nvme2/tenn/offloaded-home/l4nd0/greyhound-autonomous-accuracy-odds-v1-20260610/artifacts/full_evidence_orchestration_20260525/daily_race_ingest_shadow_20260616T134711+1000_daemon_autopilot/shadow_predictions.jsonl,0.09631392964057528
Race 1 - GRAFTON - 2026-06-14,2026-06-14,GRAFTON,1,6,7,Nangar County,6,False,False,0.08317798839370276,2.486772528733514,1,True,True,0.5473751600512164,0.602620861462871,2,7,/mnt/tenn-nvme2/tenn/offloaded-home/l4nd0/greyhound-autonomous-accuracy-odds-v1-20260610/artifacts/full_evidence_orchestration_20260525/daily_race_ingest_shadow_20260614T154710+1000_daemon_autopilot/shadow_predictions.jsonl,0.08317798839370276
Race 1 - GRAFTON - 2026-06-20,2026-06-20,GRAFTON,1,7,6,Commanche Jack,1,True,True,0.3233803188238948,1.1289261907599681,1,True,True,0.5198650464091509,0.6541860272256479,6,6,/mnt/tenn-nvme2/tenn/offloaded-home/l4nd0/greyhound-autonomous-accuracy-odds-v1-20260610/artifacts/full_evidence_orchestration_20260525/daily_race_ingest_shadow_20260620T153211+1000_daemon_autopilot/shadow_predictions.jsonl,0.3233803188238948
Race 1 - GRDN - 2026-06-12,2026-06-12,GRDN,1,6,2,Zipper Night,1,True,True,0.30417106673582056,1.1901650163174515,1,True,True,0.5681538743556153,0.5653629913936092,2,2,/mnt/tenn-nvme2/tenn/offloaded-home/l4nd0/greyhound-autonomous-accuracy-odds-v1-20260610/artifacts/full_evidence_orchestration_20260525/daily_race_ingest_shadow_20260612T143759+1000_daemon_autopilot/shadow_predictions.jsonl,0.3041710667358205
Race 1 - GUNNEDAH - 2026-06-17,2026-06-17,GUNNEDAH,1,7,8,One Last Shot,5,False,False,0.0998295154347305,2.304291393549916,5,False,False,0.04372847227856411,3.129755849485097,1,7,/mnt/tenn-nvme2/tenn/offloaded-home/l4nd0/greyhound-autonomous-accuracy-odds-v1-20260610/artifacts/full_evidence_orchestration_20260525/daily_race_ingest_shadow_20260617T143200+1000_daemon_autopilot/shadow_predictions.jsonl,0.09982951543473048
Race 1 - HEA - 2026-06-12,2026-06-12,HEA,1,8,1,Magic Thrill,2,False,True,0.19713551275440205,1.6238639047244903,3,False,True,0.11396133928924379,2.1718960171466204,2,2,/mnt/tenn-nvme2/tenn/offloaded-home/l4nd0/greyhound-autonomous-accuracy-odds-v1-20260610/artifacts/full_evidence_orchestration_20260525/daily_race_ingest_shadow_20260612T102511+1000_daemon_autopilot/shadow_predictions.jsonl,0.19713551275440205
Race 1 - HEA - 2026-06-16,2026-06-16,HEA,1,8,8,Kara Danvers,3,False,True,0.1385585651598501,1.976462189592226,1,True,True,0.4727120591467679,0.7492688303030038,2,8,/mnt/tenn-nvme2/tenn/offloaded-home/l4nd0/greyhound-autonomous-accuracy-odds-v1-20260610/artifacts/full_evidence_orchestration_20260525/daily_race_ingest_shadow_20260616T103211+1000_daemon_autopilot/shadow_predictions.jsonl,0.1385585651598501
Race 1 - HOBT - 2026-06-16,2026-06-16,HOBT,1,7,2,Blackbrush Ben,2,False,True,0.24931232780420812,1.3890488399992946,3,False,True,0.05264271806304145,2.944227358361915,1,1,/mnt/tenn-nvme2/tenn/offloaded-home/l4nd0/greyhound-autonomous-accuracy-odds-v1-20260610/artifacts/full_evidence_orchestration_20260525/daily_race_ingest_shadow_20260616T110200+1000_daemon_autopilot/shadow_predictions.jsonl,0.24931232780420812
Race 1 - LADBROKES-Q1-LAKESIDE - 2026-06-13,2026-06-13,LADBROKES-Q1-LAKESIDE,1,8,7,Askern Violet,6,False,False,0.0829984248018273,2.4889336496568664,1,True,True,0.5401265998093672,0.6159517228101177,2,7,/mnt/tenn-nvme2/tenn/offloaded-home/l4nd0/greyhound-autonomous-accuracy-odds-v1-20260610/artifacts/full_evidence_orchestration_20260525/daily_race_ingest_shadow_20260613T160211+1000_daemon_autopilot/shadow_predictions.jsonl,0.0829984248018273
Race 1 - LADBROKES-Q1-LAKESIDE - 2026-06-16,2026-06-16,LADBROKES-Q1-LAKESIDE,1,8,5,Arthur Star,5,False,False,0.11493603760389987,2.1633795001012603,1,True,True,0.42413173078616245,0.8577111861866026,2,5,/mnt/tenn-nvme2/tenn/offloaded-home/l4nd0/greyhound-autonomous-accuracy-odds-v1-20260610/artifacts/full_evidence_orchestration_20260525/daily_race_ingest_shadow_20260616T141700+1000_daemon_autopilot/shadow_predictions.jsonl,0.11493603760389987
Race 1 - LADBROKES-Q1-LAKESIDE - 2026-06-19,2026-06-19,LADBROKES-Q1-LAKESIDE,1,8,4,Son Of Minya,1,True,True,0.27184056060694967,1.3025395587925808,1,True,True,0.44471962987253405,0.8103112406080598,4,4,/mnt/tenn-nvme2/tenn/offloaded-home/l4nd0/greyhound-autonomous-accuracy-odds-v1-20260610/artifacts/full_evidence_orchestration_20260525/daily_race_ingest_shadow_20260619T144709+1000_daemon_autopilot/shadow_predictions.jsonl,0.2718405606069496
Race 1 - MOUNT - 2026-06-18,2026-06-18,MOUNT,1,6,2,Pressure Point,1,True,True,0.4278559679585938,0.8489686634982964,2,False,True,0.23021073136178502,1.4687601662232086,2,5,/mnt/tenn-nvme2/tenn/offloaded-home/l4nd0/greyhound-autonomous-accuracy-odds-v1-20260610/artifacts/full_evidence_orchestration_20260525/daily_race_ingest_shadow_20260618T121700+1000_daemon_autopilot/shadow_predictions.jsonl,0.42785596795859393
Race 1 - MURR - 2026-06-12,2026-06-12,MURR,1,5,2,Binnaway Pearl,1,True,True,0.44655572025853796,0.8061910930394544,2,False,True,0.22883969570283053,1.4747335393203678,2,1,/mnt/tenn-nvme2/tenn/offloaded-home/l4nd0/greyhound-autonomous-accuracy-odds-v1-20260610/artifacts/full_evidence_orchestration_20260525/daily_race_ingest_shadow_20260612T151711+1000_daemon_autopilot/shadow_predictions.jsonl,0.44655572025853807
Race 1 - MURR - 2026-06-19,2026-06-19,MURR,1,4,1,Stifler,2,False,True,0.3057346183471258,1.185037813621059,1,True,True,0.4502239256019957,0.7980102075369097,4,1,/mnt/tenn-nvme2/tenn/offloaded-home/l4nd0/greyhound-autonomous-accuracy-odds-v1-20260610/artifacts/full_evidence_orchestration_20260525/daily_race_ingest_shadow_20260619T150200+1000_daemon_autopilot/shadow_predictions.jsonl,0.30573461834712573
Race 1 - MURRAY-BRIDGE-STRAIGHT - 2026-06-17,2026-06-17,MURRAY-BRIDGE-STRAIGHT,1,4,8,Freya Legend,3,False,True,0.25746199127927727,1.356883176455703,1,True,True,0.49839228295819943,0.6963677952599874,5,8,/mnt/tenn-nvme2/tenn/offloaded-home/l4nd0/greyhound-autonomous-accuracy-odds-v1-20260610/artifacts/full_evidence_orchestration_20260525/daily_race_ingest_shadow_20260617T111700+1000_daemon_autopilot/shadow_predictions.jsonl,0.25746199127927727
Race 1 - RICH - 2026-06-12,2026-06-12,RICH,1,8,3,Touch Of Venom,3,False,True,0.13024027588751613,2.0383742584291973,5,False,False,0.05374284062783566,2.923544818467618,2,1,/mnt/tenn-nvme2/tenn/offloaded-home/l4nd0/greyhound-autonomous-accuracy-odds-v1-20260610/artifacts/full_evidence_orchestration_20260525/daily_race_ingest_shadow_20260612T183211+1000_daemon_autopilot/shadow_predictions.jsonl,0.1302402758875161
Race 1 - RICHMOND-STRAIGHT - 2026-06-18,2026-06-18,RICHMOND-STRAIGHT,1,6,7,Rare Earth,1,True,True,0.5841951683338481,0.5375201596312563,1,True,True,0.6158791448750491,0.4847045280817175,7,7,/mnt/tenn-nvme2/tenn/offloaded-home/l4nd0/greyhound-autonomous-accuracy-odds-v1-20260610/artifacts/full_evidence_orchestration_20260525/daily_race_ingest_shadow_20260618T113211+1000_daemon_autopilot/shadow_predictions.jsonl,0.5841951683338481
Race 1 - ROCKHAMPTON - 2026-06-10,2026-06-10,ROCKHAMPTON,1,8,3,Farmor Mystic,3,False,True,0.13007414915880067,2.0396506129857204,1,True,True,0.4399014605562607,0.8212045304323367,2,3,/mnt/tenn-nvme2/tenn/offloaded-home/l4nd0/greyhound-autonomous-accuracy-odds-v1-20260610/artifacts/full_evidence_orchestration_20260525/daily_race_ingest_shadow_20260610T182549+1000_daemon_autopilot/shadow_predictions.jsonl,0.1300741491588007
Race 1 - SAL - 2026-06-14,2026-06-14,SAL,1,8,2,Incinerate,1,True,True,0.21838194933073238,1.5215096881116108,3,False,True,0.1418576998589719,1.9529308375016952,2,7,/mnt/tenn-nvme2/tenn/offloaded-home/l4nd0/greyhound-autonomous-accuracy-odds-v1-20260610/artifacts/full_evidence_orchestration_20260525/daily_race_ingest_shadow_20260614T154710+1000_daemon_autopilot/shadow_predictions.jsonl,0.21838194933073235
Race 1 - SAL - 2026-06-17,2026-06-17,SAL,1,7,3,Kaliahas Kaos,3,False,True,0.13302044418495254,2.0172524468970923,6,False,False,0.03559275628740173,3.3356131369009985,2,4,/mnt/tenn-nvme2/tenn/offloaded-home/l4nd0/greyhound-autonomous-accuracy-odds-v1-20260610/artifacts/full_evidence_orchestration_20260525/daily_race_ingest_shadow_20260617T104711+1000_daemon_autopilot/shadow_predictions.jsonl,0.13302044418495254
Race 1 - SAN - 2026-06-11,2026-06-11,SAN,1,8,1,Refinement,2,False,True,0.18626792167842013,1.6805692025749264,1,True,True,0.5350002905474168,0.6254879890069942,2,1,/mnt/tenn-nvme2/tenn/offloaded-home/l4nd0/greyhound-autonomous-accuracy-odds-v1-20260610/artifacts/full_evidence_orchestration_20260525/daily_race_ingest_shadow_20260611T183015+1000_daemon_autopilot/shadow_predictions.jsonl,0.18626792167842016
Race 1 - SHEPPARTON - 2026-06-18,2026-06-18,SHEPPARTON,1,8,2,Shooters Project,6,False,False,0.07836294226642355,2.5464041385450678,1,True,True,0.5051792293553337,0.6828420030577748,7,2,/mnt/tenn-nvme2/tenn/offloaded-home/l4nd0/greyhound-autonomous-accuracy-odds-v1-20260610/artifacts/full_evidence_orchestration_20260525/daily_race_ingest_shadow_20260618T094700+1000_daemon_autopilot/shadow_predictions.jsonl,0.07836294226642357
Race 1 - WAR - 2026-06-15,2026-06-15,WAR,1,7,1,Lady Mia,6,False,False,0.04682871106466771,3.0612587798753212,5,False,False,0.10151067602400365,2.2875913035290876,2,7,/mnt/tenn-nvme2/tenn/offloaded-home/l4nd0/greyhound-autonomous-accuracy-odds-v1-20260610/artifacts/full_evidence_orchestration_20260525/daily_race_ingest_shadow_20260615T134700+1000_daemon_autopilot/shadow_predictions.jsonl,0.04682871106466771
Race 1 - WPK - 2026-06-20,2026-06-20,WPK,1,7,2,Good Odds Rocky,4,False,False,0.12330764056987431,2.0930729034172617,4,False,False,0.10689220802591326,2.2359343539172762,4,7,/mnt/tenn-nvme2/tenn/offloaded-home/l4nd0/greyhound-autonomous-accuracy-odds-v1-20260610/artifacts/full_evidence_orchestration_20260525/daily_race_ingest_shadow_20260620T183200+1000_daemon_autopilot/shadow_predictions.jsonl,0.1233076405698743
Race 1 - WRGL - 2026-06-18,2026-06-18,WRGL,1,8,4,Jazzmatic,3,False,True,0.14920587267919955,1.9024282308664648,1,True,True,0.5331358465424292,0.6289790157287505,8,4,/mnt/tenn-nvme2/tenn/offloaded-home/l4nd0/greyhound-autonomous-accuracy-odds-v1-20260610/artifacts/full_evidence_orchestration_20260525/daily_race_ingest_shadow_20260618T141702+1000_daemon_autopilot/shadow_predictions.jsonl,0.14920587267919952
Race 1 - WRGL - 2026-06-20,2026-06-20,WRGL,1,7,8,Manila Panda,1,True,True,0.36176809319168907,1.016751898987525,1,True,True,0.5009193595809972,0.6913101497727147,8,8,/mnt/tenn-nvme2/tenn/offloaded-home/l4nd0/greyhound-autonomous-accuracy-odds-v1-20260610/artifacts/full_evidence_orchestration_20260525/daily_race_ingest_shadow_20260620T153211+1000_daemon_autopilot/shadow_predictions.jsonl,0.36176809319168907
Race 10 - AP_K - 2026-06-11,2026-06-11,AP_K,10,4,3,Just A Nuisance,2,False,True,0.12223463877343323,2.101812812727352,1,True,True,0.4435953768268221,0.8128424455015727,1,3,/mnt/tenn-nvme2/tenn/offloaded-home/l4nd0/greyhound-autonomous-accuracy-odds-v1-20260610/artifacts/full_evidence_orchestration_20260525/daily_race_ingest_shadow_20260611T215643+1000_daemon_autopilot/shadow_predictions.jsonl,0.12223463877343323
Race 10 - BEN - 2026-06-10,2026-06-10,BEN,10,6,1,Collinda Express,3,False,True,0.18739444384776188,1.6745395582418807,1,True,True,0.5260324188097829,0.6423924354254267,8,1,/mnt/tenn-nvme2/tenn/offloaded-home/l4nd0/greyhound-autonomous-accuracy-odds-v1-20260610/artifacts/full_evidence_orchestration_20260525/daily_race_ingest_shadow_20260610T165000_daemon_autonomous_stage2_daemon_autopilot/shadow_predictions.jsonl,0.18739444384776188
Race 10 - CANN - 2026-06-13,2026-06-13,CANN,10,5,6,Black Tiger,3,False,True,0.1996954361206539,1.6109618924987632,3,False,True,0.14448053085154325,1.9346105150985669,1,2,/mnt/tenn-nvme2/tenn/offloaded-home/l4nd0/greyhound-autonomous-accuracy-odds-v1-20260610/artifacts/full_evidence_orchestration_20260525/daily_race_ingest_shadow_20260613T230211+1000_daemon_autopilot/shadow_predictions.jsonl,0.19969543612065388
Race 10 - CAPALABA - 2026-06-14,2026-06-14,CAPALABA,10,8,2,In Absentia,3,False,True,0.14000458842943042,1.9660800824139733,5,False,False,0.06694203588614553,2.703928170065003,1,8,/mnt/tenn-nvme2/tenn/offloaded-home/l4nd0/greyhound-autonomous-accuracy-odds-v1-20260610/artifacts/full_evidence_orchestration_20260525/daily_race_ingest_shadow_20260614T141700+1000_daemon_autopilot/shadow_predictions.jsonl,0.14000458842943042
Race 10 - CAPALABA - 2026-06-17,2026-06-17,CAPALABA,10,7,4,Sheriff,4,False,False,0.12933230753250582,2.0453701595081246,1,True,True,0.6312746242258381,0.46001429047879094,6,4,/mnt/tenn-nvme2/tenn/offloaded-home/l4nd0/greyhound-autonomous-accuracy-odds-v1-20260610/artifacts/full_evidence_orchestration_20260525/daily_race_ingest_shadow_20260617T141700+1000_daemon_autopilot/shadow_predictions.jsonl,0.12933230753250582
Race 10 - CASO - 2026-06-11,2026-06-11,CASO,10,8,7,Versification,7,False,False,0.04657101072680493,3.066777018834813,2,False,True,0.12798402568899508,2.055849822155327,4,1,/mnt/tenn-nvme2/tenn/offloaded-home/l4nd0/greyhound-autonomous-accuracy-odds-v1-20260610/artifacts/full_evidence_orchestration_20260525/daily_race_ingest_shadow_20260611T174319+1000_daemon_autopilot/shadow_predictions.jsonl,0.04657101072680493
Race 10 - GEE - 2026-06-13,2026-06-13,GEE,10,6,4,Missy Who,4,False,False,0.09797667370332928,2.3230258520790543,4,False,False,0.08360280207193757,2.4816782418462746,1,1,/mnt/tenn-nvme2/tenn/offloaded-home/l4nd0/greyhound-autonomous-accuracy-odds-v1-20260610/artifacts/full_evidence_orchestration_20260525/daily_race_ingest_shadow_20260613T191711+1000_daemon_autopilot/shadow_predictions.jsonl,0.09797667370332927
Race 10 - GEE - 2026-06-16,2026-06-16,GEE,10,7,6,Spring Espresso,6,False,False,0.10246290911582195,2.2782544081762937,1,True,True,0.3940833193942097,0.9311929214972674,2,6,/mnt/tenn-nvme2/tenn/offloaded-home/l4nd0/greyhound-autonomous-accuracy-odds-v1-20260610/artifacts/full_evidence_orchestration_20260525/daily_race_ingest_shadow_20260616T171700+1000_daemon_autopilot/shadow_predictions.jsonl,0.10246290911582198
Race 10 - GRDN - 2026-06-12,2026-06-12,GRDN,10,7,5,Poker Nismo,5,False,False,0.06091435518621703,2.798286414699789,1,True,True,0.48039574788380357,0.7331450400148904,8,5,/mnt/tenn-nvme2/tenn/offloaded-home/l4nd0/greyhound-autonomous-accuracy-odds-v1-20260610/artifacts/full_evidence_orchestration_20260525/daily_race_ingest_shadow_20260612T174522+1000_daemon_autopilot/shadow_predictions.jsonl,0.06091435518621703
Race 10 - HEA - 2026-06-14,2026-06-14,HEA,10,8,4,Sonias Beauty,7,False,False,0.06861100916721015,2.679302273639366,3,False,True,0.11317439327725524,2.178825346599996,1,2,/mnt/tenn-nvme2/tenn/offloaded-home/l4nd0/greyhound-autonomous-accuracy-odds-v1-20260610/artifacts/full_evidence_orchestration_20260525/daily_race_ingest_shadow_20260614T133200+1000_daemon_autopilot/shadow_predictions.jsonl,0.06861100916721015
Race 10 - HEA - 2026-06-16,2026-06-16,HEA,10,7,2,Devon Daisies,1,True,True,0.30751057969217954,1.1792457868243973,1,True,True,0.6065828019989661,0.4999140355984655,2,2,/mnt/tenn-nvme2/tenn/offloaded-home/l4nd0/greyhound-autonomous-accuracy-odds-v1-20260610/artifacts/full_evidence_orchestration_20260525/daily_race_ingest_shadow_20260616T134711+1000_daemon_autopilot/shadow_predictions.jsonl,0.30751057969217954
Race 10 - HOBT - 2026-06-11,2026-06-11,HOBT,10,6,5,If Ever,5,False,False,0.07441818470554934,2.598054948922984,1,True,True,0.645386394829257,0.4379060798014386,4,5,/mnt/tenn-nvme2/tenn/offloaded-home/l4nd0/greyhound-autonomous-accuracy-odds-v1-20260610/artifacts/full_evidence_orchestration_20260525/daily_race_ingest_shadow_20260611T212656+1000_daemon_autopilot/shadow_predictions.jsonl,0.07441818470554935
Race 10 - HOBT - 2026-06-16,2026-06-16,HOBT,10,8,2,Two Girls,1,True,True,0.4068829203096999,0.8992298000098121,1,True,True,0.5262254761768574,0.6420254961605174,2,2,/mnt/tenn-nvme2/tenn/offloaded-home/l4nd0/greyhound-autonomous-accuracy-odds-v1-20260610/artifacts/full_evidence_orchestration_20260525/daily_race_ingest_shadow_20260616T141700+1000_daemon_autopilot/shadow_predictions.jsonl,0.40688292030969986
Race 10 - LADBROKES-Q1-LAKESIDE - 2026-06-13,2026-06-13,LADBROKES-Q1-LAKESIDE,10,7,8,Ritza Law,2,False,True,0.16504642977744433,1.8015284520744543,2,False,True,0.25646960591773943,1.3607451168398625,1,7,/mnt/tenn-nvme2/tenn/offloaded-home/l4nd0/greyhound-autonomous-accuracy-odds-v1-20260610/artifacts/full_evidence_orchestration_20260525/daily_race_ingest_shadow_20260613T191711+1000_daemon_autopilot/shadow_predictions.jsonl,0.16504642977744435
Race 10 - MAND - 2026-06-11,2026-06-11,MAND,10,8,1,Jonah Takalua,4,False,False,0.12969419632467857,2.0425759355793502,1,True,True,0.4332868349876876,0.8363553338326584,7,1,/mnt/tenn-nvme2/tenn/offloaded-home/l4nd0/greyhound-autonomous-accuracy-odds-v1-20260610/artifacts/full_evidence_orchestration_20260525/daily_race_ingest_shadow_20260611T215643+1000_daemon_autopilot/shadow_predictions.jsonl,0.12969419632467855
Race 10 - MAND - 2026-06-12,2026-06-12,MAND,10,5,6,Rapido Kuna,3,False,True,0.1247066788654845,2.0817908682638073,1,True,True,0.50795607392948,0.6773603037850398,1,6,/mnt/tenn-nvme2/tenn/offloaded-home/l4nd0/greyhound-autonomous-accuracy-odds-v1-20260610/artifacts/full_evidence_orchestration_20260525/daily_race_ingest_shadow_20260612T230211+1000_daemon_autopilot/shadow_predictions.jsonl,0.12470667886548449
Race 10 - MOUNT - 2026-06-14,2026-06-14,MOUNT,10,6,4,Linda Lou,5,False,False,0.08926016390842975,2.4161999834794305,3,False,True,0.13793693578060154,1.980958685372449,1,1,/mnt/tenn-nvme2/tenn/offloaded-home/l4nd0/greyhound-autonomous-accuracy-odds-v1-20260610/artifacts/full_evidence_orchestration_20260525/daily_race_ingest_shadow_20260614T144700+1000_daemon_autopilot/shadow_predictions.jsonl,0.08926016390842975
Race 10 - NOWRA - 2026-06-11,2026-06-11,NOWRA,10,7,2,Towering Luke,3,False,True,0.21091053099056545,1.5563212591709539,2,False,True,0.21332704328340607,1.544928876340243,6,3,/mnt/tenn-nvme2/tenn/offloaded-home/l4nd0/greyhound-autonomous-accuracy-odds-v1-20260610/artifacts/full_evidence_orchestration_20260525/daily_race_ingest_shadow_20260611T205925+1000_daemon_autopilot/shadow_predictions.jsonl,0.21091053099056545
Race 10 - RICHMOND-STRAIGHT - 2026-06-18,2026-06-18,RICHMOND-STRAIGHT,10,7,7,Levi Design,3,False,True,0.14803729768749085,1.910291025565596,1,True,True,0.5516075419794831,0.5949184602422448,4,7,/mnt/tenn-nvme2/tenn/offloaded-home/l4nd0/greyhound-autonomous-accuracy-odds-v1-20260610/artifacts/full_evidence_orchestration_20260525/daily_race_ingest_shadow_20260618T144702+1000_daemon_autopilot/shadow_predictions.jsonl,0.14803729768749083
Race 10 - SAL - 2026-06-17,2026-06-17,SAL,10,6,7,Select Ronan,6,False,False,0.07931779512357809,2.5342927729486355,2,False,True,0.15380784307765333,1.8720512279074721,4,2,/mnt/tenn-nvme2/tenn/offloaded-home/l4nd0/greyhound-autonomous-accuracy-odds-v1-20260610/artifacts/full_evidence_orchestration_20260525/daily_race_ingest_shadow_20260617T134706+1000_daemon_autopilot/shadow_predictions.jsonl,0.07931779512357807
Race 10 - SHEPPARTON - 2026-06-15,2026-06-15,SHEPPARTON,10,8,7,Faye Valentine,2,False,True,0.13213784912832285,2.0239095897315584,4,False,False,0.09311561043054117,2.3739134349573607,5,4,/mnt/tenn-nvme2/tenn/offloaded-home/l4nd0/greyhound-autonomous-accuracy-odds-v1-20260610/artifacts/full_evidence_orchestration_20260525/daily_race_ingest_shadow_20260615T121700+1000_daemon_autopilot/shadow_predictions.jsonl,0.13213784912832288
Race 10 - TAREE - 2026-06-13,2026-06-13,TAREE,10,8,7,Dolly Dawn,3,False,True,0.15118813840854714,1.8892302679929625,2,False,True,0.1839611195281265,1.6930308506139586,2,1,/mnt/tenn-nvme2/tenn/offloaded-home/l4nd0/greyhound-autonomous-accuracy-odds-v1-20260610/artifacts/full_evidence_orchestration_20260525/daily_race_ingest_shadow_20260613T080200+1000_daemon_autopilot/shadow_predictions.jsonl,0.1511881384085471
Race 10 - TAREE - 2026-06-20,2026-06-20,TAREE,10,8,4,Midweek Scotches,5,False,False,0.08327830144597591,2.485567250584957,3,False,True,0.15019074834015253,1.8958491371540331,2,8,/mnt/tenn-nvme2/tenn/offloaded-home/l4nd0/greyhound-autonomous-accuracy-odds-v1-20260610/artifacts/full_evidence_orchestration_20260525/daily_race_ingest_shadow_20260620T091711+1000_daemon_autopilot/shadow_predictions.jsonl,0.0832783014459759
Race 10 - TEMORA - 2026-06-17,2026-06-17,TEMORA,10,8,8,Thurkettle,2,False,True,0.17781602584811207,1.7270058258353052,2,False,True,0.19177626800704345,1.6514258572069036,2,2,/mnt/tenn-nvme2/tenn/offloaded-home/l4nd0/greyhound-autonomous-accuracy-odds-v1-20260610/artifacts/full_evidence_orchestration_20260525/daily_race_ingest_shadow_20260617T144700+1000_daemon_autopilot/shadow_predictions.jsonl,0.17781602584811204
Race 10 - TOWNSVILLE - 2026-06-12,2026-06-12,TOWNSVILLE,10,7,2,Shian Mikey,1,True,True,0.308700720920316,1.175383012133971,1,True,True,0.4222978146283214,0.8620444919826445,2,2,/mnt/tenn-nvme2/tenn/offloaded-home/l4nd0/greyhound-autonomous-accuracy-odds-v1-20260610/artifacts/full_evidence_orchestration_20260525/daily_race_ingest_shadow_20260612T140457+1000_daemon_autopilot/shadow_predictions.jsonl,0.308700720920316
Race 10 - TOWNSVILLE - 2026-06-19,2026-06-19,TOWNSVILLE,10,8,5,Emmy Panama,1,True,True,0.25658759034185297,1.3602851898490573,4,False,False,0.1196737146327042,2.1229862842441833,5,6,/mnt/tenn-nvme2/tenn/offloaded-home/l4nd0/greyhound-autonomous-accuracy-odds-v1-20260610/artifacts/full_evidence_orchestration_20260525/daily_race_ingest_shadow_20260619T144709+1000_daemon_autopilot/shadow_predictions.jsonl,0.2565875903418529
Race 10 - TRA - 2026-06-12,2026-06-12,TRA,10,8,1,Zipping Arvada,2,False,True,0.15158905825182017,1.8865819834985347,1,True,True,0.4995611869656289,0.6940251919679181,7,1,/mnt/tenn-nvme2/tenn/offloaded-home/l4nd0/greyhound-autonomous-accuracy-odds-v1-20260610/artifacts/full_evidence_orchestration_20260525/daily_race_ingest_shadow_20260612T215021+1000_daemon_autopilot/shadow_predictions.jsonl,0.1515890582518202
Race 10 - WAGGA - 2026-06-12,2026-06-12,WAGGA,10,8,4,Dynamic Jenalli,8,False,False,0.08152365209205027,2.5068620911196065,3,False,True,0.10748682031991966,2.2303870406057853,7,7,/mnt/tenn-nvme2/tenn/offloaded-home/l4nd0/greyhound-autonomous-accuracy-odds-v1-20260610/artifacts/full_evidence_orchestration_20260525/daily_race_ingest_shadow_20260612T213638+1000_daemon_autopilot/shadow_predictions.jsonl,0.08152365209205026
Race 10 - WAR - 2026-06-15,2026-06-15,WAR,10,8,7,Fire Up Mark,4,False,False,0.11614518257832991,2.152914296490439,1,True,True,0.47823228016871766,0.7376587227465896,1,7,/mnt/tenn-nvme2/tenn/offloaded-home/l4nd0/greyhound-autonomous-accuracy-odds-v1-20260610/artifacts/full_evidence_orchestration_20260525/daily_race_ingest_shadow_20260615T164700+1000_daemon_autopilot/shadow_predictions.jsonl,0.1161451825783299
Race 10 - WPK - 2026-06-11,2026-06-11,WPK,10,6,1,Sammy Ethan,1,True,True,0.36326189977845147,1.0126312178709267,1,True,True,0.548730299058013,0.6001482167260445,1,1,/mnt/tenn-nvme2/tenn/offloaded-home/l4nd0/greyhound-autonomous-accuracy-odds-v1-20260610/artifacts/full_evidence_orchestration_20260525/daily_race_ingest_shadow_20260611T215643+1000_daemon_autopilot/shadow_predictions.jsonl,0.36326189977845147
Race 11 - AP_K - 2026-06-11,2026-06-11,AP_K,11,7,2,Flying Artie,3,False,True,0.15569623253659406,1.8598483973739584,1,True,True,0.5612259831351747,0.5776316325826025,1,2,/mnt/tenn-nvme2/tenn/offloaded-home/l4nd0/greyhound-autonomous-accuracy-odds-v1-20260610/artifacts/full_evidence_orchestration_20260525/daily_race_ingest_shadow_20260611T215643+1000_daemon_autopilot/shadow_predictions.jsonl,0.15569623253659406
Race 11 - BEN - 2026-06-12,2026-06-12,BEN,11,8,6,Flaming Smooth,6,False,False,0.05813781537944088,2.844938959730387,1,True,True,0.44760340242743046,0.8038477010821266,3,6,/mnt/tenn-nvme2/tenn/offloaded-home/l4nd0/greyhound-autonomous-accuracy-odds-v1-20260610/artifacts/full_evidence_orchestration_20260525/daily_race_ingest_shadow_20260612T215021+1000_daemon_autopilot/shadow_predictions.jsonl,0.05813781537944088
Race 11 - CAPALABA - 2026-06-14,2026-06-14,CAPALABA,11,8,8,Janes Jet,3,False,True,0.16249017356784395,1.8171377493924799,1,True,True,0.5228719800931443,0.6484186248173391,6,8,/mnt/tenn-nvme2/tenn/offloaded-home/l4nd0/greyhound-autonomous-accuracy-odds-v1-20260610/artifacts/full_evidence_orchestration_20260525/daily_race_ingest_shadow_20260614T143200+1000_daemon_autopilot/shadow_predictions.jsonl,0.16249017356784395
Race 11 - CAPALABA - 2026-06-17,2026-06-17,CAPALABA,11,8,7,Blue Lakoda,1,True,True,0.25765268614588693,1.3561427787008797,1,True,True,0.5929964878813528,0.5225668026303605,7,7,/mnt/tenn-nvme2/tenn/offloaded-home/l4nd0/greyhound-autonomous-accuracy-odds-v1-20260610/artifacts/full_evidence_orchestration_20260525/daily_race_ingest_shadow_20260617T144700+1000_daemon_autopilot/shadow_predictions.jsonl,0.25765268614588693
Race 11 - CASO - 2026-06-11,2026-06-11,CASO,11,8,7,Misty Bonus,2,False,True,0.1851739015304234,1.686459887162356,5,False,False,0.08364488942399087,2.481174948167716,1,3,/mnt/tenn-nvme2/tenn/offloaded-home/l4nd0/greyhound-autonomous-accuracy-odds-v1-20260610/artifacts/full_evidence_orchestration_20260525/daily_race_ingest_shadow_20260611T181416+1000_daemon_autopilot/shadow_predictions.jsonl,0.18517390153042337
Race 11 - DUBBO - 2026-06-13,2026-06-13,DUBBO,11,8,3,Always Brave,8,False,False,0.04908428385893503,3.014216379758997,4,False,False,0.0740452065471551,2.6030794730150957,1,7,/mnt/tenn-nvme2/tenn/offloaded-home/l4nd0/greyhound-autonomous-accuracy-odds-v1-20260610/artifacts/full_evidence_orchestration_20260525/daily_race_ingest_shadow_20260613T193731+1000_daemon_autopilot/shadow_predictions.jsonl,0.04908428385893501
Race 11 - GEE - 2026-06-13,2026-06-13,GEE,11,8,8,Jumping Oreo,7,False,False,0.034884802036628526,3.355704016348947,2,False,True,0.20760677530952523,1.5721094918572296,6,5,/mnt/tenn-nvme2/tenn/offloaded-home/l4nd0/greyhound-autonomous-accuracy-odds-v1-20260610/artifacts/full_evidence_orchestration_20260525/daily_race_ingest_shadow_20260613T193731+1000_daemon_autopilot/shadow_predictions.jsonl,0.03488480203662852
Race 11 - GRDN - 2026-06-12,2026-06-12,GRDN,11,7,7,Early Concrete,3,False,True,0.1119391916668168,2.1897994866740222,4,False,False,0.1306094994799807,2.035543327572313,1,4,/mnt/tenn-nvme2/tenn/offloaded-home/l4nd0/greyhound-autonomous-accuracy-odds-v1-20260610/artifacts/full_evidence_orchestration_20260525/daily_race_ingest_shadow_20260612T180234+1000_daemon_autopilot/shadow_predictions.jsonl,0.11193919166681678
Race 11 - GUNNEDAH - 2026-06-10,2026-06-10,GUNNEDAH,11,7,7,Motor City Bomb,7,False,False,0.08192453594834344,2.50195674876065,3,False,True,0.12724528953423592,2.0616386416493504,2,2,/mnt/tenn-nvme2/tenn/offloaded-home/l4nd0/greyhound-autonomous-accuracy-odds-v1-20260610/artifacts/full_evidence_orchestration_20260525/daily_race_ingest_shadow_20260610T175349+1000_daemon_autopilot/shadow_predictions.jsonl,0.08192453594834344
Race 11 - HEA - 2026-06-16,2026-06-16,HEA,11,7,7,Mr. Otto,4,False,False,0.1441914490666429,1.9366133550113058,1,True,True,0.4809189006808877,0.732056628744947,3,7,/mnt/tenn-nvme2/tenn/offloaded-home/l4nd0/greyhound-autonomous-accuracy-odds-v1-20260610/artifacts/full_evidence_orchestration_20260525/daily_race_ingest_shadow_20260616T134711+1000_daemon_autopilot/shadow_predictions.jsonl,0.1441914490666429
Race 11 - HEA - 2026-06-19,2026-06-19,HEA,11,8,3,Path To Nirvana,4,False,False,0.14355426381473066,1.941042170210894,7,False,False,0.0259386838334936,3.652019840259527,1,7,/mnt/tenn-nvme2/tenn/offloaded-home/l4nd0/greyhound-autonomous-accuracy-odds-v1-20260610/artifacts/full_evidence_orchestration_20260525/daily_race_ingest_shadow_20260619T134709+1000_daemon_autopilot/shadow_predictions.jsonl,0.14355426381473063
Race 11 - HOBT - 2026-06-11,2026-06-11,HOBT,11,7,1,Bedale,7,False,False,0.08155449032591279,2.506483889188031,1,True,True,0.43109634181174716,0.841423682971971,3,1,/mnt/tenn-nvme2/tenn/offloaded-home/l4nd0/greyhound-autonomous-accuracy-odds-v1-20260610/artifacts/full_evidence_orchestration_20260525/daily_race_ingest_shadow_20260611T215643+1000_daemon_autopilot/shadow_predictions.jsonl,0.08155449032591279
Race 11 - LADBROKES-Q1-LAKESIDE - 2026-06-10,2026-06-10,LADBROKES-Q1-LAKESIDE,11,8,7,Heatley Hayze,4,False,False,0.13798568601085645,1.9806053237637076,2,False,True,0.24981254153879168,1.387044476230732,1,2,/mnt/tenn-nvme2/tenn/offloaded-home/l4nd0/greyhound-autonomous-accuracy-odds-v1-20260610/artifacts/full_evidence_orchestration_20260525/daily_race_ingest_shadow_20260610T175349+1000_daemon_autopilot/shadow_predictions.jsonl,0.13798568601085645
Race 11 - LADBROKES-Q1-LAKESIDE - 2026-06-13,2026-06-13,LADBROKES-Q1-LAKESIDE,11,8,4,Typhoon Saskia,7,False,False,0.06530047354197381,2.7287559909347165,1,True,True,0.49518815612081185,0.7028174752628565,8,4,/mnt/tenn-nvme2/tenn/offloaded-home/l4nd0/greyhound-autonomous-accuracy-odds-v1-20260610/artifacts/full_evidence_orchestration_20260525/daily_race_ingest_shadow_20260613T193731+1000_daemon_autopilot/shadow_predictions.jsonl,0.06530047354197382
Race 11 - MAND - 2026-06-12,2026-06-12,MAND,11,6,5,Rigatoni Monelli,6,False,False,0.04665766898735519,3.064917971044499,1,True,True,0.4230290691098291,0.860314380997227,2,5,/mnt/tenn-nvme2/tenn/offloaded-home/l4nd0/greyhound-autonomous-accuracy-odds-v1-20260610/artifacts/full_evidence_orchestration_20260525/daily_race_ingest_shadow_20260612T233202+1000_daemon_autopilot/shadow_predictions.jsonl,0.04665766898735519
Race 11 - MOUNT - 2026-06-14,2026-06-14,MOUNT,11,6,7,Lady Tsunade,5,False,False,0.1137823529678146,2.1734678398961864,1,True,True,0.5926071637140717,0.5232235552993506,2,7,/mnt/tenn-nvme2/tenn/offloaded-home/l4nd0/greyhound-autonomous-accuracy-odds-v1-20260610/artifacts/full_evidence_orchestration_20260525/daily_race_ingest_shadow_20260614T144700+1000_daemon_autopilot/shadow_predictions.jsonl,0.1137823529678146
Race 11 - SAN - 2026-06-11,2026-06-11,SAN,11,8,1,Par Excellence,2,False,True,0.1633689854155655,1.8117439223102803,1,True,True,0.49624282074215786,0.7006899141037068,2,1,/mnt/tenn-nvme2/tenn/offloaded-home/l4nd0/greyhound-autonomous-accuracy-odds-v1-20260610/artifacts/full_evidence_orchestration_20260525/daily_race_ingest_shadow_20260611T215643+1000_daemon_autopilot/shadow_predictions.jsonl,0.16336898541556547
Race 11 - SHEPPARTON - 2026-06-15,2026-06-15,SHEPPARTON,11,8,3,Scott Greyscale,3,False,True,0.12349178250053054,2.091580663585129,3,False,True,0.09074049267845559,2.3997515751990623,1,8,/mnt/tenn-nvme2/tenn/offloaded-home/l4nd0/greyhound-autonomous-accuracy-odds-v1-20260610/artifacts/full_evidence_orchestration_20260525/daily_race_ingest_shadow_20260615T123200+1000_daemon_autopilot/shadow_predictions.jsonl,0.12349178250053054
Race 11 - TAREE - 2026-06-13,2026-06-13,TAREE,11,7,6,Squid Worth,2,False,True,0.23075735709571124,1.466388522702408,3,False,True,0.12972617179182258,2.04232942087784,7,1,/mnt/tenn-nvme2/tenn/offloaded-home/l4nd0/greyhound-autonomous-accuracy-odds-v1-20260610/artifacts/full_evidence_orchestration_20260525/daily_race_ingest_shadow_20260613T101711+1000_daemon_autopilot/shadow_predictions.jsonl,0.23075735709571119
Race 11 - TAREE - 2026-06-20,2026-06-20,TAREE,11,8,8,Jake Peralta,1,True,True,0.2802239530194016,1.2721661632960655,2,False,True,0.14937028686636167,1.9013269091532332,8,1,/mnt/tenn-nvme2/tenn/offloaded-home/l4nd0/greyhound-autonomous-accuracy-odds-v1-20260610/artifacts/full_evidence_orchestration_20260525/daily_race_ingest_shadow_20260620T101711+1000_daemon_autopilot/shadow_predictions.jsonl,0.2802239530194016
Race 11 - TEMORA - 2026-06-17,2026-06-17,TEMORA,11,8,2,Tiggerlong Socks,1,True,True,0.324528562744341,1.1253817259278007,2,False,True,0.1747908116253256,1.744165382214802,2,1,/mnt/tenn-nvme2/tenn/offloaded-home/l4nd0/greyhound-autonomous-accuracy-odds-v1-20260610/artifacts/full_evidence_orchestration_20260525/daily_race_ingest_shadow_20260617T144700+1000_daemon_autopilot/shadow_predictions.jsonl,0.32452856274434105
Race 11 - TOWNSVILLE - 2026-06-12,2026-06-12,TOWNSVILLE,11,8,1,Peppimenarti,1,True,True,0.2167419647884957,1.5290477353419978,3,False,True,0.10163339382940108,2.286383118417765,1,4,/mnt/tenn-nvme2/tenn/offloaded-home/l4nd0/greyhound-autonomous-accuracy-odds-v1-20260610/artifacts/full_evidence_orchestration_20260525/daily_race_ingest_shadow_20260612T142126+1000_daemon_autopilot/shadow_predictions.jsonl,0.2167419647884957
Race 11 - TOWNSVILLE - 2026-06-19,2026-06-19,TOWNSVILLE,11,8,1,Haras Suzuki,1,True,True,0.3414629863155484,1.0745159914514442,2,False,True,0.22393860597762494,1.4963833451510415,1,7,/mnt/tenn-nvme2/tenn/offloaded-home/l4nd0/greyhound-autonomous-accuracy-odds-v1-20260610/artifacts/full_evidence_orchestration_20260525/daily_race_ingest_shadow_20260619T150200+1000_daemon_autopilot/shadow_predictions.jsonl,0.34146298631554833
Race 11 - TRA - 2026-06-12,2026-06-12,TRA,11,8,7,Sarsaparilla Kid,5,False,False,0.12309462309589739,2.0948019259016832,2,False,True,0.16024557279342747,1.8310478104370744,8,4,/mnt/tenn-nvme2/tenn/offloaded-home/l4nd0/greyhound-autonomous-accuracy-odds-v1-20260610/artifacts/full_evidence_orchestration_20260525/daily_race_ingest_shadow_20260612T220746+1000_daemon_autopilot/shadow_predictions.jsonl,0.12309462309589739
Race 11 - WAGGA - 2026-06-12,2026-06-12,WAGGA,11,8,5,Chattahooche,6,False,False,0.08193653907906805,2.5018102450135697,2,False,True,0.1345231629460688,2.006018879555173,1,1,/mnt/tenn-nvme2/tenn/offloaded-home/l4nd0/greyhound-autonomous-accuracy-odds-v1-20260610/artifacts/full_evidence_orchestration_20260525/daily_race_ingest_shadow_20260612T215021+1000_daemon_autopilot/shadow_predictions.jsonl,0.08193653907906805
Race 11 - WRGL - 2026-06-11,2026-06-11,WRGL,11,6,3,Whatever Thrill,4,False,False,0.15936057502154932,1.8365858768344039,1,True,True,0.4843904427659596,0.7248639975433402,1,3,/mnt/tenn-nvme2/tenn/offloaded-home/l4nd0/greyhound-autonomous-accuracy-odds-v1-20260610/artifacts/full_evidence_orchestration_20260525/daily_race_ingest_shadow_20260611T171233+1000_daemon_autopilot/shadow_predictions.jsonl,0.15936057502154932
Race 12 - AP_K - 2026-06-11,2026-06-11,AP_K,12,6,7,Black Ninja,5,False,False,0.13508906314513908,2.0018209910668694,4,False,False,0.12973082504006359,2.0422935517488643,1,4,/mnt/tenn-nvme2/tenn/offloaded-home/l4nd0/greyhound-autonomous-accuracy-odds-v1-20260610/artifacts/full_evidence_orchestration_20260525/daily_race_ingest_shadow_20260611T223127+1000_daemon_autopilot/shadow_predictions.jsonl,0.1350890631451391
Race 12 - AP_K - 2026-06-18,2026-06-18,AP_K,12,6,1,No Ear Trindall,3,False,True,0.15094855358947795,1.8908162049256911,1,True,True,0.53749384374981,0.6208379725346365,8,1,/mnt/tenn-nvme2/tenn/offloaded-home/l4nd0/greyhound-autonomous-accuracy-odds-v1-20260610/artifacts/full_evidence_orchestration_20260525/daily_race_ingest_shadow_20260618T224700+1000_daemon_autopilot/shadow_predictions.jsonl,0.15094855358947795
Race 12 - CAPALABA - 2026-06-14,2026-06-14,CAPALABA,12,8,6,Bogie Pride,6,False,False,0.09003580459509129,2.4075478589304335,3,False,True,0.08123288231206313,2.510435159204424,8,8,/mnt/tenn-nvme2/tenn/offloaded-home/l4nd0/greyhound-autonomous-accuracy-odds-v1-20260610/artifacts/full_evidence_orchestration_20260525/daily_race_ingest_shadow_20260614T144700+1000_daemon_autopilot/shadow_predictions.jsonl,0.09003580459509129
Race 12 - CAPALABA - 2026-06-17,2026-06-17,CAPALABA,12,8,6,Aliir,2,False,True,0.26855996208392746,1.3146810674932412,1,True,True,0.5451967375759348,0.6066085630809376,2,6,/mnt/tenn-nvme2/tenn/offloaded-home/l4nd0/greyhound-autonomous-accuracy-odds-v1-20260610/artifacts/full_evidence_orchestration_20260525/daily_race_ingest_shadow_20260617T144700+1000_daemon_autopilot/shadow_predictions.jsonl,0.2685599620839274
Race 12 - CASO - 2026-06-11,2026-06-11,CASO,12,8,7,Little Dulcie,4,False,False,0.09797755869075896,2.323016819485894,2,False,True,0.12353848879054177,2.091202521341074,3,3,/mnt/tenn-nvme2/tenn/offloaded-home/l4nd0/greyhound-autonomous-accuracy-odds-v1-20260610/artifacts/full_evidence_orchestration_20260525/daily_race_ingest_shadow_20260611T183015+1000_daemon_autopilot/shadow_predictions.jsonl,0.09797755869075893
Race 12 - DUBBO - 2026-06-13,2026-06-13,DUBBO,12,8,4,Hot To Test,8,False,False,0.06735063252635864,2.697842984538705,5,False,False,0.05921759486516042,2.826536570690344,1,8,/mnt/tenn-nvme2/tenn/offloaded-home/l4nd0/greyhound-autonomous-accuracy-odds-v1-20260610/artifacts/full_evidence_orchestration_20260525/daily_race_ingest_shadow_20260613T195408+1000_daemon_autopilot/shadow_predictions.jsonl,0.06735063252635864
Race 12 - GEE - 2026-06-12,2026-06-12,GEE,12,8,2,Paw Vancouver,1,True,True,0.48406416102972294,0.7255378169403528,7,False,False,0.0359524971530828,3.325556735389257,2,1,/mnt/tenn-nvme2/tenn/offloaded-home/l4nd0/greyhound-autonomous-accuracy-odds-v1-20260610/artifacts/full_evidence_orchestration_20260525/daily_race_ingest_shadow_20260612T180234+1000_daemon_autopilot/shadow_predictions.jsonl,0.4840641610297229
Race 12 - GEE - 2026-06-13,2026-06-13,GEE,12,8,7,Paw Oppa,3,False,True,0.16434467783414478,1.8057893625167596,4,False,False,0.10210037300703709,2.28179890046817,2,8,/mnt/tenn-nvme2/tenn/offloaded-home/l4nd0/greyhound-autonomous-accuracy-odds-v1-20260610/artifacts/full_evidence_orchestration_20260525/daily_race_ingest_shadow_20260613T195408+1000_daemon_autopilot/shadow_predictions.jsonl,0.16434467783414475
Race 12 - GRDN - 2026-06-12,2026-06-12,GRDN,12,7,6,Extreme Blue,4,False,False,0.13304843699036126,2.017042029163246,1,True,True,0.5622911068877384,0.5757355794097275,1,6,/mnt/tenn-nvme2/tenn/offloaded-home/l4nd0/greyhound-autonomous-accuracy-odds-v1-20260610/artifacts/full_evidence_orchestration_20260525/daily_race_ingest_shadow_20260612T180234+1000_daemon_autopilot/shadow_predictions.jsonl,0.13304843699036123
Race 12 - HEA - 2026-06-19,2026-06-19,HEA,12,7,7,In The Clouds,2,False,True,0.16900179191804163,1.7778459610499406,2,False,True,0.15310080330984477,1.8766587293705088,1,8,/mnt/tenn-nvme2/tenn/offloaded-home/l4nd0/greyhound-autonomous-accuracy-odds-v1-20260610/artifacts/full_evidence_orchestration_20260525/daily_race_ingest_shadow_20260619T140205+1000_daemon_autopilot/shadow_predictions.jsonl,0.1690017919180416
Race 12 - HEA - 2026-06-21,2026-06-21,HEA,12,8,4,Aston Rennes,7,False,False,0.08508416877748076,2.4641142915255996,3,False,True,0.07821748206641287,2.5482621005792723,2,2,/mnt/tenn-nvme2/tenn/offloaded-home/l4nd0/greyhound-autonomous-accuracy-odds-v1-20260610/artifacts/full_evidence_orchestration_20260525/daily_race_ingest_shadow_20260621T134711+1000_daemon_autopilot/shadow_predictions.jsonl,0.08508416877748076
Race 12 - HOBT - 2026-06-11,2026-06-11,HOBT,12,8,6,Trick,1,True,True,0.28914029948383935,1.2408432433278755,1,True,True,0.34537189311700606,1.0631334914590582,6,6,/mnt/tenn-nvme2/tenn/offloaded-home/l4nd0/greyhound-autonomous-accuracy-odds-v1-20260610/artifacts/full_evidence_orchestration_20260525/daily_race_ingest_shadow_20260611T215643+1000_daemon_autopilot/shadow_predictions.jsonl,0.28914029948383935
Race 12 - LADBROKES-Q1-LAKESIDE - 2026-06-10,2026-06-10,LADBROKES-Q1-LAKESIDE,12,8,5,Velocity Commit,7,False,False,0.06010558824970463,2.8116524592393786,2,False,True,0.24418004245230665,1.4098494468848344,6,2,/mnt/tenn-nvme2/tenn/offloaded-home/l4nd0/greyhound-autonomous-accuracy-odds-v1-20260610/artifacts/full_evidence_orchestration_20260525/daily_race_ingest_shadow_20260610T180949+1000_daemon_autopilot/shadow_predictions.jsonl,0.06010558824970463
Race 12 - LADBROKES-Q1-LAKESIDE - 2026-06-13,2026-06-13,LADBROKES-Q1-LAKESIDE,12,8,7,Tusken Warrior,3,False,True,0.15556282476557304,1.8607056111710218,2,False,True,0.15927716494850336,1.8371094185527137,1,6,/mnt/tenn-nvme2/tenn/offloaded-home/l4nd0/greyhound-autonomous-accuracy-odds-v1-20260610/artifacts/full_evidence_orchestration_20260525/daily_race_ingest_shadow_20260613T195408+1000_daemon_autopilot/shadow_predictions.jsonl,0.15556282476557304
Race 12 - MOUNT - 2026-06-14,2026-06-14,MOUNT,12,5,8,Trust Deed,3,False,True,0.14635148692018812,1.9217441058672378,2,False,True,0.27865881979074997,1.2777671136076414,1,6,/mnt/tenn-nvme2/tenn/offloaded-home/l4nd0/greyhound-autonomous-accuracy-odds-v1-20260610/artifacts/full_evidence_orchestration_20260525/daily_race_ingest_shadow_20260614T151700+1000_daemon_autopilot/shadow_predictions.jsonl,0.14635148692018812
Race 12 - RICH - 2026-06-12,2026-06-12,RICH,12,6,4,Maybe Next Week,1,True,True,0.39557340632762156,0.9274189051341873,1,True,True,0.6111349180356854,0.492437529070923,4,4,/mnt/tenn-nvme2/tenn/offloaded-home/l4nd0/greyhound-autonomous-accuracy-odds-v1-20260610/artifacts/full_evidence_orchestration_20260525/daily_race_ingest_shadow_20260612T220746+1000_daemon_autopilot/shadow_predictions.jsonl,0.39557340632762156
Race 12 - SAN - 2026-06-11,2026-06-11,SAN,12,8,8,Crackerjack Hops,3,False,True,0.13608218871923106,1.9944962469613334,1,True,True,0.43417369031265207,0.8343106168499627,7,8,/mnt/tenn-nvme2/tenn/offloaded-home/l4nd0/greyhound-autonomous-accuracy-odds-v1-20260610/artifacts/full_evidence_orchestration_20260525/daily_race_ingest_shadow_20260611T221801+1000_daemon_autopilot/shadow_predictions.jsonl,0.13608218871923103
Race 12 - TAREE - 2026-06-13,2026-06-13,TAREE,12,8,5,Kicker Mini,2,False,True,0.1825438195783305,1.7007650275022068,4,False,False,0.06009378958569377,2.811848777461007,8,3,/mnt/tenn-nvme2/tenn/offloaded-home/l4nd0/greyhound-autonomous-accuracy-odds-v1-20260610/artifacts/full_evidence_orchestration_20260525/daily_race_ingest_shadow_20260613T101711+1000_daemon_autopilot/shadow_predictions.jsonl,0.1825438195783305
Race 12 - TEMORA - 2026-06-17,2026-06-17,TEMORA,12,8,3,Balmoral Queen,8,False,False,0.07988766126231153,2.527133865390199,3,False,True,0.12277091328689779,2.097435153809989,2,7,/mnt/tenn-nvme2/tenn/offloaded-home/l4nd0/greyhound-autonomous-accuracy-odds-v1-20260610/artifacts/full_evidence_orchestration_20260525/daily_race_ingest_shadow_20260617T144700+1000_daemon_autopilot/shadow_predictions.jsonl,0.07988766126231153
Race 12 - TOWNSVILLE - 2026-06-12,2026-06-12,TOWNSVILLE,12,8,1,George Jetson,2,False,True,0.17353552070540232,1.7513729702591059,3,False,True,0.0951275277379598,2.3525368903495556,2,4,/mnt/tenn-nvme2/tenn/offloaded-home/l4nd0/greyhound-autonomous-accuracy-odds-v1-20260610/artifacts/full_evidence_orchestration_20260525/daily_race_ingest_shadow_20260612T145148+1000_daemon_autopilot/shadow_predictions.jsonl,0.1735355207054023
Race 12 - WAR - 2026-06-11,2026-06-11,WAR,12,7,8,Paw Inflame,3,False,True,0.1871677395594098,1.6757500612028189,1,True,True,0.5446522617044366,0.6076077398791105,5,8,/mnt/tenn-nvme2/tenn/offloaded-home/l4nd0/greyhound-autonomous-accuracy-odds-v1-20260610/artifacts/full_evidence_orchestration_20260525/daily_race_ingest_shadow_20260611T2024_order_validation_daemon_autopilot/shadow_predictions.jsonl,0.18716773955940982
Race 12 - WRGL - 2026-06-11,2026-06-11,WRGL,12,7,1,Beeline,2,False,True,0.1531813408305589,1.8761328252385758,1,True,True,0.4617315152746971,0.7727716925942919,7,1,/mnt/tenn-nvme2/tenn/offloaded-home/l4nd0/greyhound-autonomous-accuracy-odds-v1-20260610/artifacts/full_evidence_orchestration_20260525/daily_race_ingest_shadow_20260611T174319+1000_daemon_autopilot/shadow_predictions.jsonl,0.1531813408305589
Race 13 - LADBROKES-Q1-LAKESIDE - 2026-06-10,2026-06-10,LADBROKES-Q1-LAKESIDE,13,8,5,Spring Misty,7,False,False,0.07531055295788631,2.586135008472697,4,False,False,0.0852001906577693,2.4627516073821254,1,2,/mnt/tenn-nvme2/tenn/offloaded-home/l4nd0/greyhound-autonomous-accuracy-odds-v1-20260610/artifacts/full_evidence_orchestration_20260525/daily_race_ingest_shadow_20260610T182549+1000_daemon_autopilot/shadow_predictions.jsonl,0.07531055295788631
Race 13 - SHEPPARTON - 2026-06-15,2026-06-15,SHEPPARTON,13,8,1,More Beer Please,2,False,True,0.289863875611658,1.2383438606442336,1,True,True,0.45498434217209255,0.7874922734319088,5,1,/mnt/tenn-nvme2/tenn/offloaded-home/l4nd0/greyhound-autonomous-accuracy-odds-v1-20260610/artifacts/full_evidence_orchestration_20260525/daily_race_ingest_shadow_20260615T131711+1000_daemon_autopilot/shadow_predictions.jsonl,0.28986387561165805
Race 13 - SHEPPARTON - 2026-06-18,2026-06-18,SHEPPARTON,13,8,4,Smiling Lily,8,False,False,0.05496174477566179,2.90111788528989,2,False,True,0.1504827599098973,1.8939067534485046,3,1,/mnt/tenn-nvme2/tenn/offloaded-home/l4nd0/greyhound-autonomous-accuracy-odds-v1-20260610/artifacts/full_evidence_orchestration_20260525/daily_race_ingest_shadow_20260618T131701+1000_daemon_autopilot/shadow_predictions.jsonl,0.05496174477566179
Race 13 - WAR - 2026-06-11,2026-06-11,WAR,13,8,4,Bush Circus,6,False,False,0.04099851410040129,3.1942194543881937,5,False,False,0.06137774794428595,2.7907079208467453,1,7,/mnt/tenn-nvme2/tenn/offloaded-home/l4nd0/greyhound-autonomous-accuracy-odds-v1-20260610/artifacts/full_evidence_orchestration_20260525/daily_race_ingest_shadow_20260611T205925+1000_daemon_autopilot/shadow_predictions.jsonl,0.040998514100401284
Race 14 - SHEPPARTON - 2026-06-15,2026-06-15,SHEPPARTON,14,8,1,Glistening,1,True,True,0.2913860814918098,1.2331061506314804,1,True,True,0.4279322415904371,0.8487904099743657,1,1,/mnt/tenn-nvme2/tenn/offloaded-home/l4nd0/greyhound-autonomous-accuracy-odds-v1-20260610/artifacts/full_evidence_orchestration_20260525/daily_race_ingest_shadow_20260615T134700+1000_daemon_autopilot/shadow_predictions.jsonl,0.2913860814918098
Race 14 - SHEPPARTON - 2026-06-18,2026-06-18,SHEPPARTON,14,8,2,Our Boy Billy,5,False,False,0.08113316880090479,2.5116634150252755,3,False,True,0.10309191358549029,2.2721343237656835,6,5,/mnt/tenn-nvme2/tenn/offloaded-home/l4nd0/greyhound-autonomous-accuracy-odds-v1-20260610/artifacts/full_evidence_orchestration_20260525/daily_race_ingest_shadow_20260618T133209+1000_daemon_autopilot/shadow_predictions.jsonl,0.08113316880090478
Race 2 - AP_K - 2026-06-16,2026-06-16,AP_K,2,6,7,Tough Cookie,3,False,True,0.13481463214898184,2.0038545392954688,5,False,False,0.07482065135243028,2.592661344507538,2,1,/mnt/tenn-nvme2/tenn/offloaded-home/l4nd0/greyhound-autonomous-accuracy-odds-v1-20260610/artifacts/full_evidence_orchestration_20260525/daily_race_ingest_shadow_20260616T120200+1000_daemon_autopilot/shadow_predictions.jsonl,0.13481463214898184
Race 2 - BEN - 2026-06-12,2026-06-12,BEN,2,8,2,Blink And Miss,1,True,True,0.2241096021798875,1.4956200513471545,1,True,True,0.48372075644627305,0.7262474882560787,2,2,/mnt/tenn-nvme2/tenn/offloaded-home/l4nd0/greyhound-autonomous-accuracy-odds-v1-20260610/artifacts/full_evidence_orchestration_20260525/daily_race_ingest_shadow_20260612T184711+1000_daemon_autopilot/shadow_predictions.jsonl,0.22410960217988748
Race 2 - DUBBO - 2026-06-13,2026-06-13,DUBBO,2,8,2,Sadie Mcgraw,2,False,True,0.11847194304227472,2.1330791140165597,1,True,True,0.5231784857856445,0.6478326001248985,3,2,/mnt/tenn-nvme2/tenn/offloaded-home/l4nd0/greyhound-autonomous-accuracy-odds-v1-20260610/artifacts/full_evidence_orchestration_20260525/daily_race_ingest_shadow_20260613T160211+1000_daemon_autopilot/shadow_predictions.jsonl,0.11847194304227472
Race 2 - GEE - 2026-06-13,2026-06-13,GEE,2,8,3,Vinnie Black,3,False,True,0.1491963945376657,1.9024917568016089,2,False,True,0.23017660373046728,1.4689084223926507,2,8,/mnt/tenn-nvme2/tenn/offloaded-home/l4nd0/greyhound-autonomous-accuracy-odds-v1-20260610/artifacts/full_evidence_orchestration_20260525/daily_race_ingest_shadow_20260613T160211+1000_daemon_autopilot/shadow_predictions.jsonl,0.14919639453766564
Race 2 - GEE - 2026-06-16,2026-06-16,GEE,2,6,1,Paisleys Star,2,False,True,0.26761789360307886,1.3181950859864346,3,False,True,0.1420951129321588,1.9512586362216615,2,7,/mnt/tenn-nvme2/tenn/offloaded-home/l4nd0/greyhound-autonomous-accuracy-odds-v1-20260610/artifacts/full_evidence_orchestration_20260525/daily_race_ingest_shadow_20260616T143211+1000_daemon_autopilot/shadow_predictions.jsonl,0.26761789360307886
Race 2 - GOULBURN - 2026-06-12,2026-06-12,GOULBURN,2,6,8,Blazing Cash,6,False,False,0.05222931162092508,2.9521114163848066,1,True,True,0.46751123825091956,0.7603318915029283,2,8,/mnt/tenn-nvme2/tenn/offloaded-home/l4nd0/greyhound-autonomous-accuracy-odds-v1-20260610/artifacts/full_evidence_orchestration_20260525/daily_race_ingest_shadow_20260612T124711+1000_daemon_autopilot/shadow_predictions.jsonl,0.052229311620925076
Race 2 - GOULBURN - 2026-06-19,2026-06-19,GOULBURN,2,6,7,Amazing Gem,4,False,False,0.14317383449106977,1.94369576118536,1,True,True,0.48135742794680997,0.7311451913890986,1,7,/mnt/tenn-nvme2/tenn/offloaded-home/l4nd0/greyhound-autonomous-accuracy-odds-v1-20260610/artifacts/full_evidence_orchestration_20260525/daily_race_ingest_shadow_20260619T121700+1000_daemon_autopilot/shadow_predictions.jsonl,0.14317383449106977
Race 2 - GRAFTON - 2026-06-20,2026-06-20,GRAFTON,2,8,7,Precious Cookie,2,False,True,0.20199952156598414,1.599489950068964,1,True,True,0.42573782577859826,0.8539315546136543,4,7,/mnt/tenn-nvme2/tenn/offloaded-home/l4nd0/greyhound-autonomous-accuracy-odds-v1-20260610/artifacts/full_evidence_orchestration_20260525/daily_race_ingest_shadow_20260620T153211+1000_daemon_autopilot/shadow_predictions.jsonl,0.2019995215659841
Race 2 - GRDN - 2026-06-12,2026-06-12,GRDN,2,6,4,Fire Exit,5,False,False,0.11201835048100248,2.189092577527557,1,True,True,0.5020814906321371,0.6889928405282828,1,4,/mnt/tenn-nvme2/tenn/offloaded-home/l4nd0/greyhound-autonomous-accuracy-odds-v1-20260610/artifacts/full_evidence_orchestration_20260525/daily_race_ingest_shadow_20260612T150304+1000_daemon_autopilot/shadow_predictions.jsonl,0.11201835048100248
Race 2 - GRDN - 2026-06-19,2026-06-19,GRDN,2,6,4,Canya Brew It,6,False,False,0.047581201270648,3.0453175270395705,1,True,True,0.5424151355047946,0.6117236380535495,1,4,/mnt/tenn-nvme2/tenn/offloaded-home/l4nd0/greyhound-autonomous-accuracy-odds-v1-20260610/artifacts/full_evidence_orchestration_20260525/daily_race_ingest_shadow_20260619T150200+1000_daemon_autopilot/shadow_predictions.jsonl,0.047581201270648
Race 2 - HEA - 2026-06-12,2026-06-12,HEA,2,8,8,Rumour Im Broke,4,False,False,0.1367226520259061,1.9898008428650802,1,True,True,0.47788323912666997,0.7383888459388384,1,8,/mnt/tenn-nvme2/tenn/offloaded-home/l4nd0/greyhound-autonomous-accuracy-odds-v1-20260610/artifacts/full_evidence_orchestration_20260525/daily_race_ingest_shadow_20260612T102511+1000_daemon_autopilot/shadow_predictions.jsonl,0.1367226520259061
Race 2 - HEA - 2026-06-14,2026-06-14,HEA,2,7,4,Aston Fixer,6,False,False,0.07093152920557472,2.646040244638146,6,False,False,0.04822686891781676,3.031838966813391,2,7,/mnt/tenn-nvme2/tenn/offloaded-home/l4nd0/greyhound-autonomous-accuracy-odds-v1-20260610/artifacts/full_evidence_orchestration_20260525/daily_race_ingest_shadow_20260614T110200+1000_daemon_autopilot/shadow_predictions.jsonl,0.07093152920557472
Race 2 - HEA - 2026-06-16,2026-06-16,HEA,2,8,5,Extreme Dash,5,False,False,0.11191624150962835,2.1900045311256418,3,False,True,0.10722617523103664,2.232814888219238,2,2,/mnt/tenn-nvme2/tenn/offloaded-home/l4nd0/greyhound-autonomous-accuracy-odds-v1-20260610/artifacts/full_evidence_orchestration_20260525/daily_race_ingest_shadow_20260616T103211+1000_daemon_autopilot/shadow_predictions.jsonl,0.11191624150962838
Race 2 - HEA - 2026-06-19,2026-06-19,HEA,2,8,5,Winnaleah,2,False,True,0.1631272777886878,1.8132245375471099,2,False,True,0.31824198915079827,1.1449432134221584,8,3,/mnt/tenn-nvme2/tenn/offloaded-home/l4nd0/greyhound-autonomous-accuracy-odds-v1-20260610/artifacts/full_evidence_orchestration_20260525/daily_race_ingest_shadow_20260619T103202+1000_daemon_autopilot/shadow_predictions.jsonl,0.16312727778868777
Race 2 - HEA - 2026-06-21,2026-06-21,HEA,2,7,7,Mumma Easy,3,False,True,0.14669280692157777,1.9194146276080857,1,True,True,0.5996075296169778,0.5114799550990901,8,7,/mnt/tenn-nvme2/tenn/offloaded-home/l4nd0/greyhound-autonomous-accuracy-odds-v1-20260610/artifacts/full_evidence_orchestration_20260525/daily_race_ingest_shadow_20260621T094711+1000_daemon_autopilot/shadow_predictions.jsonl,0.14669280692157774
Race 2 - HOBT - 2026-06-11,2026-06-11,HOBT,2,4,5,Stella Shadows,1,True,True,0.4352546874351054,0.8318239308683248,2,False,True,0.4200622621930128,0.8673523353749806,5,3,/mnt/tenn-nvme2/tenn/offloaded-home/l4nd0/greyhound-autonomous-accuracy-odds-v1-20260610/artifacts/full_evidence_orchestration_20260525/daily_race_ingest_shadow_20260611T184516+1000_daemon_autopilot/shadow_predictions.jsonl,0.43525468743510537
Race 2 - HOR - 2026-06-19,2026-06-19,HOR,2,7,8,She Likes Beer,4,False,False,0.10223465035470454,2.2804846141085737,6,False,False,0.06299605087971985,2.7646832390042477,1,6,/mnt/tenn-nvme2/tenn/offloaded-home/l4nd0/greyhound-autonomous-accuracy-odds-v1-20260610/artifacts/full_evidence_orchestration_20260525/daily_race_ingest_shadow_20260619T151700+1000_daemon_autopilot/shadow_predictions.jsonl,0.10223465035470454
Race 2 - LADBROKES-Q1-LAKESIDE - 2026-06-13,2026-06-13,LADBROKES-Q1-LAKESIDE,2,5,2,One Racket,2,False,True,0.31826021227730167,1.1448859532069777,1,True,True,0.7247869337949999,0.32187755174064103,1,2,/mnt/tenn-nvme2/tenn/offloaded-home/l4nd0/greyhound-autonomous-accuracy-odds-v1-20260610/artifacts/full_evidence_orchestration_20260525/daily_race_ingest_shadow_20260613T160211+1000_daemon_autopilot/shadow_predictions.jsonl,0.31826021227730167
Race 2 - LADBROKES-Q1-LAKESIDE - 2026-06-17,2026-06-17,LADBROKES-Q1-LAKESIDE,2,8,6,Atomic Prince,4,False,False,0.08845755354033571,2.425232463036357,6,False,False,0.08577952184113508,2.4559749741554406,4,4,/mnt/tenn-nvme2/tenn/offloaded-home/l4nd0/greyhound-autonomous-accuracy-odds-v1-20260610/artifacts/full_evidence_orchestration_20260525/daily_race_ingest_shadow_20260617T143200+1000_daemon_autopilot/shadow_predictions.jsonl,0.0884575535403357
Race 2 - LADBROKES-Q1-LAKESIDE - 2026-06-20,2026-06-20,LADBROKES-Q1-LAKESIDE,2,8,1,Moonshine Mirage,6,False,False,0.07676141776349982,2.5670531379311363,3,False,True,0.12453750043207075,2.0831484001417597,7,7,/mnt/tenn-nvme2/tenn/offloaded-home/l4nd0/greyhound-autonomous-accuracy-odds-v1-20260610/artifacts/full_evidence_orchestration_20260525/daily_race_ingest_shadow_20260620T153211+1000_daemon_autopilot/shadow_predictions.jsonl,0.0767614177634998
Race 2 - MAND - 2026-06-12,2026-06-12,MAND,2,8,1,Speed Byte,2,False,True,0.2003054688750799,1.607911733262827,5,False,False,0.08382720255837225,2.4789977113010537,2,7,/mnt/tenn-nvme2/tenn/offloaded-home/l4nd0/greyhound-autonomous-accuracy-odds-v1-20260610/artifacts/full_evidence_orchestration_20260525/daily_race_ingest_shadow_20260612T203211+1000_daemon_autopilot/shadow_predictions.jsonl,0.2003054688750799
Race 2 - MEADOWS - 2026-06-10,2026-06-10,MEADOWS,2,7,2,Split Fiction,1,True,True,0.25419332161538394,1.369660192737977,2,False,True,0.11804898622448484,2.1366556031665676,2,6,/mnt/tenn-nvme2/tenn/offloaded-home/l4nd0/greyhound-autonomous-accuracy-odds-v1-20260610/artifacts/full_evidence_orchestration_20260525/daily_race_ingest_shadow_20260610T185649+1000_daemon_autopilot/shadow_predictions.jsonl,0.2541933216153839
Race 2 - MOUNT - 2026-06-18,2026-06-18,MOUNT,2,6,5,Chivas Lady,2,False,True,0.22806543725731096,1.4781226856913785,4,False,False,0.15858344333153201,1.8414743678439687,4,1,/mnt/tenn-nvme2/tenn/offloaded-home/l4nd0/greyhound-autonomous-accuracy-odds-v1-20260610/artifacts/full_evidence_orchestration_20260525/daily_race_ingest_shadow_20260618T124700+1000_daemon_autopilot/shadow_predictions.jsonl,0.22806543725731096
Race 2 - MURRAY-BRIDGE-STRAIGHT - 2026-06-17,2026-06-17,MURRAY-BRIDGE-STRAIGHT,2,4,1,Crystal Crown,1,True,True,0.49590785414277455,0.7013651474540228,1,True,True,0.45908765854943734,0.7785141099235323,1,1,/mnt/tenn-nvme2/tenn/offloaded-home/l4nd0/greyhound-autonomous-accuracy-odds-v1-20260610/artifacts/full_evidence_orchestration_20260525/daily_race_ingest_shadow_20260617T111700+1000_daemon_autopilot/shadow_predictions.jsonl,0.49590785414277444
Race 2 - RICH - 2026-06-12,2026-06-12,RICH,2,8,1,Teresas Angel,2,False,True,0.13664992741431312,1.9903328977877612,2,False,True,0.12232311118725374,2.1010892828642067,8,8,/mnt/tenn-nvme2/tenn/offloaded-home/l4nd0/greyhound-autonomous-accuracy-odds-v1-20260610/artifacts/full_evidence_orchestration_20260525/daily_race_ingest_shadow_20260612T184711+1000_daemon_autopilot/shadow_predictions.jsonl,0.13664992741431312
Race 2 - ROCKHAMPTON - 2026-06-10,2026-06-10,ROCKHAMPTON,2,6,4,Go Gem Go,5,False,False,0.12355676673734979,2.0910545788255264,3,False,True,0.2011327347236717,1.6037902171129845,1,5,/mnt/tenn-nvme2/tenn/offloaded-home/l4nd0/greyhound-autonomous-accuracy-odds-v1-20260610/artifacts/full_evidence_orchestration_20260525/daily_race_ingest_shadow_20260610T184100+1000_daemon_autopilot/shadow_predictions.jsonl,0.12355676673734979
Race 2 - SAL - 2026-06-17,2026-06-17,SAL,2,6,2,Marshal Lee Rose,2,False,True,0.22132947028490071,1.5081028718582026,1,True,True,0.5132667288213658,0.6669596297099953,1,2,/mnt/tenn-nvme2/tenn/offloaded-home/l4nd0/greyhound-autonomous-accuracy-odds-v1-20260610/artifacts/full_evidence_orchestration_20260525/daily_race_ingest_shadow_20260617T111700+1000_daemon_autopilot/shadow_predictions.jsonl,0.22132947028490071
Race 2 - SAN - 2026-06-11,2026-06-11,SAN,2,8,1,Snow Road,2,False,True,0.21027616156996193,1.5593335570972378,2,False,True,0.11959844812230788,2.1236154131157767,2,2,/mnt/tenn-nvme2/tenn/offloaded-home/l4nd0/greyhound-autonomous-accuracy-odds-v1-20260610/artifacts/full_evidence_orchestration_20260525/daily_race_ingest_shadow_20260611T184516+1000_daemon_autopilot/shadow_predictions.jsonl,0.21027616156996184
Race 2 - SHEPPARTON - 2026-06-15,2026-06-15,SHEPPARTON,2,8,3,Miss Bobbie,4,False,False,0.12439619634357656,2.0842836751607794,7,False,False,0.050517017389488196,2.9854450214554933,2,2,/mnt/tenn-nvme2/tenn/offloaded-home/l4nd0/greyhound-autonomous-accuracy-odds-v1-20260610/artifacts/full_evidence_orchestration_20260525/daily_race_ingest_shadow_20260615T100211+1000_daemon_autopilot/shadow_predictions.jsonl,0.12439619634357656
Race 2 - SHEPPARTON - 2026-06-18,2026-06-18,SHEPPARTON,2,8,8,Cash In Space,1,True,True,0.29706146515251697,1.213816208215855,2,False,True,0.23393634223044105,1.4527062423847568,8,1,/mnt/tenn-nvme2/tenn/offloaded-home/l4nd0/greyhound-autonomous-accuracy-odds-v1-20260610/artifacts/full_evidence_orchestration_20260525/daily_race_ingest_shadow_20260618T094700+1000_daemon_autopilot/shadow_predictions.jsonl,0.2970614651525169
Race 2 - TAREE - 2026-06-13,2026-06-13,TAREE,2,7,1,Barrelled,2,False,True,0.26752568606917676,1.318539694567448,1,True,True,0.523880111356159,0.6464924159605258,2,1,/mnt/tenn-nvme2/tenn/offloaded-home/l4nd0/greyhound-autonomous-accuracy-odds-v1-20260610/artifacts/full_evidence_orchestration_20260525/daily_race_ingest_shadow_20260613T074711+1000_daemon_autopilot/shadow_predictions.jsonl,0.26752568606917676
Race 2 - TAREE - 2026-06-20,2026-06-20,TAREE,2,6,2,Flat Out Fred,2,False,True,0.25080663337360753,1.383073021715052,1,True,True,0.461184336722111,0.7739574531715202,1,2,/mnt/tenn-nvme2/tenn/offloaded-home/l4nd0/greyhound-autonomous-accuracy-odds-v1-20260610/artifacts/full_evidence_orchestration_20260525/daily_race_ingest_shadow_20260620T073202+1000_daemon_autopilot/shadow_predictions.jsonl,0.25080663337360753
Race 2 - WAGGA - 2026-06-12,2026-06-12,WAGGA,2,7,2,Jumping Gem,1,True,True,0.25621680066804514,1.3617313152915338,1,True,True,0.5105154142995882,0.6723344473188874,2,2,/mnt/tenn-nvme2/tenn/offloaded-home/l4nd0/greyhound-autonomous-accuracy-odds-v1-20260610/artifacts/full_evidence_orchestration_20260525/daily_race_ingest_shadow_20260612T183211+1000_daemon_autopilot/shadow_predictions.jsonl,0.2562168006680451
Race 2 - WAR - 2026-06-15,2026-06-15,WAR,2,8,1,Ayesha Bale,2,False,True,0.17857314591373086,1.722756980670455,1,True,True,0.5723329681890024,0.5580343447453993,2,1,/mnt/tenn-nvme2/tenn/offloaded-home/l4nd0/greyhound-autonomous-accuracy-odds-v1-20260610/artifacts/full_evidence_orchestration_20260525/daily_race_ingest_shadow_20260615T140211+1000_daemon_autopilot/shadow_predictions.jsonl,0.17857314591373086
Race 2 - WPK - 2026-06-11,2026-06-11,WPK,2,7,8,Row Beau,3,False,True,0.1367499357563633,1.9896013074690906,1,True,True,0.5671177385739865,0.5671883450050644,2,8,/mnt/tenn-nvme2/tenn/offloaded-home/l4nd0/greyhound-autonomous-accuracy-odds-v1-20260610/artifacts/full_evidence_orchestration_20260525/daily_race_ingest_shadow_20260611T190116+1000_daemon_autopilot/shadow_predictions.jsonl,0.1367499357563633
Race 3 - AP_K - 2026-06-11,2026-06-11,AP_K,3,6,1,Toby Keeping,3,False,True,0.18307563294485596,1.6978559167428455,2,False,True,0.2077440908798502,1.5714482890693913,5,4,/mnt/tenn-nvme2/tenn/offloaded-home/l4nd0/greyhound-autonomous-accuracy-odds-v1-20260610/artifacts/full_evidence_orchestration_20260525/daily_race_ingest_shadow_20260611T191716+1000_daemon_autopilot/shadow_predictions.jsonl,0.18307563294485596
Race 3 - AP_K - 2026-06-16,2026-06-16,AP_K,3,6,2,Corryong,1,True,True,0.34712090173454163,1.0580821397351554,2,False,True,0.1976473126533542,1.621271085823886,2,4,/mnt/tenn-nvme2/tenn/offloaded-home/l4nd0/greyhound-autonomous-accuracy-odds-v1-20260610/artifacts/full_evidence_orchestration_20260525/daily_race_ingest_shadow_20260616T121700+1000_daemon_autopilot/shadow_predictions.jsonl,0.34712090173454163
Race 3 - BAL - 2026-06-10,2026-06-10,BAL,3,7,6,Taste,3,False,True,0.17530039576303869,1.7412542294246462,3,False,True,0.1265433478594258,2.0671703586873,1,1,/mnt/tenn-nvme2/tenn/offloaded-home/l4nd0/greyhound-autonomous-accuracy-odds-v1-20260610/artifacts/full_evidence_orchestration_20260525/daily_race_ingest_shadow_20260610T184100+1000_daemon_autopilot/shadow_predictions.jsonl,0.17530039576303869
Race 3 - CAPALABA - 2026-06-14,2026-06-14,CAPALABA,3,7,8,Haras Brian,5,False,False,0.08282853093002654,2.490982700494158,1,True,True,0.5099717021137034,0.6734000408547356,6,8,/mnt/tenn-nvme2/tenn/offloaded-home/l4nd0/greyhound-autonomous-accuracy-odds-v1-20260610/artifacts/full_evidence_orchestration_20260525/daily_race_ingest_shadow_20260614T110200+1000_daemon_autopilot/shadow_predictions.jsonl,0.08282853093002654
Race 3 - CAPALABA - 2026-06-17,2026-06-17,CAPALABA,3,8,1,Serena Beach,1,True,True,0.30114141571953695,1.2001753048977293,3,False,True,0.15525142064430403,1.8627094075224675,1,8,/mnt/tenn-nvme2/tenn/offloaded-home/l4nd0/greyhound-autonomous-accuracy-odds-v1-20260610/artifacts/full_evidence_orchestration_20260525/daily_race_ingest_shadow_20260617T121700+1000_daemon_autopilot/shadow_predictions.jsonl,0.30114141571953695
Race 3 - GEE - 2026-06-13,2026-06-13,GEE,3,7,2,Pop Pop Bang,1,True,True,0.2577473070049688,1.3557756042290043,3,False,True,0.12962329694066574,2.0431227508742746,2,6,/mnt/tenn-nvme2/tenn/offloaded-home/l4nd0/greyhound-autonomous-accuracy-odds-v1-20260610/artifacts/full_evidence_orchestration_20260525/daily_race_ingest_shadow_20260613T160211+1000_daemon_autopilot/shadow_predictions.jsonl,0.25774730700496884
Race 3 - GOULBURN - 2026-06-12,2026-06-12,GOULBURN,3,6,4,Gus And Dodo,5,False,False,0.11029164594594935,2.204627094975011,1,True,True,0.5311871227364185,0.6326409229503125,2,4,/mnt/tenn-nvme2/tenn/offloaded-home/l4nd0/greyhound-autonomous-accuracy-odds-v1-20260610/artifacts/full_evidence_orchestration_20260525/daily_race_ingest_shadow_20260612T131711+1000_daemon_autopilot/shadow_predictions.jsonl,0.11029164594594935
Race 3 - GOULBURN - 2026-06-19,2026-06-19,GOULBURN,3,4,1,Zipping Aladdin,1,True,True,0.41608800619528247,0.8768584877410847,1,True,True,0.43443282381335485,0.8337139519523908,1,1,/mnt/tenn-nvme2/tenn/offloaded-home/l4nd0/greyhound-autonomous-accuracy-odds-v1-20260610/artifacts/full_evidence_orchestration_20260525/daily_race_ingest_shadow_20260619T130207+1000_daemon_autopilot/shadow_predictions.jsonl,0.41608800619528247
Race 3 - GRDN - 2026-06-13,2026-06-13,GRDN,3,8,8,Lauries Ferrari,4,False,False,0.09900655348310133,2.3125692342394553,2,False,True,0.20647216615133904,1.5775896642792213,6,3,/mnt/tenn-nvme2/tenn/offloaded-home/l4nd0/greyhound-autonomous-accuracy-odds-v1-20260610/artifacts/full_evidence_orchestration_20260525/daily_race_ingest_shadow_20260613T193731+1000_daemon_autopilot/shadow_predictions.jsonl,0.0990065534831013
Race 3 - GUNNEDAH - 2026-06-17,2026-06-17,GUNNEDAH,3,8,6,His Fernando,2,False,True,0.17966854339784516,1.7166415511677242,3,False,True,0.1351158996745574,2.0016223527500414,8,5,/mnt/tenn-nvme2/tenn/offloaded-home/l4nd0/greyhound-autonomous-accuracy-odds-v1-20260610/artifacts/full_evidence_orchestration_20260525/daily_race_ingest_shadow_20260617T144700+1000_daemon_autopilot/shadow_predictions.jsonl,0.17966854339784516
Race 3 - HEA - 2026-06-12,2026-06-12,HEA,3,8,3,Undercover Guy,3,False,True,0.14927414348744616,1.901970774382014,8,False,False,0.014276654767211672,4.249129609513041,1,1,/mnt/tenn-nvme2/tenn/offloaded-home/l4nd0/greyhound-autonomous-accuracy-odds-v1-20260610/artifacts/full_evidence_orchestration_20260525/daily_race_ingest_shadow_20260612T102511+1000_daemon_autopilot/shadow_predictions.jsonl,0.14927414348744616
Race 3 - HEA - 2026-06-14,2026-06-14,HEA,3,8,3,Hes Talking,3,False,True,0.13126519152481275,2.0305356392573795,4,False,False,0.07808705725490828,2.5499309560372287,2,6,/mnt/tenn-nvme2/tenn/offloaded-home/l4nd0/greyhound-autonomous-accuracy-odds-v1-20260610/artifacts/full_evidence_orchestration_20260525/daily_race_ingest_shadow_20260614T110200+1000_daemon_autopilot/shadow_predictions.jsonl,0.13126519152481272
Race 3 - HEA - 2026-06-19,2026-06-19,HEA,3,8,7,Mr. Otto,3,False,True,0.146006612979831,1.924103363917156,3,False,True,0.15813402399213175,1.8443123524037661,5,3,/mnt/tenn-nvme2/tenn/offloaded-home/l4nd0/greyhound-autonomous-accuracy-odds-v1-20260610/artifacts/full_evidence_orchestration_20260525/daily_race_ingest_shadow_20260619T110207+1000_daemon_autopilot/shadow_predictions.jsonl,0.146006612979831
Race 3 - HEA - 2026-06-21,2026-06-21,HEA,3,8,1,Cumulate,2,False,True,0.18520601507614737,1.6862864784845926,1,True,True,0.5614190071907912,0.5772877588572808,3,1,/mnt/tenn-nvme2/tenn/offloaded-home/l4nd0/greyhound-autonomous-accuracy-odds-v1-20260610/artifacts/full_evidence_orchestration_20260525/daily_race_ingest_shadow_20260621T094711+1000_daemon_autopilot/shadow_predictions.jsonl,0.18520601507614737
Race 3 - HOBT - 2026-06-16,2026-06-16,HOBT,3,8,6,Tapa Danior,5,False,False,0.100113052955931,2.301455202002044,1,True,True,0.47432972442597443,0.7458525779674666,4,6,/mnt/tenn-nvme2/tenn/offloaded-home/l4nd0/greyhound-autonomous-accuracy-odds-v1-20260610/artifacts/full_evidence_orchestration_20260525/daily_race_ingest_shadow_20260616T114711+1000_daemon_autopilot/shadow_predictions.jsonl,0.100113052955931
Race 3 - LADBROKES-Q1-LAKESIDE - 2026-06-12,2026-06-12,LADBROKES-Q1-LAKESIDE,3,8,2,Apex,4,False,False,0.10288758581963342,2.274118286572354,2,False,True,0.11857979309717152,2.1321691855419185,4,1,/mnt/tenn-nvme2/tenn/offloaded-home/l4nd0/greyhound-autonomous-accuracy-odds-v1-20260610/artifacts/full_evidence_orchestration_20260525/daily_race_ingest_shadow_20260612T151711+1000_daemon_autopilot/shadow_predictions.jsonl,0.10288758581963345
Race 3 - LADBROKES-Q1-LAKESIDE - 2026-06-13,2026-06-13,LADBROKES-Q1-LAKESIDE,3,5,1,Garrison,1,True,True,0.34622558645606444,1.060664732396564,2,False,True,0.11890307500574991,2.1294466135024948,1,2,/mnt/tenn-nvme2/tenn/offloaded-home/l4nd0/greyhound-autonomous-accuracy-odds-v1-20260610/artifacts/full_evidence_orchestration_20260525/daily_race_ingest_shadow_20260613T160211+1000_daemon_autopilot/shadow_predictions.jsonl,0.3462255864560644
Race 3 - LADBROKES-Q1-LAKESIDE - 2026-06-17,2026-06-17,LADBROKES-Q1-LAKESIDE,3,8,5,Dodgem Dash,1,True,True,0.37028995788030944,0.9934689103060443,1,True,True,0.4497895675548024,0.7989754332456768,5,5,/mnt/tenn-nvme2/tenn/offloaded-home/l4nd0/greyhound-autonomous-accuracy-odds-v1-20260610/artifacts/full_evidence_orchestration_20260525/daily_race_ingest_shadow_20260617T144700+1000_daemon_autopilot/shadow_predictions.jsonl,0.3702899578803094
Race 3 - LADBROKES-Q1-LAKESIDE - 2026-06-20,2026-06-20,LADBROKES-Q1-LAKESIDE,3,5,4,One Racket,1,True,True,0.29547874475643665,1.2191583744813048,1,True,True,0.6906815936779717,0.3700763520363134,4,4,/mnt/tenn-nvme2/tenn/offloaded-home/l4nd0/greyhound-autonomous-accuracy-odds-v1-20260610/artifacts/full_evidence_orchestration_20260525/daily_race_ingest_shadow_20260620T153211+1000_daemon_autopilot/shadow_predictions.jsonl,0.29547874475643665
Race 3 - MAND - 2026-06-11,2026-06-11,MAND,3,8,1,Kakegurui,2,False,True,0.21618437954626576,1.5316236264044596,1,True,True,0.4742593710457639,0.7460009106452834,3,1,/mnt/tenn-nvme2/tenn/offloaded-home/l4nd0/greyhound-autonomous-accuracy-odds-v1-20260610/artifacts/full_evidence_orchestration_20260525/daily_race_ingest_shadow_20260611T193649+1000_patched_gate_validation_daemon_autopilot/shadow_predictions.jsonl,0.21618437954626576
Race 3 - MAND - 2026-06-12,2026-06-12,MAND,3,8,5,Defender,4,False,False,0.13343717163903515,2.0141245363469693,1,True,True,0.4816830802938966,0.7304688909495795,2,5,/mnt/tenn-nvme2/tenn/offloaded-home/l4nd0/greyhound-autonomous-accuracy-odds-v1-20260610/artifacts/full_evidence_orchestration_20260525/daily_race_ingest_shadow_20260612T210211+1000_daemon_autopilot/shadow_predictions.jsonl,0.13343717163903518
Race 3 - MOUNT - 2026-06-14,2026-06-14,MOUNT,3,6,2,Dimora Bernie,2,False,True,0.27546838146023434,1.2892824248149402,4,False,False,0.1321745987812649,2.02363151237675,1,7,/mnt/tenn-nvme2/tenn/offloaded-home/l4nd0/greyhound-autonomous-accuracy-odds-v1-20260610/artifacts/full_evidence_orchestration_20260525/daily_race_ingest_shadow_20260614T120200+1000_daemon_autopilot/shadow_predictions.jsonl,0.27546838146023434
Race 3 - MOUNT - 2026-06-18,2026-06-18,MOUNT,3,5,2,Lady Tsunade,3,False,True,0.14029137300426264,1.964033783398908,1,True,True,0.5910356097044585,0.5258790100841602,5,2,/mnt/tenn-nvme2/tenn/offloaded-home/l4nd0/greyhound-autonomous-accuracy-odds-v1-20260610/artifacts/full_evidence_orchestration_20260525/daily_race_ingest_shadow_20260618T130211+1000_daemon_autopilot/shadow_predictions.jsonl,0.14029137300426264
Race 3 - MURRAY-BRIDGE-STRAIGHT - 2026-06-17,2026-06-17,MURRAY-BRIDGE-STRAIGHT,3,6,1,Tommy Fire,2,False,True,0.2938310689416382,1.2247502722232815,2,False,True,0.2592592592592593,1.3499267169490157,8,7,/mnt/tenn-nvme2/tenn/offloaded-home/l4nd0/greyhound-autonomous-accuracy-odds-v1-20260610/artifacts/full_evidence_orchestration_20260525/daily_race_ingest_shadow_20260617T111700+1000_daemon_autopilot/shadow_predictions.jsonl,0.29383106894163813
Race 3 - NOWRA - 2026-06-11,2026-06-11,NOWRA,3,7,1,Ashby Cola,3,False,True,0.18363050235063233,1.6948296797872402,1,True,True,0.5764197736946904,0.5509191099374,4,1,/mnt/tenn-nvme2/tenn/offloaded-home/l4nd0/greyhound-autonomous-accuracy-odds-v1-20260610/artifacts/full_evidence_orchestration_20260525/daily_race_ingest_shadow_20260611T183015+1000_daemon_autopilot/shadow_predictions.jsonl,0.1836305023506323
Race 3 - RICH - 2026-06-12,2026-06-12,RICH,3,8,3,Secret Bullet,5,False,False,0.12143434314092641,2.10838154793388,3,False,True,0.12083169870537463,2.113356621402541,2,1,/mnt/tenn-nvme2/tenn/offloaded-home/l4nd0/greyhound-autonomous-accuracy-odds-v1-20260610/artifacts/full_evidence_orchestration_20260525/daily_race_ingest_shadow_20260612T191711+1000_daemon_autopilot/shadow_predictions.jsonl,0.12143434314092641
Race 3 - ROCKHAMPTON - 2026-06-10,2026-06-10,ROCKHAMPTON,3,6,1,Calamity Corner,1,True,True,0.4685022533825724,0.758214367533856,1,True,True,0.43534117962237956,0.8316252343414253,1,1,/mnt/tenn-nvme2/tenn/offloaded-home/l4nd0/greyhound-autonomous-accuracy-odds-v1-20260610/artifacts/full_evidence_orchestration_20260525/daily_race_ingest_shadow_20260610T191153+1000_daemon_autopilot/shadow_predictions.jsonl,0.4685022533825726
Race 3 - SAL - 2026-06-17,2026-06-17,SAL,3,5,8,Say My Grace,3,False,True,0.18381727749289825,1.6938130718848528,2,False,True,0.2327167418293678,1.4579332652826447,1,1,/mnt/tenn-nvme2/tenn/offloaded-home/l4nd0/greyhound-autonomous-accuracy-odds-v1-20260610/artifacts/full_evidence_orchestration_20260525/daily_race_ingest_shadow_20260617T111700+1000_daemon_autopilot/shadow_predictions.jsonl,0.18381727749289825
Race 3 - SAN - 2026-06-11,2026-06-11,SAN,3,5,8,Commissioner,3,False,True,0.19427112019521092,1.6385005687710457,5,False,False,0.09449843140255568,2.3591720435349584,1,1,/mnt/tenn-nvme2/tenn/offloaded-home/l4nd0/greyhound-autonomous-accuracy-odds-v1-20260610/artifacts/full_evidence_orchestration_20260525/daily_race_ingest_shadow_20260611T191716+1000_daemon_autopilot/shadow_predictions.jsonl,0.19427112019521092
Race 3 - SHEPPARTON - 2026-06-15,2026-06-15,SHEPPARTON,3,8,6,Flying Toxic,4,False,False,0.11255041293387295,2.18435404274343,3,False,True,0.10143440417333399,2.288342953721213,2,4,/mnt/tenn-nvme2/tenn/offloaded-home/l4nd0/greyhound-autonomous-accuracy-odds-v1-20260610/artifacts/full_evidence_orchestration_20260525/daily_race_ingest_shadow_20260615T101700+1000_daemon_autopilot/shadow_predictions.jsonl,0.11255041293387298
Race 3 - SHEPPARTON - 2026-06-18,2026-06-18,SHEPPARTON,3,8,1,Tokyo Romance,5,False,False,0.06645785532041414,2.7111872868078897,1,True,True,0.46067947773846396,0.7750527538573705,6,1,/mnt/tenn-nvme2/tenn/offloaded-home/l4nd0/greyhound-autonomous-accuracy-odds-v1-20260610/artifacts/full_evidence_orchestration_20260525/daily_race_ingest_shadow_20260618T094700+1000_daemon_autopilot/shadow_predictions.jsonl,0.06645785532041414
Race 3 - TAREE - 2026-06-10,2026-06-10,TAREE,3,8,3,Mustang Sally,4,False,False,0.1170633417437238,2.1450401082539856,4,False,False,0.07494058432703993,2.5910596883819834,2,4,/mnt/tenn-nvme2/tenn/offloaded-home/l4nd0/greyhound-autonomous-accuracy-odds-v1-20260610/artifacts/full_evidence_orchestration_20260525/daily_race_ingest_shadow_20260610T191153+1000_daemon_autopilot/shadow_predictions.jsonl,0.1170633417437238
Race 3 - TAREE - 2026-06-20,2026-06-20,TAREE,3,6,4,Blue Majestic,5,False,False,0.09463897243035864,2.357685917038336,3,False,True,0.07701540308061612,2.563749837125786,2,1,/mnt/tenn-nvme2/tenn/offloaded-home/l4nd0/greyhound-autonomous-accuracy-odds-v1-20260610/artifacts/full_evidence_orchestration_20260525/daily_race_ingest_shadow_20260620T073202+1000_daemon_autopilot/shadow_predictions.jsonl,0.09463897243035864
Race 3 - TEMORA - 2026-06-17,2026-06-17,TEMORA,3,7,6,Paw Yarra,4,False,False,0.14043676113556117,1.9629979902124324,2,False,True,0.16958532476607333,1.7743990878700673,1,3,/mnt/tenn-nvme2/tenn/offloaded-home/l4nd0/greyhound-autonomous-accuracy-odds-v1-20260610/artifacts/full_evidence_orchestration_20260525/daily_race_ingest_shadow_20260617T123200+1000_daemon_autopilot/shadow_predictions.jsonl,0.14043676113556117
Race 3 - TOWNSVILLE - 2026-06-19,2026-06-19,TOWNSVILLE,3,8,8,Miss Emma May,1,True,True,0.23298097842584636,1.4567984664062832,1,True,True,0.4247204939492571,0.8563239877076396,8,8,/mnt/tenn-nvme2/tenn/offloaded-home/l4nd0/greyhound-autonomous-accuracy-odds-v1-20260610/artifacts/full_evidence_orchestration_20260525/daily_race_ingest_shadow_20260619T121700+1000_daemon_autopilot/shadow_predictions.jsonl,0.23298097842584636
Race 3 - WAR - 2026-06-11,2026-06-11,WAR,3,8,5,Paw Gusto,4,False,False,0.07086905182348362,2.6469214453452317,1,True,True,0.43154206150233815,0.8403902957994465,6,5,/mnt/tenn-nvme2/tenn/offloaded-home/l4nd0/greyhound-autonomous-accuracy-odds-v1-20260610/artifacts/full_evidence_orchestration_20260525/daily_race_ingest_shadow_20260611T172816+1000_daemon_autopilot/shadow_predictions.jsonl,0.07086905182348362
Race 3 - WPK - 2026-06-11,2026-06-11,WPK,3,6,5,Trunkey Mick,5,False,False,0.11589277176757744,2.1550898966936383,2,False,True,0.19777827816557833,1.6206086829847492,1,7,/mnt/tenn-nvme2/tenn/offloaded-home/l4nd0/greyhound-autonomous-accuracy-odds-v1-20260610/artifacts/full_evidence_orchestration_20260525/daily_race_ingest_shadow_20260611T191716+1000_daemon_autopilot/shadow_predictions.jsonl,0.11589277176757744
Race 3 - WPK - 2026-06-13,2026-06-13,WPK,3,8,1,Master Mcgraw,3,False,True,0.12433224946958954,2.084797865447193,1,True,True,0.5244923028146035,0.6453245265354445,6,1,/mnt/tenn-nvme2/tenn/offloaded-home/l4nd0/greyhound-autonomous-accuracy-odds-v1-20260610/artifacts/full_evidence_orchestration_20260525/daily_race_ingest_shadow_20260613T190200+1000_daemon_autopilot/shadow_predictions.jsonl,0.12433224946958954
Race 3 - WRGL - 2026-06-20,2026-06-20,WRGL,3,6,8,Toffee War,1,True,True,0.24299318613886206,1.4147218766155476,1,True,True,0.4192577733199599,0.869269337437082,8,8,/mnt/tenn-nvme2/tenn/offloaded-home/l4nd0/greyhound-autonomous-accuracy-odds-v1-20260610/artifacts/full_evidence_orchestration_20260525/daily_race_ingest_shadow_20260620T153211+1000_daemon_autopilot/shadow_predictions.jsonl,0.24299318613886206
Race 4 - AP_K - 2026-06-11,2026-06-11,AP_K,4,5,6,Hasty Holly,1,True,True,0.2775195106213658,1.2818640397217154,2,False,True,0.23552377517027734,1.4459434144843337,6,4,/mnt/tenn-nvme2/tenn/offloaded-home/l4nd0/greyhound-autonomous-accuracy-odds-v1-20260610/artifacts/full_evidence_orchestration_20260525/daily_race_ingest_shadow_20260611T193649+1000_patched_gate_validation_daemon_autopilot/shadow_predictions.jsonl,0.2775195106213659
Race 4 - AP_K - 2026-06-16,2026-06-16,AP_K,4,4,3,Enhance,3,False,True,0.19518923051013612,1.6337857780920775,1,True,True,0.5057990128761201,0.681615896357271,1,3,/mnt/tenn-nvme2/tenn/offloaded-home/l4nd0/greyhound-autonomous-accuracy-odds-v1-20260610/artifacts/full_evidence_orchestration_20260525/daily_race_ingest_shadow_20260616T124700+1000_daemon_autopilot/shadow_predictions.jsonl,0.1951892305101361
Race 4 - BAL - 2026-06-10,2026-06-10,BAL,4,7,8,Lightning Range,7,False,False,0.046533649632885594,3.0675795800767607,1,True,True,0.5268930960358073,0.6407576048403918,6,8,/mnt/tenn-nvme2/tenn/offloaded-home/l4nd0/greyhound-autonomous-accuracy-odds-v1-20260610/artifacts/full_evidence_orchestration_20260525/daily_race_ingest_shadow_20260610T185649+1000_daemon_autopilot/shadow_predictions.jsonl,0.046533649632885594
Race 4 - CAPALABA - 2026-06-14,2026-06-14,CAPALABA,4,8,7,Avoid The Noise,5,False,False,0.10780325230525262,2.2274474511548017,1,True,True,0.5737049418099273,0.5556400534843985,2,7,/mnt/tenn-nvme2/tenn/offloaded-home/l4nd0/greyhound-autonomous-accuracy-odds-v1-20260610/artifacts/full_evidence_orchestration_20260525/daily_race_ingest_shadow_20260614T121949+1000_daemon_autopilot/shadow_predictions.jsonl,0.10780325230525262
Race 4 - CAPALABA - 2026-06-17,2026-06-17,CAPALABA,4,8,3,Pierre Hayze,2,False,True,0.1267175708012791,2.065794520912903,6,False,False,0.01564527976161672,4.157586020166474,8,6,/mnt/tenn-nvme2/tenn/offloaded-home/l4nd0/greyhound-autonomous-accuracy-odds-v1-20260610/artifacts/full_evidence_orchestration_20260525/daily_race_ingest_shadow_20260617T123200+1000_daemon_autopilot/shadow_predictions.jsonl,0.12671757080127913
Race 4 - CAPALABA - 2026-06-21,2026-06-21,CAPALABA,4,6,5,Brookers Road,1,True,True,0.28900405767134046,1.241314550583009,1,True,True,0.48028148365342327,0.7333829226817593,5,5,/mnt/tenn-nvme2/tenn/offloaded-home/l4nd0/greyhound-autonomous-accuracy-odds-v1-20260610/artifacts/full_evidence_orchestration_20260525/daily_race_ingest_shadow_20260621T124710+1000_daemon_autopilot/shadow_predictions.jsonl,0.2890040576713404
Race 4 - DUBBO - 2026-06-13,2026-06-13,DUBBO,4,6,2,Cindys Patch,1,True,True,0.41385425402581527,0.8822414105545584,1,True,True,0.6559832786130799,0.421619980282007,2,2,/mnt/tenn-nvme2/tenn/offloaded-home/l4nd0/greyhound-autonomous-accuracy-odds-v1-20260610/artifacts/full_evidence_orchestration_20260525/daily_race_ingest_shadow_20260613T160211+1000_daemon_autopilot/shadow_predictions.jsonl,0.41385425402581527
Race 4 - GEE - 2026-06-12,2026-06-12,GEE,4,8,2,Stojanovic,3,False,True,0.12117590587146501,2.1105120215496123,3,False,True,0.10875534663837068,2.218654445731113,3,4,/mnt/tenn-nvme2/tenn/offloaded-home/l4nd0/greyhound-autonomous-accuracy-odds-v1-20260610/artifacts/full_evidence_orchestration_20260525/daily_race_ingest_shadow_20260612T153525+1000_daemon_autopilot/shadow_predictions.jsonl,0.121175905871465
Race 4 - GEE - 2026-06-13,2026-06-13,GEE,4,7,2,Rampage Rocky,1,True,True,0.49654667740328967,0.7000777870189878,1,True,True,0.5615204245341232,0.577107130515729,2,2,/mnt/tenn-nvme2/tenn/offloaded-home/l4nd0/greyhound-autonomous-accuracy-odds-v1-20260610/artifacts/full_evidence_orchestration_20260525/daily_race_ingest_shadow_20260613T160211+1000_daemon_autopilot/shadow_predictions.jsonl,0.49654667740328967
Race 4 - GOULBURN - 2026-06-12,2026-06-12,GOULBURN,4,6,1,Swift Secret,1,True,True,0.5928778389608996,0.5227669063313404,1,True,True,0.4931082714764499,0.7070265114525717,1,1,/mnt/tenn-nvme2/tenn/offloaded-home/l4nd0/greyhound-autonomous-accuracy-odds-v1-20260610/artifacts/full_evidence_orchestration_20260525/daily_race_ingest_shadow_20260612T133320+1000_daemon_autopilot/shadow_predictions.jsonl,0.5928778389608996
Race 4 - GOULBURN - 2026-06-19,2026-06-19,GOULBURN,4,5,2,Baby Face Bandit,1,True,True,0.4168497112172032,0.8750295268996464,1,True,True,0.5780833602725252,0.5480371987839575,2,2,/mnt/tenn-nvme2/tenn/offloaded-home/l4nd0/greyhound-autonomous-accuracy-odds-v1-20260610/artifacts/full_evidence_orchestration_20260525/daily_race_ingest_shadow_20260619T131707+1000_daemon_autopilot/shadow_predictions.jsonl,0.4168497112172032
Race 4 - GRDN - 2026-06-13,2026-06-13,GRDN,4,8,3,Reborn Mystique,2,False,True,0.26674383214281266,1.3214665113063502,1,True,True,0.39574953838006166,0.9269737466650018,5,3,/mnt/tenn-nvme2/tenn/offloaded-home/l4nd0/greyhound-autonomous-accuracy-odds-v1-20260610/artifacts/full_evidence_orchestration_20260525/daily_race_ingest_shadow_20260613T193731+1000_daemon_autopilot/shadow_predictions.jsonl,0.2667438321428126
Race 4 - GUNNEDAH - 2026-06-17,2026-06-17,GUNNEDAH,4,8,2,Armatree Pesto,1,True,True,0.191662751836668,1.6520179522614866,3,False,True,0.09129873064181816,2.3936183946342915,2,5,/mnt/tenn-nvme2/tenn/offloaded-home/l4nd0/greyhound-autonomous-accuracy-odds-v1-20260610/artifacts/full_evidence_orchestration_20260525/daily_race_ingest_shadow_20260617T144700+1000_daemon_autopilot/shadow_predictions.jsonl,0.19166275183666795
Race 4 - HEA - 2026-06-12,2026-06-12,HEA,4,8,6,Game Of Phones,8,False,False,0.01907692943846183,3.95927555681099,6,False,False,0.027089646212581853,3.60860368267577,2,1,/mnt/tenn-nvme2/tenn/offloaded-home/l4nd0/greyhound-autonomous-accuracy-odds-v1-20260610/artifacts/full_evidence_orchestration_20260525/daily_race_ingest_shadow_20260612T111711+1000_daemon_autopilot/shadow_predictions.jsonl,0.01907692943846183
Race 4 - HEA - 2026-06-14,2026-06-14,HEA,4,7,2,Especial Kai,1,True,True,0.3793457506547268,0.9693072189090673,1,True,True,0.514035051441442,0.6654638223862002,2,2,/mnt/tenn-nvme2/tenn/offloaded-home/l4nd0/greyhound-autonomous-accuracy-odds-v1-20260610/artifacts/full_evidence_orchestration_20260525/daily_race_ingest_shadow_20260614T110200+1000_daemon_autopilot/shadow_predictions.jsonl,0.3793457506547269
Race 4 - HEA - 2026-06-16,2026-06-16,HEA,4,8,6,Herbie,3,False,True,0.1312196273612106,2.0308828148712164,1,True,True,0.5684599619275903,0.5648243958396869,4,6,/mnt/tenn-nvme2/tenn/offloaded-home/l4nd0/greyhound-autonomous-accuracy-odds-v1-20260610/artifacts/full_evidence_orchestration_20260525/daily_race_ingest_shadow_20260616T110200+1000_daemon_autopilot/shadow_predictions.jsonl,0.1312196273612106
Race 4 - HEA - 2026-06-19,2026-06-19,HEA,4,8,2,Coco Tommy,7,False,False,0.058766152267643736,2.834189231529592,1,True,True,0.537449828652755,0.6209198653783446,8,2,/mnt/tenn-nvme2/tenn/offloaded-home/l4nd0/greyhound-autonomous-accuracy-odds-v1-20260610/artifacts/full_evidence_orchestration_20260525/daily_race_ingest_shadow_20260619T110207+1000_daemon_autopilot/shadow_predictions.jsonl,0.058766152267643736
Race 4 - HEA - 2026-06-21,2026-06-21,HEA,4,8,3,Negative Nibbs,2,False,True,0.24091525658599008,1.4233100397519367,8,False,False,0.01561184021786682,4.159725664287829,5,8,/mnt/tenn-nvme2/tenn/offloaded-home/l4nd0/greyhound-autonomous-accuracy-odds-v1-20260610/artifacts/full_evidence_orchestration_20260525/daily_race_ingest_shadow_20260621T094711+1000_daemon_autopilot/shadow_predictions.jsonl,0.24091525658599008
Race 4 - LADBROKES-Q1-LAKESIDE - 2026-06-12,2026-06-12,LADBROKES-Q1-LAKESIDE,4,8,4,Boom Two Down,7,False,False,0.06976532297455633,2.6626181981846777,1,True,True,0.5680384432734786,0.5655661807317921,2,4,/mnt/tenn-nvme2/tenn/offloaded-home/l4nd0/greyhound-autonomous-accuracy-odds-v1-20260610/artifacts/full_evidence_orchestration_20260525/daily_race_ingest_shadow_20260612T153525+1000_daemon_autopilot/shadow_predictions.jsonl,0.06976532297455633
Race 4 - LADBROKES-Q1-LAKESIDE - 2026-06-13,2026-06-13,LADBROKES-Q1-LAKESIDE,4,7,1,Grace Ile,2,False,True,0.24620842675796525,1.4015768385309064,1,True,True,0.6292869522566339,0.46316792240544213,2,1,/mnt/tenn-nvme2/tenn/offloaded-home/l4nd0/greyhound-autonomous-accuracy-odds-v1-20260610/artifacts/full_evidence_orchestration_20260525/daily_race_ingest_shadow_20260613T160211+1000_daemon_autopilot/shadow_predictions.jsonl,0.24620842675796525
Race 4 - LADBROKES-Q1-LAKESIDE - 2026-06-17,2026-06-17,LADBROKES-Q1-LAKESIDE,4,8,1,Tripper Art,8,False,False,0.06164706973749852,2.786329581117806,2,False,True,0.16918577610367252,1.7767579009248549,8,8,/mnt/tenn-nvme2/tenn/offloaded-home/l4nd0/greyhound-autonomous-accuracy-odds-v1-20260610/artifacts/full_evidence_orchestration_20260525/daily_race_ingest_shadow_20260617T144700+1000_daemon_autopilot/shadow_predictions.jsonl,0.06164706973749852
Race 4 - LADBROKES-Q1-LAKESIDE - 2026-06-20,2026-06-20,LADBROKES-Q1-LAKESIDE,4,6,5,House Of Sins,1,True,True,0.30675256418904995,1.1817138362115476,1,True,True,0.6947475460379076,0.36420674251702856,5,5,/mnt/tenn-nvme2/tenn/offloaded-home/l4nd0/greyhound-autonomous-accuracy-odds-v1-20260610/artifacts/full_evidence_orchestration_20260525/daily_race_ingest_shadow_20260620T153211+1000_daemon_autopilot/shadow_predictions.jsonl,0.30675256418904995
Race 4 - MEADOWS - 2026-06-13,2026-06-13,MEADOWS,4,8,8,Miner Mick,3,False,True,0.09865967282161997,2.3160789994032074,4,False,False,0.12032403468629616,2.1175668863782624,3,3,/mnt/tenn-nvme2/tenn/offloaded-home/l4nd0/greyhound-autonomous-accuracy-odds-v1-20260610/artifacts/full_evidence_orchestration_20260525/daily_race_ingest_shadow_20260613T190200+1000_daemon_autopilot/shadow_predictions.jsonl,0.09865967282161994
Race 4 - MOUNT - 2026-06-14,2026-06-14,MOUNT,4,5,2,Rivia Umiko,2,False,True,0.11483997774783539,2.1642156174959646,2,False,True,0.20368809367146234,1.5911654077695807,1,1,/mnt/tenn-nvme2/tenn/offloaded-home/l4nd0/greyhound-autonomous-accuracy-odds-v1-20260610/artifacts/full_evidence_orchestration_20260525/daily_race_ingest_shadow_20260614T121949+1000_daemon_autopilot/shadow_predictions.jsonl,0.11483997774783539
Race 4 - MOUNT - 2026-06-18,2026-06-18,MOUNT,4,4,1,Extravagantly,1,True,True,0.420780624254373,0.8656436636416194,1,True,True,0.69893078221722,0.35820356566122724,1,1,/mnt/tenn-nvme2/tenn/offloaded-home/l4nd0/greyhound-autonomous-accuracy-odds-v1-20260610/artifacts/full_evidence_orchestration_20260525/daily_race_ingest_shadow_20260618T133209+1000_daemon_autopilot/shadow_predictions.jsonl,0.420780624254373
Race 4 - MOUNT - 2026-06-21,2026-06-21,MOUNT,4,6,2,My Mate Robbie,1,True,True,0.26114574403842256,1.342676621232732,2,False,True,0.27827671244490365,1.2791392918354065,2,8,/mnt/tenn-nvme2/tenn/offloaded-home/l4nd0/greyhound-autonomous-accuracy-odds-v1-20260610/artifacts/full_evidence_orchestration_20260525/daily_race_ingest_shadow_20260621T124710+1000_daemon_autopilot/shadow_predictions.jsonl,0.2611457440384226
Race 4 - MURRAY-BRIDGE-STRAIGHT - 2026-06-17,2026-06-17,MURRAY-BRIDGE-STRAIGHT,4,5,8,Fear The Dragon,5,False,False,0.07853732326154443,2.54418131162588,1,True,True,0.6645569620253164,0.40863468286944343,1,8,/mnt/tenn-nvme2/tenn/offloaded-home/l4nd0/greyhound-autonomous-accuracy-odds-v1-20260610/artifacts/full_evidence_orchestration_20260525/daily_race_ingest_shadow_20260617T120200+1000_daemon_autopilot/shadow_predictions.jsonl,0.07853732326154443
Race 4 - NOR - 2026-06-15,2026-06-15,NOR,4,5,4,Elite General,5,False,False,0.06874029120789125,2.677419771202078,2,False,True,0.25802832702285794,1.3546859054252722,2,6,/mnt/tenn-nvme2/tenn/offloaded-home/l4nd0/greyhound-autonomous-accuracy-odds-v1-20260610/artifacts/full_evidence_orchestration_20260525/daily_race_ingest_shadow_20260615T154711+1000_daemon_autopilot/shadow_predictions.jsonl,0.06874029120789125
Race 4 - RICH - 2026-06-12,2026-06-12,RICH,4,8,2,Little Kade,2,False,True,0.13362394708721706,2.012725789277199,1,True,True,0.5128666546697858,0.6677394000172252,6,2,/mnt/tenn-nvme2/tenn/offloaded-home/l4nd0/greyhound-autonomous-accuracy-odds-v1-20260610/artifacts/full_evidence_orchestration_20260525/daily_race_ingest_shadow_20260612T193211+1000_daemon_autopilot/shadow_predictions.jsonl,0.13362394708721706
Race 4 - RICHMOND-STRAIGHT - 2026-06-18,2026-06-18,RICHMOND-STRAIGHT,4,8,8,Hotshot Lily,4,False,False,0.11536038934261923,2.1596942304284887,1,True,True,0.4636817590533339,0.7685568261774651,4,8,/mnt/tenn-nvme2/tenn/offloaded-home/l4nd0/greyhound-autonomous-accuracy-odds-v1-20260610/artifacts/full_evidence_orchestration_20260525/daily_race_ingest_shadow_20260618T123203+1000_daemon_autopilot/shadow_predictions.jsonl,0.11536038934261923
Race 4 - SAL - 2026-06-17,2026-06-17,SAL,4,7,8,Julies Girl,4,False,False,0.14551463071687737,1.9274786426707093,7,False,False,0.039886728597575714,3.221711627017603,2,2,/mnt/tenn-nvme2/tenn/offloaded-home/l4nd0/greyhound-autonomous-accuracy-odds-v1-20260610/artifacts/full_evidence_orchestration_20260525/daily_race_ingest_shadow_20260617T120200+1000_daemon_autopilot/shadow_predictions.jsonl,0.14551463071687734
Race 4 - SAN - 2026-06-11,2026-06-11,SAN,4,6,4,Hes Magic,4,False,False,0.09105266612948368,2.3963171912000676,1,True,True,0.3986585002076927,0.9196501177783429,2,4,/mnt/tenn-nvme2/tenn/offloaded-home/l4nd0/greyhound-autonomous-accuracy-odds-v1-20260610/artifacts/full_evidence_orchestration_20260525/daily_race_ingest_shadow_20260611T193649+1000_patched_gate_validation_daemon_autopilot/shadow_predictions.jsonl,0.09105266612948368
Race 4 - SHEPPARTON - 2026-06-15,2026-06-15,SHEPPARTON,4,8,7,Whipstick Bobbi,8,False,False,0.06802214277268757,2.6879219978015385,2,False,True,0.15712655915110435,1.8507036891226807,1,5,/mnt/tenn-nvme2/tenn/offloaded-home/l4nd0/greyhound-autonomous-accuracy-odds-v1-20260610/artifacts/full_evidence_orchestration_20260525/daily_race_ingest_shadow_20260615T103200+1000_daemon_autopilot/shadow_predictions.jsonl,0.06802214277268756
Race 4 - SHEPPARTON - 2026-06-18,2026-06-18,SHEPPARTON,4,8,8,On The River,3,False,True,0.11265831098700921,2.1833958377546234,1,True,True,0.5379666236912917,0.6199587584933018,2,8,/mnt/tenn-nvme2/tenn/offloaded-home/l4nd0/greyhound-autonomous-accuracy-odds-v1-20260610/artifacts/full_evidence_orchestration_20260525/daily_race_ingest_shadow_20260618T094700+1000_daemon_autopilot/shadow_predictions.jsonl,0.11265831098700921
Race 4 - TAREE - 2026-06-20,2026-06-20,TAREE,4,6,2,Dolly Dawn,1,True,True,0.2113445122314571,1.554265717617741,1,True,True,0.616730548022969,0.4833230635544952,2,2,/mnt/tenn-nvme2/tenn/offloaded-home/l4nd0/greyhound-autonomous-accuracy-odds-v1-20260610/artifacts/full_evidence_orchestration_20260525/daily_race_ingest_shadow_20260620T073202+1000_daemon_autopilot/shadow_predictions.jsonl,0.2113445122314571
Race 4 - TEMORA - 2026-06-17,2026-06-17,TEMORA,4,7,8,Tommys Ava,5,False,False,0.06943044782468945,2.6674297782206247,2,False,True,0.22416514677919466,1.4953722363643993,3,4,/mnt/tenn-nvme2/tenn/offloaded-home/l4nd0/greyhound-autonomous-accuracy-odds-v1-20260610/artifacts/full_evidence_orchestration_20260525/daily_race_ingest_shadow_20260617T124700+1000_daemon_autopilot/shadow_predictions.jsonl,0.06943044782468943
Race 4 - TOWNSVILLE - 2026-06-19,2026-06-19,TOWNSVILLE,4,8,4,Sand Express,5,False,False,0.07540758333588654,2.5848474342790215,3,False,True,0.11793054182936157,2.137659456391012,8,1,/mnt/tenn-nvme2/tenn/offloaded-home/l4nd0/greyhound-autonomous-accuracy-odds-v1-20260610/artifacts/full_evidence_orchestration_20260525/daily_race_ingest_shadow_20260619T121700+1000_daemon_autopilot/shadow_predictions.jsonl,0.07540758333588654
Race 4 - TRA - 2026-06-12,2026-06-12,TRA,4,8,4,Paw Prydi,8,False,False,0.06386722664710295,2.750948934191023,4,False,False,0.06154480590450188,2.787989818141613,2,1,/mnt/tenn-nvme2/tenn/offloaded-home/l4nd0/greyhound-autonomous-accuracy-odds-v1-20260610/artifacts/full_evidence_orchestration_20260525/daily_race_ingest_shadow_20260612T193211+1000_daemon_autopilot/shadow_predictions.jsonl,0.06386722664710295
Race 4 - TRA - 2026-06-15,2026-06-15,TRA,4,5,1,Miss Jeckell,2,False,True,0.30061401600383425,1.201928175990994,4,False,False,0.08554686542280628,2.458690919609698,2,4,/mnt/tenn-nvme2/tenn/offloaded-home/l4nd0/greyhound-autonomous-accuracy-odds-v1-20260610/artifacts/full_evidence_orchestration_20260525/daily_race_ingest_shadow_20260615T140211+1000_daemon_autopilot/shadow_predictions.jsonl,0.3006140160038342
Race 4 - WAGGA - 2026-06-12,2026-06-12,WAGGA,4,6,1,Call Me Snuggles,1,True,True,0.30750438616437326,1.1792659278881124,1,True,True,0.5528391421075605,0.5926882020390634,1,1,/mnt/tenn-nvme2/tenn/offloaded-home/l4nd0/greyhound-autonomous-accuracy-odds-v1-20260610/artifacts/full_evidence_orchestration_20260525/daily_race_ingest_shadow_20260612T191711+1000_daemon_autopilot/shadow_predictions.jsonl,0.30750438616437326
Race 4 - WAR - 2026-06-11,2026-06-11,WAR,4,8,2,Naughty Norm,8,False,False,0.02387222470910356,3.7350396419226684,3,False,True,0.07983066223162989,2.5278476098354763,3,3,/mnt/tenn-nvme2/tenn/offloaded-home/l4nd0/greyhound-autonomous-accuracy-odds-v1-20260610/artifacts/full_evidence_orchestration_20260525/daily_race_ingest_shadow_20260611T174319+1000_daemon_autopilot/shadow_predictions.jsonl,0.02387222470910356
Race 4 - WAR - 2026-06-15,2026-06-15,WAR,4,8,8,Paw Vanna,2,False,True,0.18512653691298733,1.6867157044003451,3,False,True,0.1675565473679526,1.786434388463217,2,3,/mnt/tenn-nvme2/tenn/offloaded-home/l4nd0/greyhound-autonomous-accuracy-odds-v1-20260610/artifacts/full_evidence_orchestration_20260525/daily_race_ingest_shadow_20260615T140211+1000_daemon_autopilot/shadow_predictions.jsonl,0.18512653691298736
Race 4 - WPK - 2026-06-11,2026-06-11,WPK,4,6,7,Gypsy Ibrox,4,False,False,0.1072158553984191,2.2329111364462784,1,True,True,0.49147999584836777,0.7103340404299714,5,7,/mnt/tenn-nvme2/tenn/offloaded-home/l4nd0/greyhound-autonomous-accuracy-odds-v1-20260610/artifacts/full_evidence_orchestration_20260525/daily_race_ingest_shadow_20260611T193649+1000_patched_gate_validation_daemon_autopilot/shadow_predictions.jsonl,0.10721585539841907
Race 4 - WPK - 2026-06-13,2026-06-13,WPK,4,6,5,Unleash In Miami,2,False,True,0.20553703365085546,1.5821290488692321,2,False,True,0.23097041248312059,1.4654656611525176,2,2,/mnt/tenn-nvme2/tenn/offloaded-home/l4nd0/greyhound-autonomous-accuracy-odds-v1-20260610/artifacts/full_evidence_orchestration_20260525/daily_race_ingest_shadow_20260613T193731+1000_daemon_autopilot/shadow_predictions.jsonl,0.20553703365085552
Race 4 - WRGL - 2026-06-20,2026-06-20,WRGL,4,5,8,Bub Who,5,False,False,0.13330340995782639,2.015127471045697,2,False,True,0.23864221692280554,1.4327898489981206,7,7,/mnt/tenn-nvme2/tenn/offloaded-home/l4nd0/greyhound-autonomous-accuracy-odds-v1-20260610/artifacts/full_evidence_orchestration_20260525/daily_race_ingest_shadow_20260620T153211+1000_daemon_autopilot/shadow_predictions.jsonl,0.13330340995782639
Race 5 - AP_K - 2026-06-11,2026-06-11,AP_K,5,6,2,Wilmas Our Girl,1,True,True,0.2688433798661966,1.3136262999232566,2,False,True,0.35151346073371464,1.0455072733474031,2,1,/mnt/tenn-nvme2/tenn/offloaded-home/l4nd0/greyhound-autonomous-accuracy-odds-v1-20260610/artifacts/full_evidence_orchestration_20260525/daily_race_ingest_shadow_20260611T193649+1000_patched_gate_validation_daemon_autopilot/shadow_predictions.jsonl,0.2688433798661966
Race 5 - AP_K - 2026-06-16,2026-06-16,AP_K,5,5,1,Our Bella Rose,5,False,False,0.10670891567684916,2.2376505658067605,1,True,True,0.4687614760153978,0.7576612198310179,8,1,/mnt/tenn-nvme2/tenn/offloaded-home/l4nd0/greyhound-autonomous-accuracy-odds-v1-20260610/artifacts/full_evidence_orchestration_20260525/daily_race_ingest_shadow_20260616T130211+1000_daemon_autopilot/shadow_predictions.jsonl,0.10670891567684916
Race 5 - BAL - 2026-06-10,2026-06-10,BAL,5,7,6,Spanish Fawn,4,False,False,0.12000720339615792,2.1202035097004015,3,False,True,0.13266162606006782,2.019953557609721,1,3,/mnt/tenn-nvme2/tenn/offloaded-home/l4nd0/greyhound-autonomous-accuracy-odds-v1-20260610/artifacts/full_evidence_orchestration_20260525/daily_race_ingest_shadow_20260610T191153+1000_daemon_autopilot/shadow_predictions.jsonl,0.12000720339615792
Race 5 - BEN - 2026-06-17,2026-06-17,BEN,5,8,3,Paw Jaxson,2,False,True,0.16665218930337886,1.7918463371806932,1,True,True,0.48117261412273354,0.7315292081330337,5,3,/mnt/tenn-nvme2/tenn/offloaded-home/l4nd0/greyhound-autonomous-accuracy-odds-v1-20260610/artifacts/full_evidence_orchestration_20260525/daily_race_ingest_shadow_20260617T144700+1000_daemon_autopilot/shadow_predictions.jsonl,0.16665218930337883
Race 5 - CAPALABA - 2026-06-17,2026-06-17,CAPALABA,5,7,7,Clean Engines,3,False,True,0.18752271726949019,1.6738552821401882,1,True,True,0.562233200517147,0.5758385676159608,8,7,/mnt/tenn-nvme2/tenn/offloaded-home/l4nd0/greyhound-autonomous-accuracy-odds-v1-20260610/artifacts/full_evidence_orchestration_20260525/daily_race_ingest_shadow_20260617T124700+1000_daemon_autopilot/shadow_predictions.jsonl,0.18752271726949019
Race 5 - CAPALABA - 2026-06-21,2026-06-21,CAPALABA,5,7,8,Chad Powers,1,True,True,0.30258254480035957,1.1954011633618646,1,True,True,0.5437700484648863,0.6092288265189314,8,8,/mnt/tenn-nvme2/tenn/offloaded-home/l4nd0/greyhound-autonomous-accuracy-odds-v1-20260610/artifacts/full_evidence_orchestration_20260525/daily_race_ingest_shadow_20260621T124710+1000_daemon_autopilot/shadow_predictions.jsonl,0.30258254480035957
Race 5 - CASO - 2026-06-11,2026-06-11,CASO,5,7,2,Wilgunya Knight,1,True,True,0.30131855809020747,1.1995872413467012,1,True,True,0.626998645904939,0.46681089799279396,2,2,/mnt/tenn-nvme2/tenn/offloaded-home/l4nd0/greyhound-autonomous-accuracy-odds-v1-20260610/artifacts/full_evidence_orchestration_20260525/daily_race_ingest_shadow_20260611T155616+1000_daemon_autopilot/shadow_predictions.jsonl,0.30131855809020747
Race 5 - DUBBO - 2026-06-13,2026-06-13,DUBBO,5,7,6,Clarice Keeping,4,False,False,0.10317573329249495,2.271321596099594,1,True,True,0.5324284000819121,0.6303068503791762,2,6,/mnt/tenn-nvme2/tenn/offloaded-home/l4nd0/greyhound-autonomous-accuracy-odds-v1-20260610/artifacts/full_evidence_orchestration_20260525/daily_race_ingest_shadow_20260613T160211+1000_daemon_autopilot/shadow_predictions.jsonl,0.10317573329249494
Race 5 - GEE - 2026-06-13,2026-06-13,GEE,5,8,7,Paw Yennara,5,False,False,0.11537924666042003,2.159530779378904,6,False,False,0.043661541163348715,3.1312876292770038,2,8,/mnt/tenn-nvme2/tenn/offloaded-home/l4nd0/greyhound-autonomous-accuracy-odds-v1-20260610/artifacts/full_evidence_orchestration_20260525/daily_race_ingest_shadow_20260613T160211+1000_daemon_autopilot/shadow_predictions.jsonl,0.11537924666042003
Race 5 - GOULBURN - 2026-06-19,2026-06-19,GOULBURN,5,7,3,Zippy Zenden,1,True,True,0.41145325505217634,0.8880598617885977,3,False,True,0.13091400307546924,2.033214636421282,3,4,/mnt/tenn-nvme2/tenn/offloaded-home/l4nd0/greyhound-autonomous-accuracy-odds-v1-20260610/artifacts/full_evidence_orchestration_20260525/daily_race_ingest_shadow_20260619T134709+1000_daemon_autopilot/shadow_predictions.jsonl,0.41145325505217634
Race 5 - GRAFTON - 2026-06-16,2026-06-16,GRAFTON,5,8,5,Full Twist,8,False,False,0.010719697725838211,4.535672320953615,4,False,False,0.08581802001293297,2.455526271079303,7,6,/mnt/tenn-nvme2/tenn/offloaded-home/l4nd0/greyhound-autonomous-accuracy-odds-v1-20260610/artifacts/full_evidence_orchestration_20260525/daily_race_ingest_shadow_20260616T161700+1000_daemon_autopilot/shadow_predictions.jsonl,0.010719697725838211
Race 5 - GRAFTON - 2026-06-20,2026-06-20,GRAFTON,5,8,3,Nangar Zara,3,False,True,0.14386138064433004,1.9389050774505803,2,False,True,0.2260916774551692,1.4868147095080642,1,2,/mnt/tenn-nvme2/tenn/offloaded-home/l4nd0/greyhound-autonomous-accuracy-odds-v1-20260610/artifacts/full_evidence_orchestration_20260525/daily_race_ingest_shadow_20260620T153211+1000_daemon_autopilot/shadow_predictions.jsonl,0.14386138064433004
Race 5 - GRDN - 2026-06-13,2026-06-13,GRDN,5,8,5,Pirate Riot,7,False,False,0.05784949285278793,2.8499105919705423,2,False,True,0.14101970020343668,1.9588556806087152,3,2,/mnt/tenn-nvme2/tenn/offloaded-home/l4nd0/greyhound-autonomous-accuracy-odds-v1-20260610/artifacts/full_evidence_orchestration_20260525/daily_race_ingest_shadow_20260613T195408+1000_daemon_autopilot/shadow_predictions.jsonl,0.05784949285278793
Race 5 - GUNNEDAH - 2026-06-10,2026-06-10,GUNNEDAH,5,6,5,Give A Little,6,False,False,0.03845340700459569,3.258307978253905,3,False,True,0.14921277404995234,1.902381977920614,1,4,/mnt/tenn-nvme2/tenn/offloaded-home/l4nd0/greyhound-autonomous-accuracy-odds-v1-20260610/artifacts/full_evidence_orchestration_20260525/daily_race_ingest_shadow_20260610T161200_stage2_odds_same_run_autopilot/shadow_predictions.jsonl,0.03845340700459568
Race 5 - GUNNEDAH - 2026-06-17,2026-06-17,GUNNEDAH,5,8,6,Rainbow Ray,3,False,True,0.1327244851066093,2.01947983992012,7,False,False,0.055365314100427276,2.8938019805811614,2,2,/mnt/tenn-nvme2/tenn/offloaded-home/l4nd0/greyhound-autonomous-accuracy-odds-v1-20260610/artifacts/full_evidence_orchestration_20260525/daily_race_ingest_shadow_20260617T144700+1000_daemon_autopilot/shadow_predictions.jsonl,0.1327244851066093
Race 5 - HEA - 2026-06-12,2026-06-12,HEA,5,8,3,Fire Up Mark,2,False,True,0.18739598092726192,1.674531355900527,3,False,True,0.13722704791124055,1.986118440910116,2,8,/mnt/tenn-nvme2/tenn/offloaded-home/l4nd0/greyhound-autonomous-accuracy-odds-v1-20260610/artifacts/full_evidence_orchestration_20260525/daily_race_ingest_shadow_20260612T113211+1000_daemon_autopilot/shadow_predictions.jsonl,0.18739598092726192
Race 5 - HEA - 2026-06-16,2026-06-16,HEA,5,8,4,Diplomat,1,True,True,0.3803750635195235,0.9665975037731697,2,False,True,0.14521655177285758,1.9295291901621248,4,8,/mnt/tenn-nvme2/tenn/offloaded-home/l4nd0/greyhound-autonomous-accuracy-odds-v1-20260610/artifacts/full_evidence_orchestration_20260525/daily_race_ingest_shadow_20260616T120200+1000_daemon_autopilot/shadow_predictions.jsonl,0.3803750635195235
Race 5 - HEA - 2026-06-19,2026-06-19,HEA,5,8,7,Theos Dim Sim,1,True,True,0.32558017010959694,1.122146549320194,5,False,False,0.037321615093160364,3.2881826270594443,7,2,/mnt/tenn-nvme2/tenn/offloaded-home/l4nd0/greyhound-autonomous-accuracy-odds-v1-20260610/artifacts/full_evidence_orchestration_20260525/daily_race_ingest_shadow_20260619T110207+1000_daemon_autopilot/shadow_predictions.jsonl,0.3255801701095969
Race 5 - HEA - 2026-06-21,2026-06-21,HEA,5,8,2,Regal Spencer,1,True,True,0.28536643586647736,1.2539811846868179,8,False,False,0.02173253610199651,3.8289447818139295,2,7,/mnt/tenn-nvme2/tenn/offloaded-home/l4nd0/greyhound-autonomous-accuracy-odds-v1-20260610/artifacts/full_evidence_orchestration_20260525/daily_race_ingest_shadow_20260621T094711+1000_daemon_autopilot/shadow_predictions.jsonl,0.2853664358664773
Race 5 - HOBT - 2026-06-16,2026-06-16,HOBT,5,8,7,Juneau Pete,7,False,False,0.06959088958775221,2.6651216169371854,1,True,True,0.5027985095725761,0.6875657665254578,4,7,/mnt/tenn-nvme2/tenn/offloaded-home/l4nd0/greyhound-autonomous-accuracy-odds-v1-20260610/artifacts/full_evidence_orchestration_20260525/daily_race_ingest_shadow_20260616T121700+1000_daemon_autopilot/shadow_predictions.jsonl,0.0695908895877522
Race 5 - LADBROKES-Q1-LAKESIDE - 2026-06-13,2026-06-13,LADBROKES-Q1-LAKESIDE,5,8,5,Mccluggage,2,False,True,0.19061227705649952,1.6575138771580613,4,False,False,0.07340942284988616,2.611702974899804,2,1,/mnt/tenn-nvme2/tenn/offloaded-home/l4nd0/greyhound-autonomous-accuracy-odds-v1-20260610/artifacts/full_evidence_orchestration_20260525/daily_race_ingest_shadow_20260613T160211+1000_daemon_autopilot/shadow_predictions.jsonl,0.1906122770564995
Race 5 - LADBROKES-Q1-LAKESIDE - 2026-06-17,2026-06-17,LADBROKES-Q1-LAKESIDE,5,8,4,Best Edition,6,False,False,0.0978437371763591,2.3243835915179094,1,True,True,0.4856846864142464,0.7221956590254738,7,4,/mnt/tenn-nvme2/tenn/offloaded-home/l4nd0/greyhound-autonomous-accuracy-odds-v1-20260610/artifacts/full_evidence_orchestration_20260525/daily_race_ingest_shadow_20260617T144700+1000_daemon_autopilot/shadow_predictions.jsonl,0.0978437371763591
Race 5 - MAND - 2026-06-12,2026-06-12,MAND,5,8,2,Sunset Agrippina,1,True,True,0.22904765371014388,1.4738252022724962,3,False,True,0.14685145865836266,1.9183336884051396,2,8,/mnt/tenn-nvme2/tenn/offloaded-home/l4nd0/greyhound-autonomous-accuracy-odds-v1-20260610/artifacts/full_evidence_orchestration_20260525/daily_race_ingest_shadow_20260612T213638+1000_daemon_autopilot/shadow_predictions.jsonl,0.22904765371014393
Race 5 - MOUNT - 2026-06-14,2026-06-14,MOUNT,5,8,1,Something Good,1,True,True,0.511276260570505,0.6708452075252028,1,True,True,0.6046075411985281,0.503175723676975,1,1,/mnt/tenn-nvme2/tenn/offloaded-home/l4nd0/greyhound-autonomous-accuracy-odds-v1-20260610/artifacts/full_evidence_orchestration_20260525/daily_race_ingest_shadow_20260614T124700+1000_daemon_autopilot/shadow_predictions.jsonl,0.511276260570505
Race 5 - MOUNT - 2026-06-18,2026-06-18,MOUNT,5,6,4,Fantastic Ada,3,False,True,0.17122451126897692,1.7647796522227153,1,True,True,0.42783409586740534,0.8490197850249283,8,4,/mnt/tenn-nvme2/tenn/offloaded-home/l4nd0/greyhound-autonomous-accuracy-odds-v1-20260610/artifacts/full_evidence_orchestration_20260525/daily_race_ingest_shadow_20260618T134711+1000_daemon_autopilot/shadow_predictions.jsonl,0.17122451126897695
Race 5 - MOUNT - 2026-06-21,2026-06-21,MOUNT,5,7,3,Pinky Rocks,4,False,False,0.1456358500175192,1.9266459508795761,1,True,True,0.5120216728750423,0.6693883250044445,7,3,/mnt/tenn-nvme2/tenn/offloaded-home/l4nd0/greyhound-autonomous-accuracy-odds-v1-20260610/artifacts/full_evidence_orchestration_20260525/daily_race_ingest_shadow_20260621T124710+1000_daemon_autopilot/shadow_predictions.jsonl,0.1456358500175192
Race 5 - MURR - 2026-06-12,2026-06-12,MURR,5,6,7,Solar Habit,3,False,True,0.19459272440610131,1.636846497359266,1,True,True,0.44434924850388546,0.8111444300247261,1,7,/mnt/tenn-nvme2/tenn/offloaded-home/l4nd0/greyhound-autonomous-accuracy-odds-v1-20260610/artifacts/full_evidence_orchestration_20260525/daily_race_ingest_shadow_20260612T162453+1000_daemon_autopilot/shadow_predictions.jsonl,0.19459272440610137
Race 5 - MURRAY-BRIDGE-STRAIGHT - 2026-06-17,2026-06-17,MURRAY-BRIDGE-STRAIGHT,5,6,2,Paw Leon,2,False,True,0.15662524626447638,1.8538992934480578,1,True,True,0.4538528262264603,0.7899823048030217,5,2,/mnt/tenn-nvme2/tenn/offloaded-home/l4nd0/greyhound-autonomous-accuracy-odds-v1-20260610/artifacts/full_evidence_orchestration_20260525/daily_race_ingest_shadow_20260617T121700+1000_daemon_autopilot/shadow_predictions.jsonl,0.15662524626447635
Race 5 - NOR - 2026-06-15,2026-06-15,NOR,5,7,7,Sunset Paris,4,False,False,0.09860613596177618,2.316621788460149,7,False,False,0.05767213072009532,2.852981225269595,1,8,/mnt/tenn-nvme2/tenn/offloaded-home/l4nd0/greyhound-autonomous-accuracy-odds-v1-20260610/artifacts/full_evidence_orchestration_20260525/daily_race_ingest_shadow_20260615T164700+1000_daemon_autopilot/shadow_predictions.jsonl,0.09860613596177618
Race 5 - NOWRA - 2026-06-11,2026-06-11,NOWRA,5,6,7,Ashby Gnocchi,5,False,False,0.05998913807493396,2.813591765232756,1,True,True,0.4680992312221217,0.7590749730143083,4,7,/mnt/tenn-nvme2/tenn/offloaded-home/l4nd0/greyhound-autonomous-accuracy-odds-v1-20260610/artifacts/full_evidence_orchestration_20260525/daily_race_ingest_shadow_20260611T191716+1000_daemon_autopilot/shadow_predictions.jsonl,0.05998913807493396
Race 5 - RICH - 2026-06-12,2026-06-12,RICH,5,8,4,Near Impossible,7,False,False,0.07277268104499243,2.6204146545782727,3,False,True,0.1327200231409271,2.0195134587409584,2,1,/mnt/tenn-nvme2/tenn/offloaded-home/l4nd0/greyhound-autonomous-accuracy-odds-v1-20260610/artifacts/full_evidence_orchestration_20260525/daily_race_ingest_shadow_20260612T194711+1000_daemon_autopilot/shadow_predictions.jsonl,0.07277268104499245
Race 5 - RICHMOND-STRAIGHT - 2026-06-18,2026-06-18,RICHMOND-STRAIGHT,5,8,4,Send It Silver,1,True,True,0.23365550751729916,1.453907438458045,2,False,True,0.12626087439124223,2.069405080743952,4,2,/mnt/tenn-nvme2/tenn/offloaded-home/l4nd0/greyhound-autonomous-accuracy-odds-v1-20260610/artifacts/full_evidence_orchestration_20260525/daily_race_ingest_shadow_20260618T130211+1000_daemon_autopilot/shadow_predictions.jsonl,0.23365550751729916
Race 5 - SAL - 2026-06-17,2026-06-17,SAL,5,7,3,Dr. Vienna,1,True,True,0.1864206861242605,1.6797494058266615,3,False,True,0.10668210585397857,2.2379018399495934,3,7,/mnt/tenn-nvme2/tenn/offloaded-home/l4nd0/greyhound-autonomous-accuracy-odds-v1-20260610/artifacts/full_evidence_orchestration_20260525/daily_race_ingest_shadow_20260617T121700+1000_daemon_autopilot/shadow_predictions.jsonl,0.1864206861242605
Race 5 - SAN - 2026-06-11,2026-06-11,SAN,5,8,3,Jorogumo,1,True,True,0.4686665162233898,0.7578638162824125,1,True,True,0.48025221283675107,0.7334438696673532,3,3,/mnt/tenn-nvme2/tenn/offloaded-home/l4nd0/greyhound-autonomous-accuracy-odds-v1-20260610/artifacts/full_evidence_orchestration_20260525/daily_race_ingest_shadow_20260611T193649+1000_patched_gate_validation_daemon_autopilot/shadow_predictions.jsonl,0.4686665162233898
Race 5 - SHEPPARTON - 2026-06-15,2026-06-15,SHEPPARTON,5,8,5,Ari Gold,5,False,False,0.08897139342181792,2.4194403831439577,6,False,False,0.048765741755699005,3.0207272258525766,2,2,/mnt/tenn-nvme2/tenn/offloaded-home/l4nd0/greyhound-autonomous-accuracy-odds-v1-20260610/artifacts/full_evidence_orchestration_20260525/daily_race_ingest_shadow_20260615T104700+1000_daemon_autopilot/shadow_predictions.jsonl,0.08897139342181792
Race 5 - SHEPPARTON - 2026-06-18,2026-06-18,SHEPPARTON,5,8,4,Hard Launch,6,False,False,0.08925734417616331,2.41623157401973,2,False,True,0.17829808598964011,1.7242984889455335,6,6,/mnt/tenn-nvme2/tenn/offloaded-home/l4nd0/greyhound-autonomous-accuracy-odds-v1-20260610/artifacts/full_evidence_orchestration_20260525/daily_race_ingest_shadow_20260618T104700+1000_daemon_autopilot/shadow_predictions.jsonl,0.08925734417616331
Race 5 - TAREE - 2026-06-13,2026-06-13,TAREE,5,8,5,Young Energy,1,True,True,0.2468306649354117,1.3990527445258307,2,False,True,0.08392405063291139,2.4778430482692504,5,7,/mnt/tenn-nvme2/tenn/offloaded-home/l4nd0/greyhound-autonomous-accuracy-odds-v1-20260610/artifacts/full_evidence_orchestration_20260525/daily_race_ingest_shadow_20260613T080200+1000_daemon_autopilot/shadow_predictions.jsonl,0.24683066493541167
Race 5 - TAREE - 2026-06-20,2026-06-20,TAREE,5,7,1,Riverside Levi,7,False,False,0.10825585800598725,2.2232577980349797,1,True,True,0.4557456205553062,0.7858204747831795,4,1,/mnt/tenn-nvme2/tenn/offloaded-home/l4nd0/greyhound-autonomous-accuracy-odds-v1-20260610/artifacts/full_evidence_orchestration_20260525/daily_race_ingest_shadow_20260620T073202+1000_daemon_autopilot/shadow_predictions.jsonl,0.10825585800598725
Race 5 - TEMORA - 2026-06-17,2026-06-17,TEMORA,5,8,1,Flashback Jim,3,False,True,0.10801972613752163,2.2254414191147958,2,False,True,0.23629300643791595,1.4426826913427122,2,7,/mnt/tenn-nvme2/tenn/offloaded-home/l4nd0/greyhound-autonomous-accuracy-odds-v1-20260610/artifacts/full_evidence_orchestration_20260525/daily_race_ingest_shadow_20260617T130200+1000_daemon_autopilot/shadow_predictions.jsonl,0.10801972613752163
Race 5 - TOWNSVILLE - 2026-06-19,2026-06-19,TOWNSVILLE,5,7,7,Raccoon Rusty,2,False,True,0.1821680746672974,1.7028255308743339,4,False,False,0.1295129912260563,2.0439740845261682,2,1,/mnt/tenn-nvme2/tenn/offloaded-home/l4nd0/greyhound-autonomous-accuracy-odds-v1-20260610/artifacts/full_evidence_orchestration_20260525/daily_race_ingest_shadow_20260619T131707+1000_daemon_autopilot/shadow_predictions.jsonl,0.1821680746672974
Race 5 - TRA - 2026-06-15,2026-06-15,TRA,5,7,1,Aston Timpana,5,False,False,0.11172136228779447,2.1917473442112043,4,False,False,0.1047374950408383,2.256298106391216,2,7,/mnt/tenn-nvme2/tenn/offloaded-home/l4nd0/greyhound-autonomous-accuracy-odds-v1-20260610/artifacts/full_evidence_orchestration_20260525/daily_race_ingest_shadow_20260615T140211+1000_daemon_autopilot/shadow_predictions.jsonl,0.11172136228779446
Race 5 - WAGGA - 2026-06-12,2026-06-12,WAGGA,5,8,5,Tango Anna,7,False,False,0.06661358588879822,2.708846729915101,5,False,False,0.06485749947248519,2.7355627315367776,2,2,/mnt/tenn-nvme2/tenn/offloaded-home/l4nd0/greyhound-autonomous-accuracy-odds-v1-20260610/artifacts/full_evidence_orchestration_20260525/daily_race_ingest_shadow_20260612T194711+1000_daemon_autopilot/shadow_predictions.jsonl,0.0666135858887982
Race 5 - WAR - 2026-06-15,2026-06-15,WAR,5,8,3,Paw London,1,True,True,0.3981658445347061,0.9208866656800526,2,False,True,0.14106907859333248,1.9585055894735006,3,8,/mnt/tenn-nvme2/tenn/offloaded-home/l4nd0/greyhound-autonomous-accuracy-odds-v1-20260610/artifacts/full_evidence_orchestration_20260525/daily_race_ingest_shadow_20260615T140211+1000_daemon_autopilot/shadow_predictions.jsonl,0.3981658445347062
Race 5 - WPK - 2026-06-11,2026-06-11,WPK,5,8,3,Bandit Lynne,4,False,False,0.11952262880019672,2.124249563192615,1,True,True,0.4290738722183336,0.8461261785650716,2,3,/mnt/tenn-nvme2/tenn/offloaded-home/l4nd0/greyhound-autonomous-accuracy-odds-v1-20260610/artifacts/full_evidence_orchestration_20260525/daily_race_ingest_shadow_20260611T193649+1000_patched_gate_validation_daemon_autopilot/shadow_predictions.jsonl,0.1195226288001967
Race 5 - WPK - 2026-06-13,2026-06-13,WPK,5,8,8,President Rolex,6,False,False,0.09178196213307475,2.388339491587675,2,False,True,0.1814157266048966,1.7069640493318545,6,4,/mnt/tenn-nvme2/tenn/offloaded-home/l4nd0/greyhound-autonomous-accuracy-odds-v1-20260610/artifacts/full_evidence_orchestration_20260525/daily_race_ingest_shadow_20260613T195408+1000_daemon_autopilot/shadow_predictions.jsonl,0.09178196213307475
Race 5 - WRGL - 2026-06-20,2026-06-20,WRGL,5,7,6,Dream On Allan,4,False,False,0.13896108472797952,1.973561351034997,6,False,False,0.06185150249292548,2.7830188879095883,4,1,/mnt/tenn-nvme2/tenn/offloaded-home/l4nd0/greyhound-autonomous-accuracy-odds-v1-20260610/artifacts/full_evidence_orchestration_20260525/daily_race_ingest_shadow_20260620T153211+1000_daemon_autopilot/shadow_predictions.jsonl,0.1389610847279795
Race 6 - AP_K - 2026-06-11,2026-06-11,AP_K,6,7,4,Take A Little,7,False,False,0.015386267531464997,4.174279886116257,5,False,False,0.07070590482861827,2.649226190067618,2,8,/mnt/tenn-nvme2/tenn/offloaded-home/l4nd0/greyhound-autonomous-accuracy-odds-v1-20260610/artifacts/full_evidence_orchestration_20260525/daily_race_ingest_shadow_20260611T2024_order_validation_daemon_autopilot/shadow_predictions.jsonl,0.015386267531465
Race 6 - AP_K - 2026-06-16,2026-06-16,AP_K,6,6,1,Evolve,5,False,False,0.0676099049650055,2.694000783515718,1,True,True,0.5508386164834284,0.5963134047750692,2,1,/mnt/tenn-nvme2/tenn/offloaded-home/l4nd0/greyhound-autonomous-accuracy-odds-v1-20260610/artifacts/full_evidence_orchestration_20260525/daily_race_ingest_shadow_20260616T131711+1000_daemon_autopilot/shadow_predictions.jsonl,0.06760990496500552
Race 6 - BEN - 2026-06-17,2026-06-17,BEN,6,8,6,Lightheartedness,2,False,True,0.17529751355499093,1.741270671097407,1,True,True,0.4366149848282329,0.828703513814789,3,6,/mnt/tenn-nvme2/tenn/offloaded-home/l4nd0/greyhound-autonomous-accuracy-odds-v1-20260610/artifacts/full_evidence_orchestration_20260525/daily_race_ingest_shadow_20260617T144700+1000_daemon_autopilot/shadow_predictions.jsonl,0.17529751355499096
Race 6 - CAPALABA - 2026-06-14,2026-06-14,CAPALABA,6,8,1,Bundy All Go,2,False,True,0.17542465701701987,1.7405456330002071,1,True,True,0.44862208929715874,0.8015744175885562,2,1,/mnt/tenn-nvme2/tenn/offloaded-home/l4nd0/greyhound-autonomous-accuracy-odds-v1-20260610/artifacts/full_evidence_orchestration_20260525/daily_race_ingest_shadow_20260614T130211+1000_daemon_autopilot/shadow_predictions.jsonl,0.17542465701701987
Race 6 - CAPALABA - 2026-06-17,2026-06-17,CAPALABA,6,6,2,Extreme Grunt,2,False,True,0.23027359406648423,1.4684871375808928,2,False,True,0.2120464968545842,1.5509497035725146,1,8,/mnt/tenn-nvme2/tenn/offloaded-home/l4nd0/greyhound-autonomous-accuracy-odds-v1-20260610/artifacts/full_evidence_orchestration_20260525/daily_race_ingest_shadow_20260617T130200+1000_daemon_autopilot/shadow_predictions.jsonl,0.23027359406648423
Race 6 - CAPALABA - 2026-06-21,2026-06-21,CAPALABA,6,8,1,Snapper Rocks,5,False,False,0.07369280002774367,2.6078501775341,6,False,False,0.047064742184039846,3.05623113186814,2,2,/mnt/tenn-nvme2/tenn/offloaded-home/l4nd0/greyhound-autonomous-accuracy-odds-v1-20260610/artifacts/full_evidence_orchestration_20260525/daily_race_ingest_shadow_20260621T124710+1000_daemon_autopilot/shadow_predictions.jsonl,0.07369280002774366
Race 6 - CASO - 2026-06-11,2026-06-11,CASO,6,8,7,Chads Girl,3,False,True,0.14707751735596586,1.916795502240304,1,True,True,0.5984805629892083,0.5133612307199802,8,7,/mnt/tenn-nvme2/tenn/offloaded-home/l4nd0/greyhound-autonomous-accuracy-odds-v1-20260610/artifacts/full_evidence_orchestration_20260525/daily_race_ingest_shadow_20260611T162658+1000_daemon_autopilot/shadow_predictions.jsonl,0.14707751735596586
Race 6 - GOULBURN - 2026-06-12,2026-06-12,GOULBURN,6,6,1,Paw Zeva,4,False,False,0.0952761791392464,2.3509754561324745,5,False,False,0.06861909673947168,2.6791844048638893,4,8,/mnt/tenn-nvme2/tenn/offloaded-home/l4nd0/greyhound-autonomous-accuracy-odds-v1-20260610/artifacts/full_evidence_orchestration_20260525/daily_race_ingest_shadow_20260612T142126+1000_daemon_autopilot/shadow_predictions.jsonl,0.09527617913924637
Race 6 - GOULBURN - 2026-06-19,2026-06-19,GOULBURN,6,8,1,Sovereign Reign,1,True,True,0.3037021571037256,1.1917078042104308,1,True,True,0.6090608604413229,0.49583708122219067,1,1,/mnt/tenn-nvme2/tenn/offloaded-home/l4nd0/greyhound-autonomous-accuracy-odds-v1-20260610/artifacts/full_evidence_orchestration_20260525/daily_race_ingest_shadow_20260619T140205+1000_daemon_autopilot/shadow_predictions.jsonl,0.3037021571037256
Race 6 - GRAFTON - 2026-06-16,2026-06-16,GRAFTON,6,8,8,Lyndan Diva,2,False,True,0.16766525828629614,1.7857857974687124,2,False,True,0.17555417413301647,1.7398075991908681,1,1,/mnt/tenn-nvme2/tenn/offloaded-home/l4nd0/greyhound-autonomous-accuracy-odds-v1-20260610/artifacts/full_evidence_orchestration_20260525/daily_race_ingest_shadow_20260616T163200+1000_daemon_autopilot/shadow_predictions.jsonl,0.16766525828629614
Race 6 - GRDN - 2026-06-12,2026-06-12,GRDN,6,8,8,Hi Lo Rain,1,True,True,0.3889234580733027,0.9443727206030352,1,True,True,0.5124188041940496,0.668613011361944,8,8,/mnt/tenn-nvme2/tenn/offloaded-home/l4nd0/greyhound-autonomous-accuracy-odds-v1-20260610/artifacts/full_evidence_orchestration_20260525/daily_race_ingest_shadow_20260612T162453+1000_daemon_autopilot/shadow_predictions.jsonl,0.3889234580733027
Race 6 - GRDN - 2026-06-13,2026-06-13,GRDN,6,8,8,Zipping Desire,4,False,False,0.09909621294350437,2.311664052871802,6,False,False,0.05316170816093336,2.9344169132053723,7,1,/mnt/tenn-nvme2/tenn/offloaded-home/l4nd0/greyhound-autonomous-accuracy-odds-v1-20260610/artifacts/full_evidence_orchestration_20260525/daily_race_ingest_shadow_20260613T204128+1000_daemon_autopilot/shadow_predictions.jsonl,0.09909621294350436
Race 6 - GUNNEDAH - 2026-06-10,2026-06-10,GUNNEDAH,6,8,5,Armatree Violet,7,False,False,0.06026013171089569,2.8090845595721863,1,True,True,0.4806118420059247,0.73269531593771,2,5,/mnt/tenn-nvme2/tenn/offloaded-home/l4nd0/greyhound-autonomous-accuracy-odds-v1-20260610/artifacts/full_evidence_orchestration_20260525/daily_race_ingest_shadow_20260610T162500_stage2_first_small_autopilot/shadow_predictions.jsonl,0.060260131710895684
Race 6 - HEA - 2026-06-12,2026-06-12,HEA,6,8,6,Beauty Beast,5,False,False,0.05940406422538379,2.823392633651411,8,False,False,0.03130386487725995,3.464013710552165,3,8,/mnt/tenn-nvme2/tenn/offloaded-home/l4nd0/greyhound-autonomous-accuracy-odds-v1-20260610/artifacts/full_evidence_orchestration_20260525/daily_race_ingest_shadow_20260612T114711+1000_daemon_autopilot/shadow_predictions.jsonl,0.05940406422538379
Race 6 - HEA - 2026-06-14,2026-06-14,HEA,6,8,4,Mepunga Flyer,1,True,True,0.31297573991797073,1.1616295996951982,1,True,True,0.5833612982867236,0.5389485619616707,4,4,/mnt/tenn-nvme2/tenn/offloaded-home/l4nd0/greyhound-autonomous-accuracy-odds-v1-20260610/artifacts/full_evidence_orchestration_20260525/daily_race_ingest_shadow_20260614T121949+1000_daemon_autopilot/shadow_predictions.jsonl,0.3129757399179707
Race 6 - HEA - 2026-06-16,2026-06-16,HEA,6,8,8,Like Dynamite,6,False,False,0.05231152875105871,2.950538497192804,1,True,True,0.5218729206700357,0.6503311677297965,2,8,/mnt/tenn-nvme2/tenn/offloaded-home/l4nd0/greyhound-autonomous-accuracy-odds-v1-20260610/artifacts/full_evidence_orchestration_20260525/daily_race_ingest_shadow_20260616T121700+1000_daemon_autopilot/shadow_predictions.jsonl,0.052311528751058725
Race 6 - HEA - 2026-06-19,2026-06-19,HEA,6,8,5,Tropic Man,2,False,True,0.20945585917478404,1.5632422578825618,4,False,False,0.07088771885913929,2.646658078231637,7,7,/mnt/tenn-nvme2/tenn/offloaded-home/l4nd0/greyhound-autonomous-accuracy-odds-v1-20260610/artifacts/full_evidence_orchestration_20260525/daily_race_ingest_shadow_20260619T120200+1000_daemon_autopilot/shadow_predictions.jsonl,0.20945585917478404
Race 6 - HOBT - 2026-06-16,2026-06-16,HOBT,6,8,8,Adhana Kevin,2,False,True,0.17124131589807962,1.7646815132098088,1,True,True,0.527989109374677,0.638679621672922,1,8,/mnt/tenn-nvme2/tenn/offloaded-home/l4nd0/greyhound-autonomous-accuracy-odds-v1-20260610/artifacts/full_evidence_orchestration_20260525/daily_race_ingest_shadow_20260616T124700+1000_daemon_autopilot/shadow_predictions.jsonl,0.17124131589807962
Race 6 - LADBROKES-Q1-LAKESIDE - 2026-06-10,2026-06-10,LADBROKES-Q1-LAKESIDE,6,8,6,Butternut Queen,5,False,False,0.09890087893526124,2.313637153282129,2,False,True,0.09968726941785686,2.30571729905536,2,1,/mnt/tenn-nvme2/tenn/offloaded-home/l4nd0/greyhound-autonomous-accuracy-odds-v1-20260610/artifacts/full_evidence_orchestration_20260525/daily_race_ingest_shadow_20260610T162500_stage2_first_small_autopilot/shadow_predictions.jsonl,0.09890087893526124
Race 6 - LADBROKES-Q1-LAKESIDE - 2026-06-13,2026-06-13,LADBROKES-Q1-LAKESIDE,6,7,8,Shout Out Shazam,3,False,True,0.12020152554655056,2.1185855652265397,1,True,True,0.4971002485501242,0.6989635658813853,7,8,/mnt/tenn-nvme2/tenn/offloaded-home/l4nd0/greyhound-autonomous-accuracy-odds-v1-20260610/artifacts/full_evidence_orchestration_20260525/daily_race_ingest_shadow_20260613T160211+1000_daemon_autopilot/shadow_predictions.jsonl,0.12020152554655059
Race 6 - LADBROKES-Q1-LAKESIDE - 2026-06-16,2026-06-16,LADBROKES-Q1-LAKESIDE,6,8,3,Sironen Tiger,4,False,False,0.0801060821647589,2.524403495646217,1,True,True,0.49132243293069483,0.7106546804984307,4,3,/mnt/tenn-nvme2/tenn/offloaded-home/l4nd0/greyhound-autonomous-accuracy-odds-v1-20260610/artifacts/full_evidence_orchestration_20260525/daily_race_ingest_shadow_20260616T160200+1000_daemon_autopilot/shadow_predictions.jsonl,0.0801060821647589
Race 6 - LADBROKES-Q1-LAKESIDE - 2026-06-17,2026-06-17,LADBROKES-Q1-LAKESIDE,6,8,2,Haras Avery,3,False,True,0.18986504239293414,1.6614417624015692,3,False,True,0.14047188622386153,1.96274790828143,4,3,/mnt/tenn-nvme2/tenn/offloaded-home/l4nd0/greyhound-autonomous-accuracy-odds-v1-20260610/artifacts/full_evidence_orchestration_20260525/daily_race_ingest_shadow_20260617T144700+1000_daemon_autopilot/shadow_predictions.jsonl,0.18986504239293414
Race 6 - MAND - 2026-06-11,2026-06-11,MAND,6,7,7,Go Boy,5,False,False,0.10869062108652215,2.219249771130221,3,False,True,0.08722728832646177,2.4392380574989185,1,1,/mnt/tenn-nvme2/tenn/offloaded-home/l4nd0/greyhound-autonomous-accuracy-odds-v1-20260610/artifacts/full_evidence_orchestration_20260525/daily_race_ingest_shadow_20260611T2024_order_validation_daemon_autopilot/shadow_predictions.jsonl,0.10869062108652211
Race 6 - MAND - 2026-06-12,2026-06-12,MAND,6,8,5,Hurry Up Eric,7,False,False,0.05376053999383857,2.923215538289442,6,False,False,0.0713822024137223,2.6397067066227633,2,7,/mnt/tenn-nvme2/tenn/offloaded-home/l4nd0/greyhound-autonomous-accuracy-odds-v1-20260610/artifacts/full_evidence_orchestration_20260525/daily_race_ingest_shadow_20260612T215021+1000_daemon_autopilot/shadow_predictions.jsonl,0.05376053999383856
Race 6 - MEADOWS - 2026-06-13,2026-06-13,MEADOWS,6,7,8,Aydens Warrior,3,False,True,0.12953944154422364,2.043769876304872,2,False,True,0.16814632753134637,1.7829206814664404,2,3,/mnt/tenn-nvme2/tenn/offloaded-home/l4nd0/greyhound-autonomous-accuracy-odds-v1-20260610/artifacts/full_evidence_orchestration_20260525/daily_race_ingest_shadow_20260613T193731+1000_daemon_autopilot/shadow_predictions.jsonl,0.12953944154422362
Race 6 - MOUNT - 2026-06-14,2026-06-14,MOUNT,6,7,1,Flying Hugo,4,False,False,0.12360513571411455,2.0906631837367,1,True,True,0.6170118995152049,0.48286696917649186,2,1,/mnt/tenn-nvme2/tenn/offloaded-home/l4nd0/greyhound-autonomous-accuracy-odds-v1-20260610/artifacts/full_evidence_orchestration_20260525/daily_race_ingest_shadow_20260614T130211+1000_daemon_autopilot/shadow_predictions.jsonl,0.12360513571411458
Race 6 - MOUNT - 2026-06-18,2026-06-18,MOUNT,6,6,2,Jetson,1,True,True,0.2509623449225164,1.3824523713335317,1,True,True,0.527727437477347,0.6391753454606546,2,2,/mnt/tenn-nvme2/tenn/offloaded-home/l4nd0/greyhound-autonomous-accuracy-odds-v1-20260610/artifacts/full_evidence_orchestration_20260525/daily_race_ingest_shadow_20260618T140211+1000_daemon_autopilot/shadow_predictions.jsonl,0.2509623449225164
Race 6 - MOUNT - 2026-06-21,2026-06-21,MOUNT,6,8,2,Lenny Limes,1,True,True,0.3568177617222538,1.0305300989035984,1,True,True,0.6137645354060153,0.4881439172112521,2,2,/mnt/tenn-nvme2/tenn/offloaded-home/l4nd0/greyhound-autonomous-accuracy-odds-v1-20260610/artifacts/full_evidence_orchestration_20260525/daily_race_ingest_shadow_20260621T124710+1000_daemon_autopilot/shadow_predictions.jsonl,0.35681776172225377
Race 6 - MURR - 2026-06-12,2026-06-12,MURR,6,4,7,Zeberiah,2,False,True,0.24983652651384278,1.3869484689464073,2,False,True,0.4237786933490289,0.8585439096618309,5,5,/mnt/tenn-nvme2/tenn/offloaded-home/l4nd0/greyhound-autonomous-accuracy-odds-v1-20260610/artifacts/full_evidence_orchestration_20260525/daily_race_ingest_shadow_20260612T163931+1000_daemon_autopilot/shadow_predictions.jsonl,0.24983652651384278
Race 6 - MURRAY-BRIDGE-STRAIGHT - 2026-06-17,2026-06-17,MURRAY-BRIDGE-STRAIGHT,6,6,8,Stifler,1,True,True,0.23447887114031937,1.4503897969022481,1,True,True,0.5603643102513108,0.5791681527512796,8,8,/mnt/tenn-nvme2/tenn/offloaded-home/l4nd0/greyhound-autonomous-accuracy-odds-v1-20260610/artifacts/full_evidence_orchestration_20260525/daily_race_ingest_shadow_20260617T124700+1000_daemon_autopilot/shadow_predictions.jsonl,0.23447887114031937
Race 6 - NOWRA - 2026-06-11,2026-06-11,NOWRA,6,7,8,Gramercy Beat,7,False,False,0.028254575262373648,3.5664998783129573,1,True,True,0.5087613425646541,0.6757762475064824,2,8,/mnt/tenn-nvme2/tenn/offloaded-home/l4nd0/greyhound-autonomous-accuracy-odds-v1-20260610/artifacts/full_evidence_orchestration_20260525/daily_race_ingest_shadow_20260611T193649+1000_patched_gate_validation_daemon_autopilot/shadow_predictions.jsonl,0.028254575262373648
Race 6 - RICH - 2026-06-12,2026-06-12,RICH,6,8,8,Sydneysider,3,False,True,0.16231801505374313,1.8181978121387616,6,False,False,0.07230299196167028,2.626889768077938,2,4,/mnt/tenn-nvme2/tenn/offloaded-home/l4nd0/greyhound-autonomous-accuracy-odds-v1-20260610/artifacts/full_evidence_orchestration_20260525/daily_race_ingest_shadow_20260612T201711+1000_daemon_autopilot/shadow_predictions.jsonl,0.16231801505374316
Race 6 - RICHMOND-STRAIGHT - 2026-06-18,2026-06-18,RICHMOND-STRAIGHT,6,8,8,Despicable Leo,5,False,False,0.08900427838527789,2.419070838660711,3,False,True,0.12535521575922468,2.076603845676479,2,1,/mnt/tenn-nvme2/tenn/offloaded-home/l4nd0/greyhound-autonomous-accuracy-odds-v1-20260610/artifacts/full_evidence_orchestration_20260525/daily_race_ingest_shadow_20260618T131701+1000_daemon_autopilot/shadow_predictions.jsonl,0.08900427838527787
Race 6 - SAL - 2026-06-17,2026-06-17,SAL,6,7,6,Catch A Cutie,7,False,False,0.052206227976603556,2.952553481313784,3,False,True,0.12157648630594522,2.107211697342833,5,4,/mnt/tenn-nvme2/tenn/offloaded-home/l4nd0/greyhound-autonomous-accuracy-odds-v1-20260610/artifacts/full_evidence_orchestration_20260525/daily_race_ingest_shadow_20260617T123200+1000_daemon_autopilot/shadow_predictions.jsonl,0.05220622797660357
Race 6 - SAN - 2026-06-11,2026-06-11,SAN,6,8,3,Quinlee Bale,7,False,False,0.049473803498760016,3.0063119717422855,3,False,True,0.09047022320458338,2.402734507780697,2,1,/mnt/tenn-nvme2/tenn/offloaded-home/l4nd0/greyhound-autonomous-accuracy-odds-v1-20260610/artifacts/full_evidence_orchestration_20260525/daily_race_ingest_shadow_20260611T2024_order_validation_daemon_autopilot/shadow_predictions.jsonl,0.049473803498760016
Race 6 - SHEPPARTON - 2026-06-15,2026-06-15,SHEPPARTON,6,8,1,Detectable,3,False,True,0.14954156074451824,1.900180926494669,1,True,True,0.5781710702560358,0.5478854847989331,3,1,/mnt/tenn-nvme2/tenn/offloaded-home/l4nd0/greyhound-autonomous-accuracy-odds-v1-20260610/artifacts/full_evidence_orchestration_20260525/daily_race_ingest_shadow_20260615T110202+1000_daemon_autopilot/shadow_predictions.jsonl,0.14954156074451821
Race 6 - SHEPPARTON - 2026-06-18,2026-06-18,SHEPPARTON,6,8,1,Zipping Koster,4,False,False,0.12289618581408944,2.096415297764893,2,False,True,0.1474839102202181,1.914036192405032,5,2,/mnt/tenn-nvme2/tenn/offloaded-home/l4nd0/greyhound-autonomous-accuracy-odds-v1-20260610/artifacts/full_evidence_orchestration_20260525/daily_race_ingest_shadow_20260618T110200+1000_daemon_autopilot/shadow_predictions.jsonl,0.12289618581408947
Race 6 - TAREE - 2026-06-13,2026-06-13,TAREE,6,8,2,Reel Em Harada,1,True,True,0.24536167124157648,1.4050219478137151,2,False,True,0.1678642598574136,1.7845996032074605,2,8,/mnt/tenn-nvme2/tenn/offloaded-home/l4nd0/greyhound-autonomous-accuracy-odds-v1-20260610/artifacts/full_evidence_orchestration_20260525/daily_race_ingest_shadow_20260613T080200+1000_daemon_autopilot/shadow_predictions.jsonl,0.24536167124157648
Race 6 - TAREE - 2026-06-20,2026-06-20,TAREE,6,7,7,Noahs Mekong,6,False,False,0.0920681835160224,2.385225851256586,4,False,False,0.05847450754623279,2.8391643881594506,6,5,/mnt/tenn-nvme2/tenn/offloaded-home/l4nd0/greyhound-autonomous-accuracy-odds-v1-20260610/artifacts/full_evidence_orchestration_20260525/daily_race_ingest_shadow_20260620T073202+1000_daemon_autopilot/shadow_predictions.jsonl,0.0920681835160224
Race 6 - TEMORA - 2026-06-17,2026-06-17,TEMORA,6,8,5,Ascend Jacaranda,6,False,False,0.04522058964674354,3.096202772705086,2,False,True,0.13252419828018325,2.0209900217007353,3,1,/mnt/tenn-nvme2/tenn/offloaded-home/l4nd0/greyhound-autonomous-accuracy-odds-v1-20260610/artifacts/full_evidence_orchestration_20260525/daily_race_ingest_shadow_20260617T131711+1000_daemon_autopilot/shadow_predictions.jsonl,0.045220589646743546
Race 6 - TOWNSVILLE - 2026-06-12,2026-06-12,TOWNSVILLE,6,8,1,Sunset Boy,2,False,True,0.1907686270775716,1.6566939618023824,2,False,True,0.15646449124260903,1.854926187764517,2,6,/mnt/tenn-nvme2/tenn/offloaded-home/l4nd0/greyhound-autonomous-accuracy-odds-v1-20260610/artifacts/full_evidence_orchestration_20260525/daily_race_ingest_shadow_20260612T130211+1000_daemon_autopilot/shadow_predictions.jsonl,0.19076862707757167
Race 6 - TOWNSVILLE - 2026-06-19,2026-06-19,TOWNSVILLE,6,8,6,Big Ears Regret,5,False,False,0.13284920895655492,2.0185405612046186,5,False,False,0.06277481841790312,2.768201266528843,7,2,/mnt/tenn-nvme2/tenn/offloaded-home/l4nd0/greyhound-autonomous-accuracy-odds-v1-20260610/artifacts/full_evidence_orchestration_20260525/daily_race_ingest_shadow_20260619T131707+1000_daemon_autopilot/shadow_predictions.jsonl,0.13284920895655494
Race 6 - TRA - 2026-06-12,2026-06-12,TRA,6,7,1,Jumbuk Sachin,3,False,True,0.17306289355480797,1.7541002039918132,2,False,True,0.23824066486812465,1.4344739193009843,8,2,/mnt/tenn-nvme2/tenn/offloaded-home/l4nd0/greyhound-autonomous-accuracy-odds-v1-20260610/artifacts/full_evidence_orchestration_20260525/daily_race_ingest_shadow_20260612T201711+1000_daemon_autopilot/shadow_predictions.jsonl,0.17306289355480797
Race 6 - TRA - 2026-06-15,2026-06-15,TRA,6,7,8,Olympia Onyx,1,True,True,0.22877931188549153,1.4749974436455298,4,False,False,0.0861125039653708,2.4521006520140993,8,7,/mnt/tenn-nvme2/tenn/offloaded-home/l4nd0/greyhound-autonomous-accuracy-odds-v1-20260610/artifacts/full_evidence_orchestration_20260525/daily_race_ingest_shadow_20260615T154711+1000_daemon_autopilot/shadow_predictions.jsonl,0.2287793118854915
Race 6 - WAGGA - 2026-06-12,2026-06-12,WAGGA,6,7,1,West End Lass,2,False,True,0.29235110505695683,1.2297997844566835,2,False,True,0.17246521400670448,1.7575597207785654,2,2,/mnt/tenn-nvme2/tenn/offloaded-home/l4nd0/greyhound-autonomous-accuracy-odds-v1-20260610/artifacts/full_evidence_orchestration_20260525/daily_race_ingest_shadow_20260612T200211+1000_daemon_autopilot/shadow_predictions.jsonl,0.29235110505695683
Race 6 - WAR - 2026-06-11,2026-06-11,WAR,6,8,4,Blanket Game,7,False,False,0.04883634162943956,3.019280537757299,3,False,True,0.11410141864063283,2.1706675888817344,2,1,/mnt/tenn-nvme2/tenn/offloaded-home/l4nd0/greyhound-autonomous-accuracy-odds-v1-20260610/artifacts/full_evidence_orchestration_20260525/daily_race_ingest_shadow_20260611T183015+1000_daemon_autopilot/shadow_predictions.jsonl,0.048836341629439575
Race 6 - WAR - 2026-06-15,2026-06-15,WAR,6,8,7,Ultra Pub Run,5,False,False,0.08477218346391406,2.467787815186003,5,False,False,0.058689836480043014,2.835488710579636,1,4,/mnt/tenn-nvme2/tenn/offloaded-home/l4nd0/greyhound-autonomous-accuracy-odds-v1-20260610/artifacts/full_evidence_orchestration_20260525/daily_race_ingest_shadow_20260615T140211+1000_daemon_autopilot/shadow_predictions.jsonl,0.08477218346391406
Race 6 - WPK - 2026-06-11,2026-06-11,WPK,6,8,5,Galba Major,7,False,False,0.04816913537385485,3.0330368079747396,1,True,True,0.5234024712841274,0.647404567299746,8,5,/mnt/tenn-nvme2/tenn/offloaded-home/l4nd0/greyhound-autonomous-accuracy-odds-v1-20260610/artifacts/full_evidence_orchestration_20260525/daily_race_ingest_shadow_20260611T2024_order_validation_daemon_autopilot/shadow_predictions.jsonl,0.048169135373854866
Race 6 - WPK - 2026-06-13,2026-06-13,WPK,6,8,3,Ritza Sophie,5,False,False,0.07351095856403002,2.6103207877678143,1,True,True,0.42228743424025,0.8620690730135963,7,3,/mnt/tenn-nvme2/tenn/offloaded-home/l4nd0/greyhound-autonomous-accuracy-odds-v1-20260610/artifacts/full_evidence_orchestration_20260525/daily_race_ingest_shadow_20260613T195408+1000_daemon_autopilot/shadow_predictions.jsonl,0.07351095856403002
Race 7 - AP_K - 2026-06-11,2026-06-11,AP_K,7,7,2,Cyan Magic,1,True,True,0.3136279723273583,1.1595477970112988,2,False,True,0.1435865033375002,1.9408176146855691,2,4,/mnt/tenn-nvme2/tenn/offloaded-home/l4nd0/greyhound-autonomous-accuracy-odds-v1-20260610/artifacts/full_evidence_orchestration_20260525/daily_race_ingest_shadow_20260611T2024_order_validation_daemon_autopilot/shadow_predictions.jsonl,0.3136279723273583
Race 7 - AP_K - 2026-06-16,2026-06-16,AP_K,7,5,2,Switching Lanes,1,True,True,0.2819812714584747,1.2659146235173024,1,True,True,0.4895237322295717,0.7143223355932058,2,2,/mnt/tenn-nvme2/tenn/offloaded-home/l4nd0/greyhound-autonomous-accuracy-odds-v1-20260610/artifacts/full_evidence_orchestration_20260525/daily_race_ingest_shadow_20260616T134711+1000_daemon_autopilot/shadow_predictions.jsonl,0.2819812714584747
Race 7 - BEN - 2026-06-10,2026-06-10,BEN,7,6,8,Electric Mayhem,2,False,True,0.20225353129361553,1.5982332631533622,1,True,True,0.5334570996801986,0.6283766244441995,1,8,/mnt/tenn-nvme2/tenn/offloaded-home/l4nd0/greyhound-autonomous-accuracy-odds-v1-20260610/artifacts/full_evidence_orchestration_20260525/daily_race_ingest_shadow_20260610T161200_stage2_odds_same_run_autopilot/shadow_predictions.jsonl,0.20225353129361553
Race 7 - BEN - 2026-06-17,2026-06-17,BEN,7,8,1,Collinda Express,1,True,True,0.2308635794429292,1.4659283080947723,1,True,True,0.4990643459993725,0.6950202416453998,1,1,/mnt/tenn-nvme2/tenn/offloaded-home/l4nd0/greyhound-autonomous-accuracy-odds-v1-20260610/artifacts/full_evidence_orchestration_20260525/daily_race_ingest_shadow_20260617T144700+1000_daemon_autopilot/shadow_predictions.jsonl,0.2308635794429292
Race 7 - CANN - 2026-06-13,2026-06-13,CANN,7,8,8,Oosthuizen,5,False,False,0.08749572371968589,2.436165358587851,3,False,True,0.07844973003192637,2.5452972410846524,2,4,/mnt/tenn-nvme2/tenn/offloaded-home/l4nd0/greyhound-autonomous-accuracy-odds-v1-20260610/artifacts/full_evidence_orchestration_20260525/daily_race_ingest_shadow_20260613T223200+1000_daemon_autopilot/shadow_predictions.jsonl,0.08749572371968588
Race 7 - CAPALABA - 2026-06-14,2026-06-14,CAPALABA,7,6,2,Armarta,3,False,True,0.2163889706478211,1.530677700740205,3,False,True,0.16947625169716554,1.7750424699589964,8,4,/mnt/tenn-nvme2/tenn/offloaded-home/l4nd0/greyhound-autonomous-accuracy-odds-v1-20260610/artifacts/full_evidence_orchestration_20260525/daily_race_ingest_shadow_20260614T131711+1000_daemon_autopilot/shadow_predictions.jsonl,0.2163889706478211
Race 7 - CAPALABA - 2026-06-17,2026-06-17,CAPALABA,7,7,7,Orlando Beach,4,False,False,0.11698477767961914,2.1457114579512107,6,False,False,0.03184885173669026,3.4467539498370874,3,2,/mnt/tenn-nvme2/tenn/offloaded-home/l4nd0/greyhound-autonomous-accuracy-odds-v1-20260610/artifacts/full_evidence_orchestration_20260525/daily_race_ingest_shadow_20260617T131711+1000_daemon_autopilot/shadow_predictions.jsonl,0.11698477767961914
Race 7 - CAPALABA - 2026-06-21,2026-06-21,CAPALABA,7,7,8,Neutron,3,False,True,0.18062429857221102,1.7113361034602206,1,True,True,0.4628577400929365,0.7703355289276622,5,8,/mnt/tenn-nvme2/tenn/offloaded-home/l4nd0/greyhound-autonomous-accuracy-odds-v1-20260610/artifacts/full_evidence_orchestration_20260525/daily_race_ingest_shadow_20260621T134711+1000_daemon_autopilot/shadow_predictions.jsonl,0.180624298572211
Race 7 - CASO - 2026-06-11,2026-06-11,CASO,7,8,4,Country Form,1,True,True,0.2993000319550712,1.2063087573574647,2,False,True,0.14078938320841639,1.960490241450486,4,3,/mnt/tenn-nvme2/tenn/offloaded-home/l4nd0/greyhound-autonomous-accuracy-odds-v1-20260610/artifacts/full_evidence_orchestration_20260525/daily_race_ingest_shadow_20260611T164207+1000_daemon_autopilot/shadow_predictions.jsonl,0.29930003195507127
Race 7 - GEE - 2026-06-12,2026-06-12,GEE,7,8,2,Mepunga Turbo,1,True,True,0.20799517276501264,1.5702404074106417,1,True,True,0.448334756618275,0.8022151010060936,2,2,/mnt/tenn-nvme2/tenn/offloaded-home/l4nd0/greyhound-autonomous-accuracy-odds-v1-20260610/artifacts/full_evidence_orchestration_20260525/daily_race_ingest_shadow_20260612T162453+1000_daemon_autopilot/shadow_predictions.jsonl,0.20799517276501264
Race 7 - GEE - 2026-06-16,2026-06-16,GEE,7,8,4,Mepunga Spirit,8,False,False,0.06206097318980132,2.779637938650738,1,True,True,0.5258440946188772,0.6427505082419859,1,4,/mnt/tenn-nvme2/tenn/offloaded-home/l4nd0/greyhound-autonomous-accuracy-odds-v1-20260610/artifacts/full_evidence_orchestration_20260525/daily_race_ingest_shadow_20260616T161700+1000_daemon_autopilot/shadow_predictions.jsonl,0.06206097318980131
Race 7 - GOULBURN - 2026-06-12,2026-06-12,GOULBURN,7,5,1,Perfect Bandit,2,False,True,0.24230900892031354,1.417541470999368,2,False,True,0.24657408016041174,1.4000928026147716,5,4,/mnt/tenn-nvme2/tenn/offloaded-home/l4nd0/greyhound-autonomous-accuracy-odds-v1-20260610/artifacts/full_evidence_orchestration_20260525/daily_race_ingest_shadow_20260612T143759+1000_daemon_autopilot/shadow_predictions.jsonl,0.24230900892031348
Race 7 - GOULBURN - 2026-06-19,2026-06-19,GOULBURN,7,8,4,Cawbourne Ozzy,1,True,True,0.19346966677319866,1.6426345396625912,3,False,True,0.140400917920477,1.963253249516663,4,5,/mnt/tenn-nvme2/tenn/offloaded-home/l4nd0/greyhound-autonomous-accuracy-odds-v1-20260610/artifacts/full_evidence_orchestration_20260525/daily_race_ingest_shadow_20260619T141711+1000_daemon_autopilot/shadow_predictions.jsonl,0.1934696667731987
Race 7 - GRAFTON - 2026-06-16,2026-06-16,GRAFTON,7,8,5,Riverland Son,7,False,False,0.058581161644478075,2.837342107726618,1,True,True,0.5248744390042202,0.6445962087962215,4,5,/mnt/tenn-nvme2/tenn/offloaded-home/l4nd0/greyhound-autonomous-accuracy-odds-v1-20260610/artifacts/full_evidence_orchestration_20260525/daily_race_ingest_shadow_20260616T164711+1000_daemon_autopilot/shadow_predictions.jsonl,0.058581161644478075
Race 7 - GRDN - 2026-06-12,2026-06-12,GRDN,7,7,8,Fascinate Glory,7,False,False,0.022231417359278957,3.8062487941865863,4,False,False,0.12574079580554529,2.0735326670704306,3,7,/mnt/tenn-nvme2/tenn/offloaded-home/l4nd0/greyhound-autonomous-accuracy-odds-v1-20260610/artifacts/full_evidence_orchestration_20260525/daily_race_ingest_shadow_20260612T163931+1000_daemon_autopilot/shadow_predictions.jsonl,0.02223141735927896
Race 7 - GUNNEDAH - 2026-06-10,2026-06-10,GUNNEDAH,7,7,8,Nicmac Star,5,False,False,0.06453032720542484,2.7406199764533365,1,True,True,0.3924313037162572,0.9353937794568405,3,8,/mnt/tenn-nvme2/tenn/offloaded-home/l4nd0/greyhound-autonomous-accuracy-odds-v1-20260610/artifacts/full_evidence_orchestration_20260525/daily_race_ingest_shadow_20260610T165000_daemon_autonomous_stage2_daemon_autopilot/shadow_predictions.jsonl,0.06453032720542484
Race 7 - HEA - 2026-06-12,2026-06-12,HEA,7,8,7,Mystery Nell,5,False,False,0.09417171837140187,2.3626353720807023,1,True,True,0.5400712333632606,0.6160542344879878,5,7,/mnt/tenn-nvme2/tenn/offloaded-home/l4nd0/greyhound-autonomous-accuracy-odds-v1-20260610/artifacts/full_evidence_orchestration_20260525/daily_race_ingest_shadow_20260612T121711+1000_daemon_autopilot/shadow_predictions.jsonl,0.09417171837140187
Race 7 - HEA - 2026-06-16,2026-06-16,HEA,7,8,5,Lakers Legend,5,False,False,0.1117685553151144,2.1913250161838147,1,True,True,0.5504381310073756,0.597040716042867,2,5,/mnt/tenn-nvme2/tenn/offloaded-home/l4nd0/greyhound-autonomous-accuracy-odds-v1-20260610/artifacts/full_evidence_orchestration_20260525/daily_race_ingest_shadow_20260616T123200+1000_daemon_autopilot/shadow_predictions.jsonl,0.1117685553151144
Race 7 - HEA - 2026-06-19,2026-06-19,HEA,7,8,3,Wild Sal,3,False,True,0.11712098643403747,2.144547806382836,2,False,True,0.11812495213489992,2.1360122983755088,1,2,/mnt/tenn-nvme2/tenn/offloaded-home/l4nd0/greyhound-autonomous-accuracy-odds-v1-20260610/artifacts/full_evidence_orchestration_20260525/daily_race_ingest_shadow_20260619T121700+1000_daemon_autopilot/shadow_predictions.jsonl,0.11712098643403747
Race 7 - HOBT - 2026-06-16,2026-06-16,HOBT,7,8,5,Aariellas Girl,7,False,False,0.05030332983318241,2.9896840046006843,3,False,True,0.11944879730232794,2.1248674738894886,2,4,/mnt/tenn-nvme2/tenn/offloaded-home/l4nd0/greyhound-autonomous-accuracy-odds-v1-20260610/artifacts/full_evidence_orchestration_20260525/daily_race_ingest_shadow_20260616T131711+1000_daemon_autopilot/shadow_predictions.jsonl,0.0503033298331824
Race 7 - LADBROKES-Q1-LAKESIDE - 2026-06-12,2026-06-12,LADBROKES-Q1-LAKESIDE,7,8,3,Mulligrub,1,True,True,0.5866809607179043,0.5332741150548035,7,False,False,0.026397844022773887,3.6344729379687193,3,1,/mnt/tenn-nvme2/tenn/offloaded-home/l4nd0/greyhound-autonomous-accuracy-odds-v1-20260610/artifacts/full_evidence_orchestration_20260525/daily_race_ingest_shadow_20260612T163931+1000_daemon_autopilot/shadow_predictions.jsonl,0.5866809607179044
Race 7 - LADBROKES-Q1-LAKESIDE - 2026-06-16,2026-06-16,LADBROKES-Q1-LAKESIDE,7,7,1,Burnside Bambi,2,False,True,0.22892055668402206,1.4743802496600666,2,False,True,0.17204625496550432,1.7599919141042715,8,3,/mnt/tenn-nvme2/tenn/offloaded-home/l4nd0/greyhound-autonomous-accuracy-odds-v1-20260610/artifacts/full_evidence_orchestration_20260525/daily_race_ingest_shadow_20260616T163200+1000_daemon_autopilot/shadow_predictions.jsonl,0.22892055668402206
Race 7 - MAND - 2026-06-11,2026-06-11,MAND,7,8,3,Cracker Dust,6,False,False,0.07633383287595756,2.5726390198909024,5,False,False,0.04663848125971282,3.0653293005122655,5,1,/mnt/tenn-nvme2/tenn/offloaded-home/l4nd0/greyhound-autonomous-accuracy-odds-v1-20260610/artifacts/full_evidence_orchestration_20260525/daily_race_ingest_shadow_20260611T205925+1000_daemon_autopilot/shadow_predictions.jsonl,0.07633383287595757
Race 7 - MAND - 2026-06-12,2026-06-12,MAND,7,7,6,Brave Annie,6,False,False,0.05355259390699689,2.927091044288644,3,False,True,0.1328673867556089,2.0184037402504464,3,1,/mnt/tenn-nvme2/tenn/offloaded-home/l4nd0/greyhound-autonomous-accuracy-odds-v1-20260610/artifacts/full_evidence_orchestration_20260525/daily_race_ingest_shadow_20260612T220746+1000_daemon_autopilot/shadow_predictions.jsonl,0.05355259390699689
Race 7 - MEADOWS - 2026-06-13,2026-06-13,MEADOWS,7,7,3,Gold Code,4,False,False,0.11295851268717354,2.1807346720450846,2,False,True,0.18550446349231164,1.6846763352709688,4,2,/mnt/tenn-nvme2/tenn/offloaded-home/l4nd0/greyhound-autonomous-accuracy-odds-v1-20260610/artifacts/full_evidence_orchestration_20260525/daily_race_ingest_shadow_20260613T195408+1000_daemon_autopilot/shadow_predictions.jsonl,0.11295851268717352
Race 7 - MOUNT - 2026-06-14,2026-06-14,MOUNT,7,8,4,Poke Salad Annie,5,False,False,0.10179883171200804,2.2847566512379722,1,True,True,0.5342299685498656,0.626928880011104,3,4,/mnt/tenn-nvme2/tenn/offloaded-home/l4nd0/greyhound-autonomous-accuracy-odds-v1-20260610/artifacts/full_evidence_orchestration_20260525/daily_race_ingest_shadow_20260614T133200+1000_daemon_autopilot/shadow_predictions.jsonl,0.10179883171200803
Race 7 - MOUNT - 2026-06-18,2026-06-18,MOUNT,7,6,1,Ringers Girl,3,False,True,0.21900620536342028,1.518655214574278,1,True,True,0.5006099429378039,0.6919280381405525,8,1,/mnt/tenn-nvme2/tenn/offloaded-home/l4nd0/greyhound-autonomous-accuracy-odds-v1-20260610/artifacts/full_evidence_orchestration_20260525/daily_race_ingest_shadow_20260618T141702+1000_daemon_autopilot/shadow_predictions.jsonl,0.21900620536342028
Race 7 - MURR - 2026-06-12,2026-06-12,MURR,7,4,6,Lockerbie,2,False,True,0.21762444996436778,1.5249844083438808,1,True,True,0.6911672371539099,0.36937346256664483,1,6,/mnt/tenn-nvme2/tenn/offloaded-home/l4nd0/greyhound-autonomous-accuracy-odds-v1-20260610/artifacts/full_evidence_orchestration_20260525/daily_race_ingest_shadow_20260612T171239+1000_daemon_autopilot/shadow_predictions.jsonl,0.21762444996436778
Race 7 - NOWRA - 2026-06-11,2026-06-11,NOWRA,7,7,7,Zulu Sharp,2,False,True,0.1626276903826587,1.816291798811083,1,True,True,0.4740588725710255,0.7464237612633652,1,7,/mnt/tenn-nvme2/tenn/offloaded-home/l4nd0/greyhound-autonomous-accuracy-odds-v1-20260610/artifacts/full_evidence_orchestration_20260525/daily_race_ingest_shadow_20260611T193649+1000_patched_gate_validation_daemon_autopilot/shadow_predictions.jsonl,0.1626276903826587
Race 7 - RICH - 2026-06-12,2026-06-12,RICH,7,8,5,Ronaldo Vella,4,False,False,0.13111776598356123,2.031659382645026,1,True,True,0.46011075172308685,0.7762880538627388,2,5,/mnt/tenn-nvme2/tenn/offloaded-home/l4nd0/greyhound-autonomous-accuracy-odds-v1-20260610/artifacts/full_evidence_orchestration_20260525/daily_race_ingest_shadow_20260612T203211+1000_daemon_autopilot/shadow_predictions.jsonl,0.13111776598356126
Race 7 - RICHMOND-STRAIGHT - 2026-06-18,2026-06-18,RICHMOND-STRAIGHT,7,8,1,Despicable Margo,5,False,False,0.08887931779110929,2.4204758092978023,1,True,True,0.5057253390923356,0.6817615651862445,6,1,/mnt/tenn-nvme2/tenn/offloaded-home/l4nd0/greyhound-autonomous-accuracy-odds-v1-20260610/artifacts/full_evidence_orchestration_20260525/daily_race_ingest_shadow_20260618T133209+1000_daemon_autopilot/shadow_predictions.jsonl,0.08887931779110929
Race 7 - SAL - 2026-06-17,2026-06-17,SAL,7,6,1,Dr. Axel,2,False,True,0.20050967584170873,1.606892774837782,1,True,True,0.5898601729475436,0.5278697651742892,2,1,/mnt/tenn-nvme2/tenn/offloaded-home/l4nd0/greyhound-autonomous-accuracy-odds-v1-20260610/artifacts/full_evidence_orchestration_20260525/daily_race_ingest_shadow_20260617T124700+1000_daemon_autopilot/shadow_predictions.jsonl,0.20050967584170878
Race 7 - SAN - 2026-06-11,2026-06-11,SAN,7,8,2,Mepunga Rule,1,True,True,0.2311111982902477,1.464856306405646,3,False,True,0.10739968915792684,2.2311979911580524,2,3,/mnt/tenn-nvme2/tenn/offloaded-home/l4nd0/greyhound-autonomous-accuracy-odds-v1-20260610/artifacts/full_evidence_orchestration_20260525/daily_race_ingest_shadow_20260611T2024_order_validation_daemon_autopilot/shadow_predictions.jsonl,0.23111119829024776
Race 7 - SHEPPARTON - 2026-06-15,2026-06-15,SHEPPARTON,7,8,2,Paw Quebec,1,True,True,0.292989711156592,1.2276177860881454,4,False,False,0.10947704096011532,2.2120404233068642,2,8,/mnt/tenn-nvme2/tenn/offloaded-home/l4nd0/greyhound-autonomous-accuracy-odds-v1-20260610/artifacts/full_evidence_orchestration_20260525/daily_race_ingest_shadow_20260615T111701+1000_daemon_autopilot/shadow_predictions.jsonl,0.292989711156592
Race 7 - SHEPPARTON - 2026-06-18,2026-06-18,SHEPPARTON,7,8,3,Aussie Raven,2,False,True,0.1697127623089622,1.773647904449141,6,False,False,0.034019073753400984,3.380833918916493,2,8,/mnt/tenn-nvme2/tenn/offloaded-home/l4nd0/greyhound-autonomous-accuracy-odds-v1-20260610/artifacts/full_evidence_orchestration_20260525/daily_race_ingest_shadow_20260618T111702+1000_daemon_autopilot/shadow_predictions.jsonl,0.1697127623089622
Race 7 - TAREE - 2026-06-20,2026-06-20,TAREE,7,8,6,Spitfire George,2,False,True,0.17833254007982025,1.7241052689146739,1,True,True,0.452424355393839,0.7931347002170408,3,6,/mnt/tenn-nvme2/tenn/offloaded-home/l4nd0/greyhound-autonomous-accuracy-odds-v1-20260610/artifacts/full_evidence_orchestration_20260525/daily_race_ingest_shadow_20260620T073202+1000_daemon_autopilot/shadow_predictions.jsonl,0.17833254007982025
Race 7 - TEMORA - 2026-06-17,2026-06-17,TEMORA,7,8,6,Jakes Desire,1,True,True,0.3615926304384399,1.0172370310964676,1,True,True,0.49801977849977475,0.6971154868831366,6,6,/mnt/tenn-nvme2/tenn/offloaded-home/l4nd0/greyhound-autonomous-accuracy-odds-v1-20260610/artifacts/full_evidence_orchestration_20260525/daily_race_ingest_shadow_20260617T134706+1000_daemon_autopilot/shadow_predictions.jsonl,0.36159263043843987
Race 7 - TOWNSVILLE - 2026-06-12,2026-06-12,TOWNSVILLE,7,8,2,Sky By Night,4,False,False,0.12964465307312503,2.0429580090887476,2,False,True,0.15892922221371064,1.8392963191775966,1,7,/mnt/tenn-nvme2/tenn/offloaded-home/l4nd0/greyhound-autonomous-accuracy-odds-v1-20260610/artifacts/full_evidence_orchestration_20260525/daily_race_ingest_shadow_20260612T131711+1000_daemon_autopilot/shadow_predictions.jsonl,0.12964465307312503
Race 7 - TOWNSVILLE - 2026-06-19,2026-06-19,TOWNSVILLE,7,8,2,Furious Phantom,2,False,True,0.17615995793376005,1.7363628448034358,8,False,False,0.03460810719203294,3.36366731245674,6,1,/mnt/tenn-nvme2/tenn/offloaded-home/l4nd0/greyhound-autonomous-accuracy-odds-v1-20260610/artifacts/full_evidence_orchestration_20260525/daily_race_ingest_shadow_20260619T134709+1000_daemon_autopilot/shadow_predictions.jsonl,0.17615995793376005
Race 7 - TRA - 2026-06-12,2026-06-12,TRA,7,8,3,Here Comes Billy,4,False,False,0.12086849597301721,2.1130521345321367,1,True,True,0.5588650038093429,0.581847330860657,2,3,/mnt/tenn-nvme2/tenn/offloaded-home/l4nd0/greyhound-autonomous-accuracy-odds-v1-20260610/artifacts/full_evidence_orchestration_20260525/daily_race_ingest_shadow_20260612T204711+1000_daemon_autopilot/shadow_predictions.jsonl,0.12086849597301724
Race 7 - TRA - 2026-06-15,2026-06-15,TRA,7,6,2,Ambani,2,False,True,0.21969532905280903,1.5155135603874086,4,False,False,0.09209506553964909,2.3849339143586925,4,4,/mnt/tenn-nvme2/tenn/offloaded-home/l4nd0/greyhound-autonomous-accuracy-odds-v1-20260610/artifacts/full_evidence_orchestration_20260525/daily_race_ingest_shadow_20260615T154711+1000_daemon_autopilot/shadow_predictions.jsonl,0.21969532905280909
Race 7 - WAGGA - 2026-06-12,2026-06-12,WAGGA,7,7,7,Rogue Izmir,4,False,False,0.11558957091153971,2.157709543841864,4,False,False,0.07508840389926576,2.589089140932373,2,2,/mnt/tenn-nvme2/tenn/offloaded-home/l4nd0/greyhound-autonomous-accuracy-odds-v1-20260610/artifacts/full_evidence_orchestration_20260525/daily_race_ingest_shadow_20260612T201711+1000_daemon_autopilot/shadow_predictions.jsonl,0.11558957091153974
Race 7 - WAR - 2026-06-15,2026-06-15,WAR,7,7,5,Paddys Way,4,False,False,0.12106316384570692,2.1114428543341845,4,False,False,0.06316282371089564,2.7620393833284305,1,1,/mnt/tenn-nvme2/tenn/offloaded-home/l4nd0/greyhound-autonomous-accuracy-odds-v1-20260610/artifacts/full_evidence_orchestration_20260525/daily_race_ingest_shadow_20260615T154711+1000_daemon_autopilot/shadow_predictions.jsonl,0.12106316384570691
Race 7 - WPK - 2026-06-11,2026-06-11,WPK,7,7,8,Ethanol Secret,2,False,True,0.15655011648703449,1.8543790871216281,2,False,True,0.21000841465941092,1.560607679260723,4,1,/mnt/tenn-nvme2/tenn/offloaded-home/l4nd0/greyhound-autonomous-accuracy-odds-v1-20260610/artifacts/full_evidence_orchestration_20260525/daily_race_ingest_shadow_20260611T205925+1000_daemon_autopilot/shadow_predictions.jsonl,0.15655011648703449
Race 8 - AP_K - 2026-06-11,2026-06-11,AP_K,8,8,2,Galactic Nemesis,1,True,True,0.2872083484807462,1.2475473737042742,1,True,True,0.3843159197599784,0.9562903569246182,2,2,/mnt/tenn-nvme2/tenn/offloaded-home/l4nd0/greyhound-autonomous-accuracy-odds-v1-20260610/artifacts/full_evidence_orchestration_20260525/daily_race_ingest_shadow_20260611T211626+1000_daemon_autopilot/shadow_predictions.jsonl,0.2872083484807463
Race 8 - AP_K - 2026-06-16,2026-06-16,AP_K,8,5,5,Time Of Design,2,False,True,0.23642426903397404,1.4421273378312471,5,False,False,0.08519673495289737,2.4627921680302713,7,1,/mnt/tenn-nvme2/tenn/offloaded-home/l4nd0/greyhound-autonomous-accuracy-odds-v1-20260610/artifacts/full_evidence_orchestration_20260525/daily_race_ingest_shadow_20260616T134711+1000_daemon_autopilot/shadow_predictions.jsonl,0.2364242690339741
Race 8 - BEN - 2026-06-10,2026-06-10,BEN,8,7,7,Alligator Rock,3,False,True,0.1491194627708353,1.9030075307147356,6,False,False,0.08960960291875257,2.412292789311622,1,2,/mnt/tenn-nvme2/tenn/offloaded-home/l4nd0/greyhound-autonomous-accuracy-odds-v1-20260610/artifacts/full_evidence_orchestration_20260525/daily_race_ingest_shadow_20260610T162500_stage2_first_small_autopilot/shadow_predictions.jsonl,0.1491194627708353
Race 8 - BEN - 2026-06-12,2026-06-12,BEN,8,8,2,Crackerjack Ralf,1,True,True,0.1907751895664624,1.6566595621418185,3,False,True,0.11559949016089316,2.1576237331264823,2,7,/mnt/tenn-nvme2/tenn/offloaded-home/l4nd0/greyhound-autonomous-accuracy-odds-v1-20260610/artifacts/full_evidence_orchestration_20260525/daily_race_ingest_shadow_20260612T204711+1000_daemon_autopilot/shadow_predictions.jsonl,0.1907751895664624
Race 8 - CANN - 2026-06-13,2026-06-13,CANN,8,6,4,Timmy Tesla,6,False,False,0.05543848898836999,2.892481179371442,1,True,True,0.5185123338882461,0.6567914639614433,1,4,/mnt/tenn-nvme2/tenn/offloaded-home/l4nd0/greyhound-autonomous-accuracy-odds-v1-20260610/artifacts/full_evidence_orchestration_20260525/daily_race_ingest_shadow_20260613T223200+1000_daemon_autopilot/shadow_predictions.jsonl,0.05543848898836999
Race 8 - CAPALABA - 2026-06-14,2026-06-14,CAPALABA,8,8,5,Zipping Tesfay,6,False,False,0.07489971744416864,2.591605160907085,3,False,True,0.15671109766899263,1.8533513110111222,8,1,/mnt/tenn-nvme2/tenn/offloaded-home/l4nd0/greyhound-autonomous-accuracy-odds-v1-20260610/artifacts/full_evidence_orchestration_20260525/daily_race_ingest_shadow_20260614T133200+1000_daemon_autopilot/shadow_predictions.jsonl,0.07489971744416864
Race 8 - CAPALABA - 2026-06-17,2026-06-17,CAPALABA,8,8,8,Satoshi,2,False,True,0.16737883074973192,1.7874955880050352,1,True,True,0.6779163965857979,0.3887313075154098,6,8,/mnt/tenn-nvme2/tenn/offloaded-home/l4nd0/greyhound-autonomous-accuracy-odds-v1-20260610/artifacts/full_evidence_orchestration_20260525/daily_race_ingest_shadow_20260617T134706+1000_daemon_autopilot/shadow_predictions.jsonl,0.16737883074973192
Race 8 - CASO - 2026-06-11,2026-06-11,CASO,8,8,7,Kingsbrae Daisy,8,False,False,0.05462593451858777,2.9072465178209543,7,False,False,0.020985058805104803,3.86394457995582,4,4,/mnt/tenn-nvme2/tenn/offloaded-home/l4nd0/greyhound-autonomous-accuracy-odds-v1-20260610/artifacts/full_evidence_orchestration_20260525/daily_race_ingest_shadow_20260611T171233+1000_daemon_autopilot/shadow_predictions.jsonl,0.05462593451858777
Race 8 - GOULBURN - 2026-06-19,2026-06-19,GOULBURN,8,6,2,Taw Mystique,1,True,True,0.23251462125872324,1.4588021687977455,2,False,True,0.23329146050708846,1.4554667036804327,2,1,/mnt/tenn-nvme2/tenn/offloaded-home/l4nd0/greyhound-autonomous-accuracy-odds-v1-20260610/artifacts/full_evidence_orchestration_20260525/daily_race_ingest_shadow_20260619T144709+1000_daemon_autopilot/shadow_predictions.jsonl,0.23251462125872321
Race 8 - GRAFTON - 2026-06-16,2026-06-16,GRAFTON,8,8,4,Fix It Fred,5,False,False,0.06848832013060893,2.681092057294482,1,True,True,0.46095366372536595,0.7744577535635322,5,4,/mnt/tenn-nvme2/tenn/offloaded-home/l4nd0/greyhound-autonomous-accuracy-odds-v1-20260610/artifacts/full_evidence_orchestration_20260525/daily_race_ingest_shadow_20260616T170209+1000_daemon_autopilot/shadow_predictions.jsonl,0.06848832013060895
Race 8 - GRDN - 2026-06-12,2026-06-12,GRDN,8,8,1,Theo The Great,3,False,True,0.0900138485879893,2.4077917472892576,1,True,True,0.44539419733194996,0.8087955522366627,5,1,/mnt/tenn-nvme2/tenn/offloaded-home/l4nd0/greyhound-autonomous-accuracy-odds-v1-20260610/artifacts/full_evidence_orchestration_20260525/daily_race_ingest_shadow_20260612T165725+1000_daemon_autopilot/shadow_predictions.jsonl,0.09001384858798929
Race 8 - HEA - 2026-06-19,2026-06-19,HEA,8,7,2,Son Of Rosie,7,False,False,0.06823143990162935,2.684849824733495,1,True,True,0.5073674707812557,0.6785197434872487,3,2,/mnt/tenn-nvme2/tenn/offloaded-home/l4nd0/greyhound-autonomous-accuracy-odds-v1-20260610/artifacts/full_evidence_orchestration_20260525/daily_race_ingest_shadow_20260619T121700+1000_daemon_autopilot/shadow_predictions.jsonl,0.06823143990162933
Race 8 - HOBT - 2026-06-16,2026-06-16,HOBT,8,7,4,Whisky Barrel,2,False,True,0.2210719182666531,1.5092672083815908,5,False,False,0.05090032474466912,2.977885975393574,1,2,/mnt/tenn-nvme2/tenn/offloaded-home/l4nd0/greyhound-autonomous-accuracy-odds-v1-20260610/artifacts/full_evidence_orchestration_20260525/daily_race_ingest_shadow_20260616T131711+1000_daemon_autopilot/shadow_predictions.jsonl,0.22107191826665307
Race 8 - LADBROKES-Q1-LAKESIDE - 2026-06-16,2026-06-16,LADBROKES-Q1-LAKESIDE,8,8,7,Grace Ile,4,False,False,0.10261477719173913,2.2767733294064576,2,False,True,0.15394882268288412,1.871135052040128,8,4,/mnt/tenn-nvme2/tenn/offloaded-home/l4nd0/greyhound-autonomous-accuracy-odds-v1-20260610/artifacts/full_evidence_orchestration_20260525/daily_race_ingest_shadow_20260616T164711+1000_daemon_autopilot/shadow_predictions.jsonl,0.10261477719173913
Race 8 - MAND - 2026-06-11,2026-06-11,MAND,8,7,8,Blue And Boujee,1,True,True,0.24275517994808501,1.415701833426277,1,True,True,0.3843532691021959,0.9561931776886398,8,8,/mnt/tenn-nvme2/tenn/offloaded-home/l4nd0/greyhound-autonomous-accuracy-odds-v1-20260610/artifacts/full_evidence_orchestration_20260525/daily_race_ingest_shadow_20260611T212656+1000_daemon_autopilot/shadow_predictions.jsonl,0.24275517994808501
Race 8 - MAND - 2026-06-12,2026-06-12,MAND,8,8,8,Action Shot,5,False,False,0.09180688444122875,2.3880679902544277,1,True,True,0.4131037670441414,0.8840564656567221,5,8,/mnt/tenn-nvme2/tenn/offloaded-home/l4nd0/greyhound-autonomous-accuracy-odds-v1-20260610/artifacts/full_evidence_orchestration_20260525/daily_race_ingest_shadow_20260612T220746+1000_daemon_autopilot/shadow_predictions.jsonl,0.09180688444122875
Race 8 - MEADOWS - 2026-06-13,2026-06-13,MEADOWS,8,6,3,Ralph Wiggum,3,False,True,0.12651909277468948,2.06736205117829,5,False,False,0.06154414077104459,2.788000625504504,4,4,/mnt/tenn-nvme2/tenn/offloaded-home/l4nd0/greyhound-autonomous-accuracy-odds-v1-20260610/artifacts/full_evidence_orchestration_20260525/daily_race_ingest_shadow_20260613T201800+1000_daemon_autopilot/shadow_predictions.jsonl,0.12651909277468945
Race 8 - MOUNT - 2026-06-14,2026-06-14,MOUNT,8,8,3,Lenny Limes,4,False,False,0.12723464701053522,2.061722283007105,1,True,True,0.4581192805571316,0.780625690878347,1,3,/mnt/tenn-nvme2/tenn/offloaded-home/l4nd0/greyhound-autonomous-accuracy-odds-v1-20260610/artifacts/full_evidence_orchestration_20260525/daily_race_ingest_shadow_20260614T134700+1000_daemon_autopilot/shadow_predictions.jsonl,0.12723464701053522
Race 8 - MOUNT - 2026-06-18,2026-06-18,MOUNT,8,6,1,Jazzy Boo,1,True,True,0.4930912164273814,0.7070610988748517,1,True,True,0.5651904119140987,0.5705925923742216,1,1,/mnt/tenn-nvme2/tenn/offloaded-home/l4nd0/greyhound-autonomous-accuracy-odds-v1-20260610/artifacts/full_evidence_orchestration_20260525/daily_race_ingest_shadow_20260618T144702+1000_daemon_autopilot/shadow_predictions.jsonl,0.49309121642738135
Race 8 - MURR - 2026-06-12,2026-06-12,MURR,8,5,2,Terrific Dixson,2,False,True,0.31578548022742847,1.1526921559648227,1,True,True,0.5144084934277048,0.6647375948659073,8,2,/mnt/tenn-nvme2/tenn/offloaded-home/l4nd0/greyhound-autonomous-accuracy-odds-v1-20260610/artifacts/full_evidence_orchestration_20260525/daily_race_ingest_shadow_20260612T173009+1000_daemon_autopilot/shadow_predictions.jsonl,0.31578548022742847
Race 8 - MURRAY-BRIDGE-STRAIGHT - 2026-06-17,2026-06-17,MURRAY-BRIDGE-STRAIGHT,8,6,8,Mickey Haller,3,False,True,0.19479877407684465,1.635788181033522,1,True,True,0.6361025364244428,0.45239550784354127,5,8,/mnt/tenn-nvme2/tenn/offloaded-home/l4nd0/greyhound-autonomous-accuracy-odds-v1-20260610/artifacts/full_evidence_orchestration_20260525/daily_race_ingest_shadow_20260617T131711+1000_daemon_autopilot/shadow_predictions.jsonl,0.19479877407684465
Race 8 - NOWRA - 2026-06-11,2026-06-11,NOWRA,8,6,4,Riley Dozer,1,True,True,0.2940647378756066,1.22395533902742,2,False,True,0.25924177861518527,1.3499941445636345,4,8,/mnt/tenn-nvme2/tenn/offloaded-home/l4nd0/greyhound-autonomous-accuracy-odds-v1-20260610/artifacts/full_evidence_orchestration_20260525/daily_race_ingest_shadow_20260611T2024_order_validation_daemon_autopilot/shadow_predictions.jsonl,0.2940647378756066
Race 8 - RICH - 2026-06-12,2026-06-12,RICH,8,5,4,False Witness,5,False,False,0.06641245372412702,2.7118706839999422,1,True,True,0.5691056910569106,0.5636891133230585,8,4,/mnt/tenn-nvme2/tenn/offloaded-home/l4nd0/greyhound-autonomous-accuracy-odds-v1-20260610/artifacts/full_evidence_orchestration_20260525/daily_race_ingest_shadow_20260612T210211+1000_daemon_autopilot/shadow_predictions.jsonl,0.066412453724127
Race 8 - RICHMOND-STRAIGHT - 2026-06-18,2026-06-18,RICHMOND-STRAIGHT,8,8,6,Addison Banner,2,False,True,0.12105200032655816,2.111535070938583,1,True,True,0.5139168535713236,0.6656937900920101,2,6,/mnt/tenn-nvme2/tenn/offloaded-home/l4nd0/greyhound-autonomous-accuracy-odds-v1-20260610/artifacts/full_evidence_orchestration_20260525/daily_race_ingest_shadow_20260618T134711+1000_daemon_autopilot/shadow_predictions.jsonl,0.12105200032655816
Race 8 - SAL - 2026-06-17,2026-06-17,SAL,8,8,2,Newbrock Tilly,3,False,True,0.13114107731996422,2.031481609143315,6,False,False,0.05803344167286684,2.8467358540277568,8,3,/mnt/tenn-nvme2/tenn/offloaded-home/l4nd0/greyhound-autonomous-accuracy-odds-v1-20260610/artifacts/full_evidence_orchestration_20260525/daily_race_ingest_shadow_20260617T131711+1000_daemon_autopilot/shadow_predictions.jsonl,0.13114107731996422
Race 8 - SAN - 2026-06-11,2026-06-11,SAN,8,7,1,Prison Break,1,True,True,0.4407995509944999,0.8191650397589695,5,False,False,0.0747598221805849,2.5934746749344564,1,5,/mnt/tenn-nvme2/tenn/offloaded-home/l4nd0/greyhound-autonomous-accuracy-odds-v1-20260610/artifacts/full_evidence_orchestration_20260525/daily_race_ingest_shadow_20260611T205925+1000_daemon_autopilot/shadow_predictions.jsonl,0.44079955099449986
Race 8 - SHEPPARTON - 2026-06-15,2026-06-15,SHEPPARTON,8,7,4,Slick Nitro,4,False,False,0.11854295018738081,2.1324799352370074,3,False,True,0.18512061481582165,1.6867476943677955,8,2,/mnt/tenn-nvme2/tenn/offloaded-home/l4nd0/greyhound-autonomous-accuracy-odds-v1-20260610/artifacts/full_evidence_orchestration_20260525/daily_race_ingest_shadow_20260615T113203+1000_daemon_autopilot/shadow_predictions.jsonl,0.1185429501873808
Race 8 - TAREE - 2026-06-20,2026-06-20,TAREE,8,8,1,Rockin Panama,5,False,False,0.08533687554875106,2.461148613695288,5,False,False,0.06168254771312551,2.7857542452440884,8,7,/mnt/tenn-nvme2/tenn/offloaded-home/l4nd0/greyhound-autonomous-accuracy-odds-v1-20260610/artifacts/full_evidence_orchestration_20260525/daily_race_ingest_shadow_20260620T091711+1000_daemon_autopilot/shadow_predictions.jsonl,0.08533687554875106
Race 8 - TEMORA - 2026-06-17,2026-06-17,TEMORA,8,8,3,Lone Dazzler,5,False,False,0.10639669891569944,2.240580727784274,6,False,False,0.05802347830583855,2.8469075519679503,4,1,/mnt/tenn-nvme2/tenn/offloaded-home/l4nd0/greyhound-autonomous-accuracy-odds-v1-20260610/artifacts/full_evidence_orchestration_20260525/daily_race_ingest_shadow_20260617T140204+1000_daemon_autopilot/shadow_predictions.jsonl,0.10639669891569944
Race 8 - TOWNSVILLE - 2026-06-19,2026-06-19,TOWNSVILLE,8,8,2,Farmor Again,3,False,True,0.15630047464605173,1.8559750047963501,3,False,True,0.14192028245863605,1.952489770156247,4,3,/mnt/tenn-nvme2/tenn/offloaded-home/l4nd0/greyhound-autonomous-accuracy-odds-v1-20260610/artifacts/full_evidence_orchestration_20260525/daily_race_ingest_shadow_20260619T141711+1000_daemon_autopilot/shadow_predictions.jsonl,0.15630047464605173
Race 8 - WAGGA - 2026-06-12,2026-06-12,WAGGA,8,7,8,Cawbourne Maxx,1,True,True,0.2566875526972083,1.359895681968246,1,True,True,0.39028501918916453,0.9408779883424436,8,8,/mnt/tenn-nvme2/tenn/offloaded-home/l4nd0/greyhound-autonomous-accuracy-odds-v1-20260610/artifacts/full_evidence_orchestration_20260525/daily_race_ingest_shadow_20260612T204711+1000_daemon_autopilot/shadow_predictions.jsonl,0.2566875526972083
Race 8 - WAR - 2026-06-11,2026-06-11,WAR,8,8,1,Aston Policy,3,False,True,0.07354020118529354,2.6099230673867058,6,False,False,0.03925885925667878,3.2375781466772335,8,4,/mnt/tenn-nvme2/tenn/offloaded-home/l4nd0/greyhound-autonomous-accuracy-odds-v1-20260610/artifacts/full_evidence_orchestration_20260525/daily_race_ingest_shadow_20260611T190116+1000_daemon_autopilot/shadow_predictions.jsonl,0.07354020118529354
Race 8 - WAR - 2026-06-15,2026-06-15,WAR,8,6,4,Black Tycoon,6,False,False,0.042030955749874796,3.1693488905169027,2,False,True,0.198681013859874,1.616054685776976,1,3,/mnt/tenn-nvme2/tenn/offloaded-home/l4nd0/greyhound-autonomous-accuracy-odds-v1-20260610/artifacts/full_evidence_orchestration_20260525/daily_race_ingest_shadow_20260615T154711+1000_daemon_autopilot/shadow_predictions.jsonl,0.0420309557498748
Race 8 - WPK - 2026-06-11,2026-06-11,WPK,8,6,7,Wyndra All Heart,4,False,False,0.12054851584955265,2.1157029859234635,1,True,True,0.4842890921003903,0.7250732528487145,1,7,/mnt/tenn-nvme2/tenn/offloaded-home/l4nd0/greyhound-autonomous-accuracy-odds-v1-20260610/artifacts/full_evidence_orchestration_20260525/daily_race_ingest_shadow_20260611T211626+1000_daemon_autopilot/shadow_predictions.jsonl,0.12054851584955267
Race 9 - AP_K - 2026-06-11,2026-06-11,AP_K,9,4,7,Lil Rex,1,True,True,0.6815586962532371,0.3833729035231934,1,True,True,0.616624685138539,0.48349473004901955,7,7,/mnt/tenn-nvme2/tenn/offloaded-home/l4nd0/greyhound-autonomous-accuracy-odds-v1-20260610/artifacts/full_evidence_orchestration_20260525/daily_race_ingest_shadow_20260611T212656+1000_daemon_autopilot/shadow_predictions.jsonl,0.681558696253237
Race 9 - AP_K - 2026-06-16,2026-06-16,AP_K,9,6,8,Spare,1,True,True,0.425290864787241,0.8549819564095233,3,False,True,0.14120439038860869,1.957546861002641,8,1,/mnt/tenn-nvme2/tenn/offloaded-home/l4nd0/greyhound-autonomous-accuracy-odds-v1-20260610/artifacts/full_evidence_orchestration_20260525/daily_race_ingest_shadow_20260616T143211+1000_daemon_autopilot/shadow_predictions.jsonl,0.425290864787241
Race 9 - BEN - 2026-06-10,2026-06-10,BEN,9,6,7,Gray Grouper,3,False,True,0.16955806717978888,1.774559831596706,2,False,True,0.16142142061148157,1.8237368144092263,2,3,/mnt/tenn-nvme2/tenn/offloaded-home/l4nd0/greyhound-autonomous-accuracy-odds-v1-20260610/artifacts/full_evidence_orchestration_20260525/daily_race_ingest_shadow_20260610T165000_daemon_autonomous_stage2_daemon_autopilot/shadow_predictions.jsonl,0.16955806717978888
Race 9 - BEN - 2026-06-12,2026-06-12,BEN,9,8,3,Bernardos Queen,5,False,False,0.10791615031881316,2.22640073933848,3,False,True,0.1460362286013553,1.9239005469505395,1,5,/mnt/tenn-nvme2/tenn/offloaded-home/l4nd0/greyhound-autonomous-accuracy-odds-v1-20260610/artifacts/full_evidence_orchestration_20260525/daily_race_ingest_shadow_20260612T210211+1000_daemon_autopilot/shadow_predictions.jsonl,0.10791615031881319
Race 9 - CASO - 2026-06-11,2026-06-11,CASO,9,8,4,Lilly Dutton,6,False,False,0.059345122430214226,2.824385344450871,2,False,True,0.1895795953737737,1.6629463142892287,1,8,/mnt/tenn-nvme2/tenn/offloaded-home/l4nd0/greyhound-autonomous-accuracy-odds-v1-20260610/artifacts/full_evidence_orchestration_20260525/daily_race_ingest_shadow_20260611T172816+1000_daemon_autopilot/shadow_predictions.jsonl,0.059345122430214226
Race 9 - GEE - 2026-06-12,2026-06-12,GEE,9,8,5,Absolute Rupee,8,False,False,0.06105725659243872,2.795943222386073,3,False,True,0.1311627827373504,2.0313161108740103,1,1,/mnt/tenn-nvme2/tenn/offloaded-home/l4nd0/greyhound-autonomous-accuracy-odds-v1-20260610/artifacts/full_evidence_orchestration_20260525/daily_race_ingest_shadow_20260612T171239+1000_daemon_autopilot/shadow_predictions.jsonl,0.061057256592438706
Race 9 - GEE - 2026-06-13,2026-06-13,GEE,9,7,2,Power Affect,1,True,True,0.35871695233815953,1.0252216350695365,1,True,True,0.36116190945728255,1.0184289185447555,2,2,/mnt/tenn-nvme2/tenn/offloaded-home/l4nd0/greyhound-autonomous-accuracy-odds-v1-20260610/artifacts/full_evidence_orchestration_20260525/daily_race_ingest_shadow_20260613T190200+1000_daemon_autopilot/shadow_predictions.jsonl,0.35871695233815953
Race 9 - GEE - 2026-06-16,2026-06-16,GEE,9,6,3,Crackerjack Gus,3,False,True,0.16253197854721446,1.816880505513384,1,True,True,0.5555298365816397,0.587832960126775,2,3,/mnt/tenn-nvme2/tenn/offloaded-home/l4nd0/greyhound-autonomous-accuracy-odds-v1-20260610/artifacts/full_evidence_orchestration_20260525/daily_race_ingest_shadow_20260616T170209+1000_daemon_autopilot/shadow_predictions.jsonl,0.16253197854721443
Race 9 - GOULBURN - 2026-06-19,2026-06-19,GOULBURN,9,6,2,Jet Linkin,1,True,True,0.39317291885165234,0.9335057668052096,2,False,True,0.1951395790044268,1.6340401867074132,2,5,/mnt/tenn-nvme2/tenn/offloaded-home/l4nd0/greyhound-autonomous-accuracy-odds-v1-20260610/artifacts/full_evidence_orchestration_20260525/daily_race_ingest_shadow_20260619T150200+1000_daemon_autopilot/shadow_predictions.jsonl,0.39317291885165234
Race 9 - GRDN - 2026-06-12,2026-06-12,GRDN,9,8,8,Zipping Gressier,3,False,True,0.1480105596734243,1.9104716586184924,1,True,True,0.4141752225696739,0.8814661517769261,1,8,/mnt/tenn-nvme2/tenn/offloaded-home/l4nd0/greyhound-autonomous-accuracy-odds-v1-20260610/artifacts/full_evidence_orchestration_20260525/daily_race_ingest_shadow_20260612T171239+1000_daemon_autopilot/shadow_predictions.jsonl,0.1480105596734243
Race 9 - HEA - 2026-06-12,2026-06-12,HEA,9,7,5,Ezard Dash,5,False,False,0.07789668392223358,2.5523718954038745,7,False,False,0.013687266694317713,4.291289316714691,1,2,/mnt/tenn-nvme2/tenn/offloaded-home/l4nd0/greyhound-autonomous-accuracy-odds-v1-20260610/artifacts/full_evidence_orchestration_20260525/daily_race_ingest_shadow_20260612T130211+1000_daemon_autopilot/shadow_predictions.jsonl,0.07789668392223356
Race 9 - HEA - 2026-06-14,2026-06-14,HEA,9,8,5,Daring Bandit,5,False,False,0.0966638764672047,2.3365155092186694,1,True,True,0.49787081691835233,0.6974146393868728,8,5,/mnt/tenn-nvme2/tenn/offloaded-home/l4nd0/greyhound-autonomous-accuracy-odds-v1-20260610/artifacts/full_evidence_orchestration_20260525/daily_race_ingest_shadow_20260614T130211+1000_daemon_autopilot/shadow_predictions.jsonl,0.0966638764672047
Race 9 - HEA - 2026-06-16,2026-06-16,HEA,9,8,8,Be A Cowboy,3,False,True,0.157693989405784,1.8470988998436018,1,True,True,0.5092700572744014,0.6747768387413489,3,8,/mnt/tenn-nvme2/tenn/offloaded-home/l4nd0/greyhound-autonomous-accuracy-odds-v1-20260610/artifacts/full_evidence_orchestration_20260525/daily_race_ingest_shadow_20260616T131711+1000_daemon_autopilot/shadow_predictions.jsonl,0.157693989405784
Race 9 - HEA - 2026-06-19,2026-06-19,HEA,9,8,5,Zawadi,8,False,False,0.028640998445231054,3.5529160755828624,5,False,False,0.08786835516796189,2.431915548575706,3,4,/mnt/tenn-nvme2/tenn/offloaded-home/l4nd0/greyhound-autonomous-accuracy-odds-v1-20260610/artifacts/full_evidence_orchestration_20260525/daily_race_ingest_shadow_20260619T130207+1000_daemon_autopilot/shadow_predictions.jsonl,0.028640998445231054
Race 9 - HEA - 2026-06-21,2026-06-21,HEA,9,7,2,Quest For Style,7,False,False,0.09962060632650781,2.306386244962149,3,False,True,0.15382841790805382,1.8719174671449064,3,7,/mnt/tenn-nvme2/tenn/offloaded-home/l4nd0/greyhound-autonomous-accuracy-odds-v1-20260610/artifacts/full_evidence_orchestration_20260525/daily_race_ingest_shadow_20260621T124710+1000_daemon_autopilot/shadow_predictions.jsonl,0.09962060632650784
Race 9 - HOBT - 2026-06-11,2026-06-11,HOBT,9,8,2,Heartbreak Kid,1,True,True,0.3406450906023177,1.0769141337191879,1,True,True,0.4622578418399953,0.771632444359079,2,2,/mnt/tenn-nvme2/tenn/offloaded-home/l4nd0/greyhound-autonomous-accuracy-odds-v1-20260610/artifacts/full_evidence_orchestration_20260525/daily_race_ingest_shadow_20260611T211626+1000_daemon_autopilot/shadow_predictions.jsonl,0.3406450906023177
Race 9 - HOBT - 2026-06-16,2026-06-16,HOBT,9,8,4,Juneau Rest,6,False,False,0.0465659334628443,3.0668860467615895,2,False,True,0.24676415922008396,1.3993222194573962,1,2,/mnt/tenn-nvme2/tenn/offloaded-home/l4nd0/greyhound-autonomous-accuracy-odds-v1-20260610/artifacts/full_evidence_orchestration_20260525/daily_race_ingest_shadow_20260616T134711+1000_daemon_autopilot/shadow_predictions.jsonl,0.0465659334628443
Race 9 - LADBROKES-Q1-LAKESIDE - 2026-06-12,2026-06-12,LADBROKES-Q1-LAKESIDE,9,7,1,Tuta Pebbles,1,True,True,0.3290497912961898,1.1115461983419035,5,False,False,0.04336364125464034,3.1381339481017245,1,3,/mnt/tenn-nvme2/tenn/offloaded-home/l4nd0/greyhound-autonomous-accuracy-odds-v1-20260610/artifacts/full_evidence_orchestration_20260525/daily_race_ingest_shadow_20260612T171239+1000_daemon_autopilot/shadow_predictions.jsonl,0.32904979129618983
Race 9 - LADBROKES-Q1-LAKESIDE - 2026-06-16,2026-06-16,LADBROKES-Q1-LAKESIDE,9,8,2,Redman Johnny,3,False,True,0.21099621132064686,1.5559151014935966,2,False,True,0.1849709087929198,1.6875567160368543,7,3,/mnt/tenn-nvme2/tenn/offloaded-home/l4nd0/greyhound-autonomous-accuracy-odds-v1-20260610/artifacts/full_evidence_orchestration_20260525/daily_race_ingest_shadow_20260616T170209+1000_daemon_autopilot/shadow_predictions.jsonl,0.21099621132064691
Race 9 - MAND - 2026-06-11,2026-06-11,MAND,9,8,1,Quest For Steps,3,False,True,0.10538726423916911,2.2501134828211815,1,True,True,0.45970881275403136,0.7771620056901651,4,1,/mnt/tenn-nvme2/tenn/offloaded-home/l4nd0/greyhound-autonomous-accuracy-odds-v1-20260610/artifacts/full_evidence_orchestration_20260525/daily_race_ingest_shadow_20260611T214517+1000_daemon_autopilot/shadow_predictions.jsonl,0.10538726423916914
Race 9 - MAND - 2026-06-12,2026-06-12,MAND,9,7,5,Sunset Chromium,5,False,False,0.07280032396125165,2.6200348737722052,1,True,True,0.46394605197234917,0.76798700081642,1,5,/mnt/tenn-nvme2/tenn/offloaded-home/l4nd0/greyhound-autonomous-accuracy-odds-v1-20260610/artifacts/full_evidence_orchestration_20260525/daily_race_ingest_shadow_20260612T224711+1000_daemon_autopilot/shadow_predictions.jsonl,0.07280032396125163
Race 9 - MEADOWS - 2026-06-13,2026-06-13,MEADOWS,9,8,4,Paw Ortiz,8,False,False,0.061778046080817384,2.784207219042391,3,False,True,0.10862307801573703,2.219871389309278,1,1,/mnt/tenn-nvme2/tenn/offloaded-home/l4nd0/greyhound-autonomous-accuracy-odds-v1-20260610/artifacts/full_evidence_orchestration_20260525/daily_race_ingest_shadow_20260613T204128+1000_daemon_autopilot/shadow_predictions.jsonl,0.061778046080817384
Race 9 - MOUNT - 2026-06-14,2026-06-14,MOUNT,9,6,8,Canya Feel It,3,False,True,0.22375036396101966,1.4972242951870667,1,True,True,0.5904712763046208,0.5268342875343988,2,8,/mnt/tenn-nvme2/tenn/offloaded-home/l4nd0/greyhound-autonomous-accuracy-odds-v1-20260610/artifacts/full_evidence_orchestration_20260525/daily_race_ingest_shadow_20260614T141700+1000_daemon_autopilot/shadow_predictions.jsonl,0.22375036396101966
Race 9 - MURR - 2026-06-12,2026-06-12,MURR,9,4,3,Terrific Nero,3,False,True,0.20424746768696986,1.5884229434242927,1,True,True,0.5006920744657478,0.6917639886795496,1,3,/mnt/tenn-nvme2/tenn/offloaded-home/l4nd0/greyhound-autonomous-accuracy-odds-v1-20260610/artifacts/full_evidence_orchestration_20260525/daily_race_ingest_shadow_20260612T174522+1000_daemon_autopilot/shadow_predictions.jsonl,0.20424746768696983
Race 9 - MURRAY-BRIDGE-STRAIGHT - 2026-06-17,2026-06-17,MURRAY-BRIDGE-STRAIGHT,9,4,8,Afire,1,True,True,0.38994422200839646,0.9417515705781419,3,False,True,0.08803875348716507,2.429978180907013,8,1,/mnt/tenn-nvme2/tenn/offloaded-home/l4nd0/greyhound-autonomous-accuracy-odds-v1-20260610/artifacts/full_evidence_orchestration_20260525/daily_race_ingest_shadow_20260617T133200+1000_daemon_autopilot/shadow_predictions.jsonl,0.38994422200839646
Race 9 - RICH - 2026-06-12,2026-06-12,RICH,9,7,1,Rogue Agent,5,False,False,0.07095831380321191,2.645662703901087,4,False,False,0.1328113240857679,2.018825773845051,3,4,/mnt/tenn-nvme2/tenn/offloaded-home/l4nd0/greyhound-autonomous-accuracy-odds-v1-20260610/artifacts/full_evidence_orchestration_20260525/daily_race_ingest_shadow_20260612T212243+1000_daemon_autopilot/shadow_predictions.jsonl,0.07095831380321191
Race 9 - RICHMOND-STRAIGHT - 2026-06-18,2026-06-18,RICHMOND-STRAIGHT,9,8,1,Kid Kermaro,3,False,True,0.1760133573698453,1.737195392676952,2,False,True,0.33191955192210126,1.1028626529159518,7,5,/mnt/tenn-nvme2/tenn/offloaded-home/l4nd0/greyhound-autonomous-accuracy-odds-v1-20260610/artifacts/full_evidence_orchestration_20260525/daily_race_ingest_shadow_20260618T141702+1000_daemon_autopilot/shadow_predictions.jsonl,0.1760133573698453
Race 9 - SAL - 2026-06-17,2026-06-17,SAL,9,6,2,Awe Peanut,1,True,True,0.28108887259913745,1.2690843870572304,5,False,False,0.07567567567567568,2.581298495463066,2,1,/mnt/tenn-nvme2/tenn/offloaded-home/l4nd0/greyhound-autonomous-accuracy-odds-v1-20260610/artifacts/full_evidence_orchestration_20260525/daily_race_ingest_shadow_20260617T133200+1000_daemon_autopilot/shadow_predictions.jsonl,0.2810888725991375
Race 9 - SAN - 2026-06-11,2026-06-11,SAN,9,8,1,Corban Yaxley,1,True,True,0.235291920066873,1.4469283226957306,1,True,True,0.4893647329427678,0.7146471923953016,1,1,/mnt/tenn-nvme2/tenn/offloaded-home/l4nd0/greyhound-autonomous-accuracy-odds-v1-20260610/artifacts/full_evidence_orchestration_20260525/daily_race_ingest_shadow_20260611T212656+1000_daemon_autopilot/shadow_predictions.jsonl,0.235291920066873
Race 9 - SHEPPARTON - 2026-06-15,2026-06-15,SHEPPARTON,9,8,8,Buck Shines,4,False,False,0.09949919765302825,2.3076056986387634,3,False,True,0.13357739184785034,2.0130742548950984,1,1,/mnt/tenn-nvme2/tenn/offloaded-home/l4nd0/greyhound-autonomous-accuracy-odds-v1-20260610/artifacts/full_evidence_orchestration_20260525/daily_race_ingest_shadow_20260615T114704+1000_daemon_autopilot/shadow_predictions.jsonl,0.09949919765302825
Race 9 - SHEPPARTON - 2026-06-18,2026-06-18,SHEPPARTON,9,7,7,Sir Trenton,3,False,True,0.1848801265941541,1.6880476282793677,3,False,True,0.1737839365770824,1.7499424951801452,8,2,/mnt/tenn-nvme2/tenn/offloaded-home/l4nd0/greyhound-autonomous-accuracy-odds-v1-20260610/artifacts/full_evidence_orchestration_20260525/daily_race_ingest_shadow_20260618T114700+1000_daemon_autopilot/shadow_predictions.jsonl,0.18488012659415407
Race 9 - TAREE - 2026-06-20,2026-06-20,TAREE,9,8,2,Swooping Season,2,False,True,0.18060520945303693,1.7114417931603574,1,True,True,0.42047339165261843,0.8663740794485087,6,2,/mnt/tenn-nvme2/tenn/offloaded-home/l4nd0/greyhound-autonomous-accuracy-odds-v1-20260610/artifacts/full_evidence_orchestration_20260525/daily_race_ingest_shadow_20260620T091711+1000_daemon_autopilot/shadow_predictions.jsonl,0.18060520945303693
Race 9 - TOWNSVILLE - 2026-06-19,2026-06-19,TOWNSVILLE,9,8,5,Packham Rose,6,False,False,0.0838181808595704,2.4791053396607095,4,False,False,0.09254316024528379,2.380080146040092,6,1,/mnt/tenn-nvme2/tenn/offloaded-home/l4nd0/greyhound-autonomous-accuracy-odds-v1-20260610/artifacts/full_evidence_orchestration_20260525/daily_race_ingest_shadow_20260619T143207+1000_daemon_autopilot/shadow_predictions.jsonl,0.0838181808595704
Race 9 - TRA - 2026-06-12,2026-06-12,TRA,9,8,3,Paw Vada,8,False,False,0.04852826392223265,3.0256088894949666,8,False,False,0.02789878126376584,3.579172273411216,1,7,/mnt/tenn-nvme2/tenn/offloaded-home/l4nd0/greyhound-autonomous-accuracy-odds-v1-20260610/artifacts/full_evidence_orchestration_20260525/daily_race_ingest_shadow_20260612T212243+1000_daemon_autopilot/shadow_predictions.jsonl,0.04852826392223265
Race 9 - WAGGA - 2026-06-12,2026-06-12,WAGGA,9,8,5,Ray Of Eve,7,False,False,0.06945798989217034,2.6670331711553477,5,False,False,0.044501048846269105,3.1122425205086195,1,1,/mnt/tenn-nvme2/tenn/offloaded-home/l4nd0/greyhound-autonomous-accuracy-odds-v1-20260610/artifacts/full_evidence_orchestration_20260525/daily_race_ingest_shadow_20260612T210211+1000_daemon_autopilot/shadow_predictions.jsonl,0.06945798989217032
Race 9 - WAR - 2026-06-15,2026-06-15,WAR,9,6,7,Hartland Buddy,3,False,True,0.1647700859637627,1.8032041951931863,2,False,True,0.14089027177594332,1.9597739059249637,1,1,/mnt/tenn-nvme2/tenn/offloaded-home/l4nd0/greyhound-autonomous-accuracy-odds-v1-20260610/artifacts/full_evidence_orchestration_20260525/daily_race_ingest_shadow_20260615T163200+1000_daemon_autopilot/shadow_predictions.jsonl,0.1647700859637627
Race 9 - WPK - 2026-06-11,2026-06-11,WPK,9,8,8,Zipping Chicago,2,False,True,0.16629417535743385,1.793996918306841,4,False,False,0.10031232776042623,2.299466682689295,1,7,/mnt/tenn-nvme2/tenn/offloaded-home/l4nd0/greyhound-autonomous-accuracy-odds-v1-20260610/artifacts/full_evidence_orchestration_20260525/daily_race_ingest_shadow_20260611T214517+1000_daemon_autopilot/shadow_predictions.jsonl,0.16629417535743382
